artist_id,artist_name,album_id,album_title,release_date,nb_tracks,cover,link
4050205,The Weeknd,705649321,Hurry Up Tomorrow,2025-01-31,0,https://cdn-images.dzcdn.net/images/cover/07d837e8865ce86684a86fb79ccece96/250x250-000000-80-0-0.jpg,https://www.deezer.com/album/705649321
4050205,The Weeknd,411519667,Live At SoFi Stadium,2023-03-04,0,https://cdn-images.dzcdn.net/images/cover/17bf5f732c2943ad4cb2bf3778b806cc/250x250-000000-80-0-0.jpg,https://www.deezer.com/album/411519667
4050205,The Weeknd,285758422,Dawn FM,2022-01-07,0,https://cdn-images.dzcdn.net/images/cover/478a544d29275755b3b8f7b4a1fd7a3c/250x250-000000-80-0-0.jpg,https://www.deezer.com/album/285758422
4050205,The Weeknd,349788647,Dawn FM (Alternate World),2022-08-26,0,https://cdn-images.dzcdn.net/images/cover/f5d3f860ea2542b6a99d13de7ccb4d47/250x250-000000-80-0-0.jpg,https://www.deezer.com/album/349788647
4050205,The Weeknd,203644252,The Highlights,2021-02-05,0,https://cdn-images.dzcdn.net/images/cover/7c5999407b612875c906d7ded6358664/250x250-000000-80-0-0.jpg,https://www.deezer.com/album/203644252
4050205,The Weeknd,545532392,The Highlights (Deluxe),2024-02-09,0,https://cdn-images.dzcdn.net/images/cover/fa03b7db1bf54e6672adb21e07759429/250x250-000000-80-0-0.jpg,https://www.deezer.com/album/545532392
4050205,The Weeknd,137272602,After Hours,2020-03-20,0,https://cdn-images.dzcdn.net/images/cover/f520bf0be2e3cfc476824e75d20a164a/250x250-000000-80-0-0.jpg,https://www.deezer.com/album/137272602
4050205,The Weeknd,139881992,After Hours (Deluxe),2020-04-03,0,https://cdn-images.dzcdn.net/images/cover/b5d7b0054e47ae579716bc251c4b08ae/250x250-000000-80-0-0.jpg,https://www.deezer.com/album/139881992
4050205,The Weeknd,304182267,After Hours (Deluxe),2022-03-21,0,https://cdn-images.dzcdn.net/images/cover/b5d7b0054e47ae579716bc251c4b08ae/250x250-000000-80-0-0.jpg,https://www.deezer.com/album/304182267
4050205,The Weeknd,417097317,Starboy (Deluxe),2023-03-14,0,https://cdn-images.dzcdn.net/images/cover/81bd09c29b309917c80adb1a1ac8eabb/250x250-000000-80-0-0.jpg,https://www.deezer.com/album/417097317
4050205,The Weeknd,14652356,Starboy,2016-11-25,0,https://cdn-images.dzcdn.net/images/cover/134778e4c4f19ea71c82408300925a9a/250x250-000000-80-0-0.jpg,https://www.deezer.com/album/14652356
4050205,The Weeknd,11107272,Beauty Behind The Madness,2015-08-28,0,https://cdn-images.dzcdn.net/images/cover/eea9f7fc913300e40307a0ff70dc73cf/250x250-000000-80-0-0.jpg,https://www.deezer.com/album/11107272
4050205,The Weeknd,6875949,Kiss Land (Deluxe),2013-01-01,0,https://cdn-images.dzcdn.net/images/cover/eef8d36d68b2016c3ec43d41e8c4d5f6/250x250-000000-80-0-0.jpg,https://www.deezer.com/album/6875949
4050205,The Weeknd,6884969,Kiss Land,2013-01-01,0,https://cdn-images.dzcdn.net/images/cover/922d6979a91ce20e45e65c860b8eca45/250x250-000000-80-0-0.jpg,https://www.deezer.com/album/6884969
4050205,The Weeknd,6086515,Trilogy,2012-11-13,0,https://cdn-images.dzcdn.net/images/cover/0f834188957ef50cb73c9db3115a7827/250x250-000000-80-0-0.jpg,https://www.deezer.com/album/6086515
4050205,The Weeknd,280120652,Echoes Of Silence (Original),2021-12-21,0,https://cdn-images.dzcdn.net/images/cover/f115e1aaebba0dd82bb46eeb8f2f6c11/250x250-000000-80-0-0.jpg,https://www.deezer.com/album/280120652
4050205,The Weeknd,250970932,Thursday (Original),2021-08-18,0,https://cdn-images.dzcdn.net/images/cover/ef5abb0ea84232ad1bfd99f6eca0a100/250x250-000000-80-0-0.jpg,https://www.deezer.com/album/250970932
4050205,The Weeknd,215604342,House Of Balloons (Original),2021-03-21,0,https://cdn-images.dzcdn.net/images/cover/912594cc88625ecbeeb6fce8ee178a74/250x250-000000-80-0-0.jpg,https://www.deezer.com/album/215604342
4050205,The Weeknd,520798262,One of the Girls,2023-12-08,0,https://cdn-images.dzcdn.net/images/cover/f940d321a0b83cf7a5c2ec42391d05f0/250x250-000000-80-0-0.jpg,https://www.deezer.com/album/520798262
4050205,The Weeknd,468219065,K-POP (Chopped & Screwed),2023-07-18,0,https://cdn-images.dzcdn.net/images/cover/8645c35e38013043d95a7dc7aaa6e602/250x250-000000-80-0-0.jpg,https://www.deezer.com/album/468219065
4050205,The Weeknd,458731745,The Idol Episode 5 Part 1 (Music from the HBO Original Series),2023-06-30,0,https://cdn-images.dzcdn.net/images/cover/dd10e0abebad097728506be1218920ca/250x250-000000-80-0-0.jpg,https://www.deezer.com/album/458731745
4050205,The Weeknd,456489535,The Idol Episode 4 (Music from the HBO Original Series),2023-06-23,0,https://cdn-images.dzcdn.net/images/cover/cf979d162bdd9430a742be2ba588c7f6/250x250-000000-80-0-0.jpg,https://www.deezer.com/album/456489535
4050205,The Weeknd,454323115,The Idol Episode 3,2023-06-19,0,https://cdn-images.dzcdn.net/images/cover/c7289a741f76e191aa80de7a9ed5cfa0/250x250-000000-80-0-0.jpg,https://www.deezer.com/album/454323115
4050205,The Weeknd,454329995,The Idol Episode 3 (Music from the HBO Original Series),2023-06-19,0,https://cdn-images.dzcdn.net/images/cover/f983f083faa1024bb548e80dca9f9451/250x250-000000-80-0-0.jpg,https://www.deezer.com/album/454329995
4050205,The Weeknd,451667025,The Idol Episode 2 (Music from the HBO Original Series),2023-06-12,0,https://cdn-images.dzcdn.net/images/cover/4d180e26a7bed7eda6832ffcfdfa5c29/250x250-000000-80-0-0.jpg,https://www.deezer.com/album/451667025
4050205,The Weeknd,451233545,The Idol Episode 1 (Music from the HBO Original Series),2023-06-09,0,https://cdn-images.dzcdn.net/images/cover/ba51a7916b975521090a846e04313933/250x250-000000-80-0-0.jpg,https://www.deezer.com/album/451233545
4050205,The Weeknd,538639272,Popular,2024-01-26,0,https://cdn-images.dzcdn.net/images/cover/9ca27a2716e52eb6f01af4b48e4f7d86/250x250-000000-80-0-0.jpg,https://www.deezer.com/album/538639272
4050205,The Weeknd,312459987,Out Of Time (Remix Bundle),2022-04-22,0,https://cdn-images.dzcdn.net/images/cover/5c6494dbd3b4312aa56c5cb02bd15f92/250x250-000000-80-0-0.jpg,https://www.deezer.com/album/312459987
4050205,The Weeknd,139556462,After Hours (Remixes),2020-04-03,0,https://cdn-images.dzcdn.net/images/cover/4cc5d425d95bbe8926496ce396f5633e/250x250-000000-80-0-0.jpg,https://www.deezer.com/album/139556462
4050205,The Weeknd,139557992,After Hours (Remixes),2020-04-03,0,https://cdn-images.dzcdn.net/images/cover/2d969fb137647d0fca58a6e078bcf0be/250x250-000000-80-0-0.jpg,https://www.deezer.com/album/139557992
4050205,The Weeknd,95829942,"My Dear Melancholy,",2019-05-10,0,https://cdn-images.dzcdn.net/images/cover/57792c20d4bc39849786a9e235fe60e5/250x250-000000-80-0-0.jpg,https://www.deezer.com/album/95829942
4050205,The Weeknd,752580691,Timeless (Remix),2025-05-09,0,https://cdn-images.dzcdn.net/images/cover/5372b3f79ee7230a4054d0b1084bc0f6/250x250-000000-80-0-0.jpg,https://www.deezer.com/album/752580691
4050205,The Weeknd,707950441,Wake Me Up (Single Version),2025-02-05,0,https://cdn-images.dzcdn.net/images/cover/ab95bb7a7fc93d20149b44b08e3954be/250x250-000000-80-0-0.jpg,https://www.deezer.com/album/707950441
4050205,The Weeknd,707952501,Enjoy The Show (Single Version),2025-02-05,0,https://cdn-images.dzcdn.net/images/cover/07d837e8865ce86684a86fb79ccece96/250x250-000000-80-0-0.jpg,https://www.deezer.com/album/707952501
4050205,The Weeknd,708260611,Open Hearts (Single Version),2025-02-05,0,https://cdn-images.dzcdn.net/images/cover/ab95bb7a7fc93d20149b44b08e3954be/250x250-000000-80-0-0.jpg,https://www.deezer.com/album/708260611
4050205,The Weeknd,821909731,São Paulo,2025-09-19,0,https://cdn-images.dzcdn.net/images/cover/e991ec2d52609a6b804d27b253a8f611/250x250-000000-80-0-0.jpg,https://www.deezer.com/album/821909731
4050205,The Weeknd,643615811,Dancing In The Flames,2024-09-16,0,https://cdn-images.dzcdn.net/images/cover/6854a01c51b451bb836cf62afd75c0f2/250x250-000000-80-0-0.jpg,https://www.deezer.com/album/643615811
4050205,The Weeknd,643030881,Dancing In The Flames (Live from São Paulo),2024-09-14,0,https://cdn-images.dzcdn.net/images/cover/13a113dd12e95705b1727d70392a1277/250x250-000000-80-0-0.jpg,https://www.deezer.com/album/643030881
4050205,The Weeknd,498553881,Another One Of Me (feat. 21 Savage),2023-09-15,0,https://cdn-images.dzcdn.net/images/cover/71c2054a78e7719ed1353b2df8e65d6b/250x250-000000-80-0-0.jpg,https://www.deezer.com/album/498553881
4050205,The Weeknd,466779565,K-POP,2023-07-21,0,https://cdn-images.dzcdn.net/images/cover/49dd2965ab5ecaeb65061bc21d17075b/250x250-000000-80-0-0.jpg,https://www.deezer.com/album/466779565
4050205,The Weeknd,466779585,K-POP,2023-07-19,0,https://cdn-images.dzcdn.net/images/cover/ce47a0c05d2fadd557dc0ba2ccdbf46f/250x250-000000-80-0-0.jpg,https://www.deezer.com/album/466779585
4050205,The Weeknd,459601145,The Idol Episode 5 Part 2 (Music from the HBO Original Series),2023-07-03,0,https://cdn-images.dzcdn.net/images/cover/c0ff3026bb14e982dfa277fd29268532/250x250-000000-80-0-0.jpg,https://www.deezer.com/album/459601145
4050205,The Weeknd,451561125,Popular (Music from the HBO Original Series),2023-06-10,0,https://cdn-images.dzcdn.net/images/cover/9ca27a2716e52eb6f01af4b48e4f7d86/250x250-000000-80-0-0.jpg,https://www.deezer.com/album/451561125
4050205,The Weeknd,432293187,Double Fantasy,2023-04-21,0,https://cdn-images.dzcdn.net/images/cover/19a2ce39cabd8852a530365dabb2d9a7/250x250-000000-80-0-0.jpg,https://www.deezer.com/album/432293187
4050205,The Weeknd,416045017,Creepin' (Remix),2023-03-17,0,https://cdn-images.dzcdn.net/images/cover/69f09888bc4e73891d34ac8277ec551b/250x250-000000-80-0-0.jpg,https://www.deezer.com/album/416045017
4050205,The Weeknd,411132237,Die For You (Remix),2023-02-24,0,https://cdn-images.dzcdn.net/images/cover/0db788703d94ee38e59f238965646406/250x250-000000-80-0-0.jpg,https://www.deezer.com/album/411132237
4050205,The Weeknd,411466617,Die For You,2023-02-27,0,https://cdn-images.dzcdn.net/images/cover/0db788703d94ee38e59f238965646406/250x250-000000-80-0-0.jpg,https://www.deezer.com/album/411466617
4050205,The Weeknd,342410187,Best Friends (Remix),2022-08-05,0,https://cdn-images.dzcdn.net/images/cover/2fc1e61f1f6b8d2c813a76f62070309e/250x250-000000-80-0-0.jpg,https://www.deezer.com/album/342410187
4050205,The Weeknd,337868077,How Do I Make You Love Me? (Sebastian Ingrosso & Salvatore Ganacci Remix),2022-07-22,0,https://cdn-images.dzcdn.net/images/cover/0d2e46dbf1425c2edadf2e83346d7017/250x250-000000-80-0-0.jpg,https://www.deezer.com/album/337868077
4050205,The Weeknd,333902697,Dawn FM (OPN Remix),2022-07-08,0,https://cdn-images.dzcdn.net/images/cover/f179761e4e36197977a8064640e2b176/250x250-000000-80-0-0.jpg,https://www.deezer.com/album/333902697
4050205,The Weeknd,331956047,Starry Eyes (MIKE DEAN Remix),2022-07-01,0,https://cdn-images.dzcdn.net/images/cover/7e9d4f648a3cd5fd3ad774b666db8b9d/250x250-000000-80-0-0.jpg,https://www.deezer.com/album/331956047
4050205,The Weeknd,326543687,Moth To A Flame (Moojo Remix),2022-06-17,0,https://cdn-images.dzcdn.net/images/cover/4f7b78f456e1cb2bdb5cd5f9f9892077/250x250-000000-80-0-0.jpg,https://www.deezer.com/album/326543687
4050205,The Weeknd,295127142,Moth To A Flame (Tourist Remix),2022-02-18,0,https://cdn-images.dzcdn.net/images/cover/632d40f4e3ce20d7f407fb67937fe0d9/250x250-000000-80-0-0.jpg,https://www.deezer.com/album/295127142
4050205,The Weeknd,291202302,Moth To A Flame (Chris Lake Remix),2022-02-04,0,https://cdn-images.dzcdn.net/images/cover/632d40f4e3ce20d7f407fb67937fe0d9/250x250-000000-80-0-0.jpg,https://www.deezer.com/album/291202302
4050205,The Weeknd,283185642,Moth To A Flame (Extended Mix),2022-01-03,0,https://cdn-images.dzcdn.net/images/cover/632d40f4e3ce20d7f407fb67937fe0d9/250x250-000000-80-0-0.jpg,https://www.deezer.com/album/283185642
4050205,The Weeknd,270644492,One Right Now,2021-11-05,0,https://cdn-images.dzcdn.net/images/cover/0600e1773adca197ea17f23d96bb87a7/250x250-000000-80-0-0.jpg,https://www.deezer.com/album/270644492
4050205,The Weeknd,261029912,Hurricane,2021-09-24,0,https://cdn-images.dzcdn.net/images/cover/330da8bf0a57b47c2078db2d3761dc5e/250x250-000000-80-0-0.jpg,https://www.deezer.com/album/261029912
4050205,The Weeknd,249950322,Take My Breath,2021-08-06,0,https://cdn-images.dzcdn.net/images/cover/198af52fb6801a5881180232cb649f61/250x250-000000-80-0-0.jpg,https://www.deezer.com/album/249950322
4050205,The Weeknd,250635932,Take My Breath,2021-08-10,0,https://cdn-images.dzcdn.net/images/cover/92821a8b477df4fb7a22be75f82a423f/250x250-000000-80-0-0.jpg,https://www.deezer.com/album/250635932
4050205,The Weeknd,244830502,Better Believe,2021-07-22,0,https://cdn-images.dzcdn.net/images/cover/7938bc5e479949f904bf20cf4696e46b/250x250-000000-80-0-0.jpg,https://www.deezer.com/album/244830502
4050205,The Weeknd,225079122,Save Your Tears (Remix),2021-04-23,0,https://cdn-images.dzcdn.net/images/cover/4acc3760e12996fe21a77115fc67760b/250x250-000000-80-0-0.jpg,https://www.deezer.com/album/225079122
4050205,The Weeknd,190172832,Blinding Lights (Remix),2020-12-04,0,https://cdn-images.dzcdn.net/images/cover/555be3736048d8370077be6e4cb6a369/250x250-000000-80-0-0.jpg,https://www.deezer.com/album/190172832
4050205,The Weeknd,183615722,Hawái,2020-11-05,0,https://cdn-images.dzcdn.net/images/cover/50bb297ceb0e0560286a3ba6c5967195/250x250-000000-80-0-0.jpg,https://www.deezer.com/album/183615722
4050205,The Weeknd,178481462,In Your Eyes (Remix),2020-10-16,0,https://cdn-images.dzcdn.net/images/cover/a4e11b615ba035afadfb93024ba3f817/250x250-000000-80-0-0.jpg,https://www.deezer.com/album/178481462
4050205,The Weeknd,175661702,King Of The Fall,2020-09-25,0,https://cdn-images.dzcdn.net/images/cover/b6acfd006c9535bb0bb8ce5a8e279e88/250x250-000000-80-0-0.jpg,https://www.deezer.com/album/175661702
4050205,The Weeknd,169006562,Over Now,2020-08-28,0,https://cdn-images.dzcdn.net/images/cover/53d79059e68bbd6d592c1549c838e14f/250x250-000000-80-0-0.jpg,https://www.deezer.com/album/169006562
4050205,The Weeknd,165354292,Smile,2020-08-07,0,https://cdn-images.dzcdn.net/images/cover/80bf3c09aee2a0952fd2ebb1bdf56426/250x250-000000-80-0-0.jpg,https://www.deezer.com/album/165354292
4050205,The Weeknd,149453142,In Your Eyes (Remix),2020-05-21,0,https://cdn-images.dzcdn.net/images/cover/8dfa8e3b50859439a0683c72e3c89120/250x250-000000-80-0-0.jpg,https://www.deezer.com/album/149453142
4050205,The Weeknd,141782082,Blinding Lights (Major Lazer Remix),2020-04-15,0,https://cdn-images.dzcdn.net/images/cover/b75aa1dd04af25dcbcbc71cc2f3e6398/250x250-000000-80-0-0.jpg,https://www.deezer.com/album/141782082
4050205,The Weeknd,172920142,Blinding Lights,2020-09-11,0,https://cdn-images.dzcdn.net/images/cover/cf22674710be326f668dfb27d5af9576/250x250-000000-80-0-0.jpg,https://www.deezer.com/album/172920142
4050205,The Weeknd,94070002,Power is Power,2019-04-18,0,https://cdn-images.dzcdn.net/images/cover/0879118ae0a60e54914102bfa1651348/250x250-000000-80-0-0.jpg,https://www.deezer.com/album/94070002
4050205,The Weeknd,56065772,Pray For Me,2018-02-02,0,https://cdn-images.dzcdn.net/images/cover/13869a0eae29bc107b9bf5f545c14095/250x250-000000-80-0-0.jpg,https://www.deezer.com/album/56065772
4050205,The Weeknd,45502571,Reminder (Remix),2017-08-01,0,https://cdn-images.dzcdn.net/images/cover/7f7656792829d39cc71c71d4905f3d7c/250x250-000000-80-0-0.jpg,https://www.deezer.com/album/45502571
4050205,The Weeknd,41816441,Starboy,2017-05-18,0,https://cdn-images.dzcdn.net/images/cover/823c671dc1f0b125eb6eb37994fc2de3/250x250-000000-80-0-0.jpg,https://www.deezer.com/album/41816441
4050205,The Weeknd,398674527,Die For You,2023-02-03,0,https://cdn-images.dzcdn.net/images/cover/c81e7eb5df1d04ce1c217a730b0abe06/250x250-000000-80-0-0.jpg,https://www.deezer.com/album/398674527
4050205,The Weeknd,14534014,Starboy (Kygo Remix),2016-11-11,0,https://cdn-images.dzcdn.net/images/cover/4c24d7dbf8b8925dfc83d5a394ab449d/250x250-000000-80-0-0.jpg,https://www.deezer.com/album/14534014
4050205,The Weeknd,12403006,The Hills (Daniel Ennis Remix),2015-12-15,0,https://cdn-images.dzcdn.net/images/cover/c78e29b88e75fafa70ebd755ada5b130/250x250-000000-80-0-0.jpg,https://www.deezer.com/album/12403006
4050205,The Weeknd,11603308,The Hills (RL Grime Remix),2015-11-06,0,https://cdn-images.dzcdn.net/images/cover/044153488466f95c599570a96751934d/250x250-000000-80-0-0.jpg,https://www.deezer.com/album/11603308
4050205,The Weeknd,11603466,Can't Feel My Face (Martin Garrix Remix),2015-11-06,0,https://cdn-images.dzcdn.net/images/cover/6f76c9f34139ca3d41a5a8defadca841/250x250-000000-80-0-0.jpg,https://www.deezer.com/album/11603466
4050205,The Weeknd,11400516,The Hills Remixes,2015-10-11,0,https://cdn-images.dzcdn.net/images/cover/0304cec3168da78793c959f1e5721601/250x250-000000-80-0-0.jpg,https://www.deezer.com/album/11400516
4050205,The Weeknd,14781077,Often (Kygo Remix),2015-04-07,0,https://cdn-images.dzcdn.net/images/cover/a39c1fcd96e18ff54d476dc84524e716/250x250-000000-80-0-0.jpg,https://www.deezer.com/album/14781077
4050205,The Weeknd,9421922,"Earned It (Fifty Shades Of Grey) (From The ""Fifty Shades Of Grey"" Soundtrack)",2014-12-23,0,https://cdn-images.dzcdn.net/images/cover/dbfea307a9af808bf4395b9d78820870/250x250-000000-80-0-0.jpg,https://www.deezer.com/album/9421922
4050205,The Weeknd,632987961,Love Me Harder,2024-08-27,0,https://cdn-images.dzcdn.net/images/cover/4617409baa1675ebb6a67a53e1ff7310/250x250-000000-80-0-0.jpg,https://www.deezer.com/album/632987961
4050205,The Weeknd,7889357,Wanderlust,2014-06-17,0,https://cdn-images.dzcdn.net/images/cover/264a1f1441ca6eb230cda633c66f703c/250x250-000000-80-0-0.jpg,https://www.deezer.com/album/7889357
4050205,The Weeknd,70197032,Wanderlust (Remixes),2018-08-10,0,https://cdn-images.dzcdn.net/images/cover/7a4cc1cb7265ac28eef601e218ef2c0c/250x250-000000-80-0-0.jpg,https://www.deezer.com/album/70197032
4050205,The Weeknd,5947970,Remember You (feat. The Weeknd),2012-09-25,0,https://cdn-images.dzcdn.net/images/cover/f0bc34371f9febd01890e4aaccb08ef2/250x250-000000-80-0-0.jpg,https://www.deezer.com/album/5947970
4803754,Dadju,546845232,HÉRITAGE,2024-02-16,0,https://cdn-images.dzcdn.net/images/cover/89cb140366926fa73fcc00309f44a7b8/250x250-000000-80-0-0.jpg,https://www.deezer.com/album/546845232
4803754,Dadju,550514972,HÉRITAGE,2024-02-20,0,https://cdn-images.dzcdn.net/images/cover/89cb140366926fa73fcc00309f44a7b8/250x250-000000-80-0-0.jpg,https://www.deezer.com/album/550514972
4803754,Dadju,580238711,HÉRITAGE,2024-05-02,0,https://cdn-images.dzcdn.net/images/cover/89cb140366926fa73fcc00309f44a7b8/250x250-000000-80-0-0.jpg,https://www.deezer.com/album/580238711
4803754,Dadju,713223841,HÉRITAGE : DERNIÈRE EMPREINTE,2025-02-21,0,https://cdn-images.dzcdn.net/images/cover/4f90cc6ed9a54c6778fb22fcd33d0072/250x250-000000-80-0-0.jpg,https://www.deezer.com/album/713223841
4803754,Dadju,492914841,Cullinan : La Gelée Royale,2023-09-28,0,https://cdn-images.dzcdn.net/images/cover/ba08c9e25ee1fcea15893d5e09706fcb/250x250-000000-80-0-0.jpg,https://www.deezer.com/album/492914841
4803754,Dadju,174182222,Poison Ou Antidote,2020-09-25,0,https://cdn-images.dzcdn.net/images/cover/046cf3983b563fea65147732eeb653c2/250x250-000000-80-0-0.jpg,https://www.deezer.com/album/174182222
4803754,Dadju,234054762,Poison ou Antidote (Miel Book Edition),2021-06-02,0,https://cdn-images.dzcdn.net/images/cover/bdda644ec4fca3d3c10425b7091fa74d/250x250-000000-80-0-0.jpg,https://www.deezer.com/album/234054762
4803754,Dadju,280925691,Poison ou Antidote (Miel Book Edition),2021-12-16,0,https://cdn-images.dzcdn.net/images/cover/bdda644ec4fca3d3c10425b7091fa74d/250x250-000000-80-0-0.jpg,https://www.deezer.com/album/280925691
4803754,Dadju,51831522,Gentleman 2.0,2017-11-25,0,https://cdn-images.dzcdn.net/images/cover/fb8bdd37b846a6249f59f0a9ab1d9b12/250x250-000000-80-0-0.jpg,https://www.deezer.com/album/51831522
4803754,Dadju,87792032,Gentleman 2.0 (Réédition),2019-02-20,0,https://cdn-images.dzcdn.net/images/cover/01dbf7979fdba6d83586d01ec07fa808/250x250-000000-80-0-0.jpg,https://www.deezer.com/album/87792032
4803754,Dadju,415965077,Cullinan : Gelée Royale (Partie 2),2023-03-16,0,https://cdn-images.dzcdn.net/images/cover/3b3e2bd6ec7570a4f215f9010e014214/250x250-000000-80-0-0.jpg,https://www.deezer.com/album/415965077
4803754,Dadju,628278871,Terminal 2F,2024-08-16,0,https://cdn-images.dzcdn.net/images/cover/3bd945598b6e575a69edd513f0657978/250x250-000000-80-0-0.jpg,https://www.deezer.com/album/628278871
4803754,Dadju,613776092,D&D,2024-07-19,0,https://cdn-images.dzcdn.net/images/cover/6ec6d98a7f6ed4de79cf3ceb7ec7b5e2/250x250-000000-80-0-0.jpg,https://www.deezer.com/album/613776092
4803754,Dadju,579582941,Longue Vie,2024-05-02,0,https://cdn-images.dzcdn.net/images/cover/7e4097cf1bd5ff54e04cd48728b1eff1/250x250-000000-80-0-0.jpg,https://www.deezer.com/album/579582941
4803754,Dadju,550824902,Deezer Sessions,2024-02-21,0,https://cdn-images.dzcdn.net/images/cover/7a6160c44a8f655c580f38776b68deff/250x250-000000-80-0-0.jpg,https://www.deezer.com/album/550824902
4803754,Dadju,550242042,Makila : Wablé (Version Acoustique),2024-02-20,0,https://cdn-images.dzcdn.net/images/cover/89cb140366926fa73fcc00309f44a7b8/250x250-000000-80-0-0.jpg,https://www.deezer.com/album/550242042
4803754,Dadju,519803372,I love you,2023-12-08,0,https://cdn-images.dzcdn.net/images/cover/0f5942f9c44d149a0213ca04f640d0a7/250x250-000000-80-0-0.jpg,https://www.deezer.com/album/519803372
4803754,Dadju,511080651,Makila : Wablé,2023-11-15,0,https://cdn-images.dzcdn.net/images/cover/a286a4a5072d51368b3e5ad5ae30aa4c/250x250-000000-80-0-0.jpg,https://www.deezer.com/album/511080651
4803754,Dadju,491368285,La guitare suit la mélo,2023-09-28,0,https://cdn-images.dzcdn.net/images/cover/eeebb8471561361d8b65f0a6229e9db7/250x250-000000-80-0-0.jpg,https://www.deezer.com/album/491368285
4803754,Dadju,465458995,GÉ VOULAIT,2023-07-21,0,https://cdn-images.dzcdn.net/images/cover/31005b6e1886a1a0e10e88fa0b400c90/250x250-000000-80-0-0.jpg,https://www.deezer.com/album/465458995
4803754,Dadju,452768665,Molo (feat. Dadju),2023-06-22,0,https://cdn-images.dzcdn.net/images/cover/40f930005fe326b726ff93234691cc47/250x250-000000-80-0-0.jpg,https://www.deezer.com/album/452768665
4803754,Dadju,452462695,Depuis que j'ai l'argent,2023-06-14,0,https://cdn-images.dzcdn.net/images/cover/23e5bc22d69efc5f5422c407f41971a0/250x250-000000-80-0-0.jpg,https://www.deezer.com/album/452462695
4803754,Dadju,450857855,Verre De Trop,2023-06-02,0,https://cdn-images.dzcdn.net/images/cover/292ce4faa9a3807b280296687a3d278a/250x250-000000-80-0-0.jpg,https://www.deezer.com/album/450857855
4803754,Dadju,395998527,On s'fait du mal (feat. Dadju),2023-01-19,0,https://cdn-images.dzcdn.net/images/cover/970cedec05df85b95dfa8f9fdda92b71/250x250-000000-80-0-0.jpg,https://www.deezer.com/album/395998527
4803754,Dadju,373316437,Cullinan : Gelée Royale (Partie 1),2022-11-10,0,https://cdn-images.dzcdn.net/images/cover/7dbdd8887ec585797c2ca2daf14828ba/250x250-000000-80-0-0.jpg,https://www.deezer.com/album/373316437
4803754,Dadju,331915947,C'EST FAUX,2022-06-30,0,https://cdn-images.dzcdn.net/images/cover/bba9fe83fd0a72f7ed2a3956fde32f01/250x250-000000-80-0-0.jpg,https://www.deezer.com/album/331915947
4803754,Dadju,327897127,G700,2022-06-16,0,https://cdn-images.dzcdn.net/images/cover/ff2c6497dda64f57b3ebc604fab5ca95/250x250-000000-80-0-0.jpg,https://www.deezer.com/album/327897127
4803754,Dadju,324221967,"DANÇARINA (feat. Nicky Jam, MC Pedrinho) (Remix)",2022-06-10,0,https://cdn-images.dzcdn.net/images/cover/5626480ab73cfe8eb486f1b2d7cd598f/250x250-000000-80-0-0.jpg,https://www.deezer.com/album/324221967
4803754,Dadju,325427517,Mano,2022-06-02,0,https://cdn-images.dzcdn.net/images/cover/a819bf0fec80fc941d60dbb167b8b76a/250x250-000000-80-0-0.jpg,https://www.deezer.com/album/325427517
4803754,Dadju,323347787,Deezer Sessions,2022-06-02,0,https://cdn-images.dzcdn.net/images/cover/5312c1aea374cab3cd20bc71298e6c2d/250x250-000000-80-0-0.jpg,https://www.deezer.com/album/323347787
4803754,Dadju,310467737,Toko Toko,2022-04-14,0,https://cdn-images.dzcdn.net/images/cover/ba08c9e25ee1fcea15893d5e09706fcb/250x250-000000-80-0-0.jpg,https://www.deezer.com/album/310467737
4803754,Dadju,306374177,Picsou,2022-03-31,0,https://cdn-images.dzcdn.net/images/cover/ba08c9e25ee1fcea15893d5e09706fcb/250x250-000000-80-0-0.jpg,https://www.deezer.com/album/306374177
4803754,Dadju,302765467,Claro que sì (feat. Dadju),2022-03-10,0,https://cdn-images.dzcdn.net/images/cover/575f04ad9ed1dd333e2c029634dead38/250x250-000000-80-0-0.jpg,https://www.deezer.com/album/302765467
4803754,Dadju,295741892,KING,2022-02-17,0,https://cdn-images.dzcdn.net/images/cover/cd0aa0e6e3eff0537d393bcc3413fdd6/250x250-000000-80-0-0.jpg,https://www.deezer.com/album/295741892
4803754,Dadju,280640711,Goodbye,2021-12-17,0,https://cdn-images.dzcdn.net/images/cover/b7a69e27c169533f8b50f46479e1263b/250x250-000000-80-0-0.jpg,https://www.deezer.com/album/280640711
4803754,Dadju,279482402,Si tu savais,2021-12-16,0,https://cdn-images.dzcdn.net/images/cover/2b7d5e8155ede95cebd3e615a993268b/250x250-000000-80-0-0.jpg,https://www.deezer.com/album/279482402
4803754,Dadju,260341422,Bansky,2021-11-25,0,https://cdn-images.dzcdn.net/images/cover/9612619bf3f9d4afdf4e43ca2854060b/250x250-000000-80-0-0.jpg,https://www.deezer.com/album/260341422
4803754,Dadju,271152812,Pas permis,2021-11-11,0,https://cdn-images.dzcdn.net/images/cover/0166feeff3efadbe47c022c3fa0683bb/250x250-000000-80-0-0.jpg,https://www.deezer.com/album/271152812
4803754,Dadju,263150752,D’amour ou d’amitié - Souvenirs d'enfance,2021-10-11,0,https://cdn-images.dzcdn.net/images/cover/560b20bd3285e2efa72f51b41ad225c5/250x250-000000-80-0-0.jpg,https://www.deezer.com/album/263150752
4803754,Dadju,234232852,Mon soleil,2021-06-02,0,https://cdn-images.dzcdn.net/images/cover/d37a7b1ab701e30cd46ce5977cd0f2d1/250x250-000000-80-0-0.jpg,https://www.deezer.com/album/234232852
4803754,Dadju,219472522,BELLE,2021-04-05,0,https://cdn-images.dzcdn.net/images/cover/631a2fdc7d7663f3872474c6f50a9c1c/250x250-000000-80-0-0.jpg,https://www.deezer.com/album/219472522
4803754,Dadju,213202412,Tout perdre (feat. Dadju),2021-03-17,0,https://cdn-images.dzcdn.net/images/cover/0f35465a0417d4a42775e54a92da50b6/250x250-000000-80-0-0.jpg,https://www.deezer.com/album/213202412
4803754,Dadju,203535752,Si on disait,2021-02-05,0,https://cdn-images.dzcdn.net/images/cover/d6c62df857e1e88295c33f173c823f6e/250x250-000000-80-0-0.jpg,https://www.deezer.com/album/203535752
4803754,Dadju,174305542,Amour toxic,2020-09-24,0,https://cdn-images.dzcdn.net/images/cover/046cf3983b563fea65147732eeb653c2/250x250-000000-80-0-0.jpg,https://www.deezer.com/album/174305542
4803754,Dadju,166317572,Don't Rush (feat. Dadju),2020-09-04,0,https://cdn-images.dzcdn.net/images/cover/12f37e4e26d5dc1b71500f101c6c0702/250x250-000000-80-0-0.jpg,https://www.deezer.com/album/166317572
4803754,Dadju,155056882,Grand bain,2020-06-18,0,https://cdn-images.dzcdn.net/images/cover/87d16df16bd9610f6c5a6a93bf680124/250x250-000000-80-0-0.jpg,https://www.deezer.com/album/155056882
4803754,Dadju,154300412,Dis-moi,2020-06-12,0,https://cdn-images.dzcdn.net/images/cover/b799613b9e05830816696f2790d80107/250x250-000000-80-0-0.jpg,https://www.deezer.com/album/154300412
4803754,Dadju,130338662,Meleğim,2020-02-06,0,https://cdn-images.dzcdn.net/images/cover/6eea66d94faa268fc4e4997e08949139/250x250-000000-80-0-0.jpg,https://www.deezer.com/album/130338662
4803754,Dadju,127814582,Histoire sans fin (feat. Dadju),2020-01-31,0,https://cdn-images.dzcdn.net/images/cover/1a2c6d80a3566fe3c5fa98147f5665f6/250x250-000000-80-0-0.jpg,https://www.deezer.com/album/127814582
4803754,Dadju,115000942,Confessions,2019-10-31,0,https://cdn-images.dzcdn.net/images/cover/0ba5343a9ea318b51e3dac74ae6ea652/250x250-000000-80-0-0.jpg,https://www.deezer.com/album/115000942
4803754,Dadju,114105342,Ma vie,2019-10-10,0,https://cdn-images.dzcdn.net/images/cover/0ba5343a9ea318b51e3dac74ae6ea652/250x250-000000-80-0-0.jpg,https://www.deezer.com/album/114105342
4803754,Dadju,101292172,Compliqué,2019-06-27,0,https://cdn-images.dzcdn.net/images/cover/4cbf56222368af2d5d1f2511098a60cf/250x250-000000-80-0-0.jpg,https://www.deezer.com/album/101292172
4803754,Dadju,74497552,Jaloux,2018-10-03,0,https://cdn-images.dzcdn.net/images/cover/01dbf7979fdba6d83586d01ec07fa808/250x250-000000-80-0-0.jpg,https://www.deezer.com/album/74497552
4803754,Dadju,74231322,Mafuzzy Style,2018-10-02,0,https://cdn-images.dzcdn.net/images/cover/01dbf7979fdba6d83586d01ec07fa808/250x250-000000-80-0-0.jpg,https://www.deezer.com/album/74231322
4803754,Dadju,68296231,Christina,2018-07-20,0,https://cdn-images.dzcdn.net/images/cover/d46888e0ea0be9cbfb7fe912d928434d/250x250-000000-80-0-0.jpg,https://www.deezer.com/album/68296231
4803754,Dadju,49014292,T'es pas normal,2017-10-02,0,https://cdn-images.dzcdn.net/images/cover/999bd3ecb7bcb8b7111bfd2cc32f6ed5/250x250-000000-80-0-0.jpg,https://www.deezer.com/album/49014292
8909272,Aya Nakamura,400388367,DNK,2023-01-27,0,https://cdn-images.dzcdn.net/images/cover/a5ad052309476efe0c7127aa83071bea/250x250-000000-80-0-0.jpg,https://www.deezer.com/album/400388367
8909272,Aya Nakamura,476923475,DNK (Bonus Track Edition),2023-08-17,0,https://cdn-images.dzcdn.net/images/cover/7ae9cb2f06241fece1703b9a63c69ba0/250x250-000000-80-0-0.jpg,https://www.deezer.com/album/476923475
8909272,Aya Nakamura,185386862,AYA,2020-11-13,0,https://cdn-images.dzcdn.net/images/cover/d3641092e29650cfa26cc53814823a70/250x250-000000-80-0-0.jpg,https://www.deezer.com/album/185386862
8909272,Aya Nakamura,77129912,NAKAMURA,2018-11-02,0,https://cdn-images.dzcdn.net/images/cover/41fc3e7a3430f3a5e1c1780b57c3147f/250x250-000000-80-0-0.jpg,https://www.deezer.com/album/77129912
8909272,Aya Nakamura,115861722,NAKAMURA (Deluxe Edition),2019-10-25,0,https://cdn-images.dzcdn.net/images/cover/0092a895979e7311749b0282f1eb8fe6/250x250-000000-80-0-0.jpg,https://www.deezer.com/album/115861722
8909272,Aya Nakamura,46641732,Journal intime,2017-08-25,0,https://cdn-images.dzcdn.net/images/cover/09d7ade63df532e282911464aa91fae3/250x250-000000-80-0-0.jpg,https://www.deezer.com/album/46641732
8909272,Aya Nakamura,831798011,Désarmer,2025-10-09,0,https://cdn-images.dzcdn.net/images/cover/d09bf520408be84a2c8df5fa55ace750/250x250-000000-80-0-0.jpg,https://www.deezer.com/album/831798011
8909272,Aya Nakamura,826703851,10 sur 10 (feat. Aya Nakamura),2025-10-02,0,https://cdn-images.dzcdn.net/images/cover/f650339f6ac5227a8702147af20fa70a/250x250-000000-80-0-0.jpg,https://www.deezer.com/album/826703851
8909272,Aya Nakamura,770426061,Chouchou,2025-06-15,0,https://cdn-images.dzcdn.net/images/cover/9d86ca653f22b6cb11146d13caada6bd/250x250-000000-80-0-0.jpg,https://www.deezer.com/album/770426061
8909272,Aya Nakamura,753236181,Baddies,2025-05-15,0,https://cdn-images.dzcdn.net/images/cover/54fde6e4d3546633187eec9cd5655eb5/250x250-000000-80-0-0.jpg,https://www.deezer.com/album/753236181
8909272,Aya Nakamura,714481481,Chimiyé,2025-02-20,0,https://cdn-images.dzcdn.net/images/cover/3edd2b66e3832469283cd63234504492/250x250-000000-80-0-0.jpg,https://www.deezer.com/album/714481481
8909272,Aya Nakamura,602783392,42,2024-06-19,0,https://cdn-images.dzcdn.net/images/cover/d29077475a3da72a7825dab2d25a7ba4/250x250-000000-80-0-0.jpg,https://www.deezer.com/album/602783392
8909272,Aya Nakamura,722946171,Si Si,2025-03-13,0,https://cdn-images.dzcdn.net/images/cover/e1ffec8c0c372f14747774c808c71047/250x250-000000-80-0-0.jpg,https://www.deezer.com/album/722946171
8909272,Aya Nakamura,565819771,Doggy,2024-03-29,0,https://cdn-images.dzcdn.net/images/cover/60af15b91e13a41364f3ad2ae79e45ba/250x250-000000-80-0-0.jpg,https://www.deezer.com/album/565819771
8909272,Aya Nakamura,556311732,Hypé (feat. Ayra Starr),2024-03-07,0,https://cdn-images.dzcdn.net/images/cover/c22b652917676317beb469e5bce1cd24/250x250-000000-80-0-0.jpg,https://www.deezer.com/album/556311732
8909272,Aya Nakamura,546922302,Chaleur,2024-02-15,0,https://cdn-images.dzcdn.net/images/cover/36d98d27fa666bcd9b4fbef1ba2045f3/250x250-000000-80-0-0.jpg,https://www.deezer.com/album/546922302
8909272,Aya Nakamura,531592072,Avec classe (feat. Aya Nakamura & Trinix),2024-02-02,0,https://cdn-images.dzcdn.net/images/cover/9aee6c2a855f9fdef68fe8903ee325e2/250x250-000000-80-0-0.jpg,https://www.deezer.com/album/531592072
8909272,Aya Nakamura,538588602,Hypé,2024-01-26,0,https://cdn-images.dzcdn.net/images/cover/aa8e4e1e676025e74ec92e9a42d7a3b9/250x250-000000-80-0-0.jpg,https://www.deezer.com/album/538588602
8909272,Aya Nakamura,400388657,T'as peur,2023-01-25,0,https://cdn-images.dzcdn.net/images/cover/a5ad052309476efe0c7127aa83071bea/250x250-000000-80-0-0.jpg,https://www.deezer.com/album/400388657
8909272,Aya Nakamura,400401627,Daddy,2023-01-25,0,https://cdn-images.dzcdn.net/images/cover/a5ad052309476efe0c7127aa83071bea/250x250-000000-80-0-0.jpg,https://www.deezer.com/album/400401627
8909272,Aya Nakamura,404696137,Deezer Sessions,2023-01-25,0,https://cdn-images.dzcdn.net/images/cover/b557ce5f3d3774b645f9f94816f16778/250x250-000000-80-0-0.jpg,https://www.deezer.com/album/404696137
8909272,Aya Nakamura,395452187,Baby,2023-01-12,0,https://cdn-images.dzcdn.net/images/cover/a5ad052309476efe0c7127aa83071bea/250x250-000000-80-0-0.jpg,https://www.deezer.com/album/395452187
8909272,Aya Nakamura,381261257,SMS,2022-12-01,0,https://cdn-images.dzcdn.net/images/cover/cb8927c53495372a61a31f6137f33f58/250x250-000000-80-0-0.jpg,https://www.deezer.com/album/381261257
8909272,Aya Nakamura,358770427,VIP,2022-09-21,0,https://cdn-images.dzcdn.net/images/cover/c21fb859e18d177660254caba44f37f3/250x250-000000-80-0-0.jpg,https://www.deezer.com/album/358770427
8909272,Aya Nakamura,375714337,Nirvana (Steeve West Remix),2022-09-20,0,https://cdn-images.dzcdn.net/images/cover/d3641092e29650cfa26cc53814823a70/250x250-000000-80-0-0.jpg,https://www.deezer.com/album/375714337
8909272,Aya Nakamura,327356797,Méchante,2022-06-16,0,https://cdn-images.dzcdn.net/images/cover/155583e2a2e53f16aa7c28b5ea90ff88/250x250-000000-80-0-0.jpg,https://www.deezer.com/album/327356797
8909272,Aya Nakamura,300175037,Dégaine (feat. Damso),2022-03-09,0,https://cdn-images.dzcdn.net/images/cover/03058788e9cde8c0cb1a12b5b4cedbb5/250x250-000000-80-0-0.jpg,https://www.deezer.com/album/300175037
8909272,Aya Nakamura,391400607,Mon Voisin (Canicule 2.0),2023-01-10,0,https://cdn-images.dzcdn.net/images/cover/0f11cbefad60061fa27f055d62b9d8c3/250x250-000000-80-0-0.jpg,https://www.deezer.com/album/391400607
8909272,Aya Nakamura,230774522,Bobo,2021-05-27,0,https://cdn-images.dzcdn.net/images/cover/150d7dcd543d42c69f373db867cb7d0a/250x250-000000-80-0-0.jpg,https://www.deezer.com/album/230774522
8909272,Aya Nakamura,195497282,Ailleurs,2021-01-01,0,https://cdn-images.dzcdn.net/images/cover/face8c12d4d0dd231618e933acaf52b1/250x250-000000-80-0-0.jpg,https://www.deezer.com/album/195497282
8909272,Aya Nakamura,153601532,Djadja (feat. Maluma) (Remix),2020-06-12,0,https://cdn-images.dzcdn.net/images/cover/6937185a449b6f917d0ba3e546028dd9/250x250-000000-80-0-0.jpg,https://www.deezer.com/album/153601532
8909272,Aya Nakamura,109118602,Pookie (feat. Capo Plaza) (Remix),2019-08-30,0,https://cdn-images.dzcdn.net/images/cover/469ee1736ce48f82584abc9e11fcbd94/250x250-000000-80-0-0.jpg,https://www.deezer.com/album/109118602
8909272,Aya Nakamura,105541842,Pookie (feat. Lil Pump) (Remix),2019-08-02,0,https://cdn-images.dzcdn.net/images/cover/e2f60c5399b04acbbf93bcfc70db9c30/250x250-000000-80-0-0.jpg,https://www.deezer.com/album/105541842
8909272,Aya Nakamura,74604712,Djadja (feat. Loredana) (Remix),2018-04-07,0,https://cdn-images.dzcdn.net/images/cover/9c858ae08fff62080b693a91b9b3053a/250x250-000000-80-0-0.jpg,https://www.deezer.com/album/74604712
8909272,Aya Nakamura,75164882,Djadja (feat. Afro B) (Remix),2018-04-07,0,https://cdn-images.dzcdn.net/images/cover/6942dcc7f2629def0ee9cf6fa30d9823/250x250-000000-80-0-0.jpg,https://www.deezer.com/album/75164882
8909272,Aya Nakamura,57653892,Le passé,2018-03-02,0,https://cdn-images.dzcdn.net/images/cover/58002fe0be19907d84c1f48694253eef/250x250-000000-80-0-0.jpg,https://www.deezer.com/album/57653892
8909272,Aya Nakamura,55553092,Drogué,2018-01-26,0,https://cdn-images.dzcdn.net/images/cover/6629a3eaaf2c57cb13bd2f6591883afd/250x250-000000-80-0-0.jpg,https://www.deezer.com/album/55553092
8909272,Aya Nakamura,43140221,Oumou Sangaré,2017-06-19,0,https://cdn-images.dzcdn.net/images/cover/0e7428c7232778c9c53d7507c06e518f/250x250-000000-80-0-0.jpg,https://www.deezer.com/album/43140221
8909272,Aya Nakamura,41064351,Comportement,2017-06-05,0,https://cdn-images.dzcdn.net/images/cover/a17b25872bc98b8c266a42d45f268d33/250x250-000000-80-0-0.jpg,https://www.deezer.com/album/41064351
8909272,Aya Nakamura,13252983,Super héros (feat. Gradur),2016-06-02,0,https://cdn-images.dzcdn.net/images/cover/c6d4fcd36bcb22093542254276a5b050/250x250-000000-80-0-0.jpg,https://www.deezer.com/album/13252983
8909272,Aya Nakamura,12363258,Oublier,2016-02-15,0,https://cdn-images.dzcdn.net/images/cover/adbe2cd8928a734e9f19f4be58ec822d/250x250-000000-80-0-0.jpg,https://www.deezer.com/album/12363258
12526056,Tayc,679482751,TESTIMONY.,2024-12-13,0,https://cdn-images.dzcdn.net/images/cover/8336275760836d906818514d4c201bcb/250x250-000000-80-0-0.jpg,https://www.deezer.com/album/679482751
12526056,Tayc,546845232,HÉRITAGE,2024-02-16,0,https://cdn-images.dzcdn.net/images/cover/89cb140366926fa73fcc00309f44a7b8/250x250-000000-80-0-0.jpg,https://www.deezer.com/album/546845232
12526056,Tayc,550514972,HÉRITAGE,2024-02-20,0,https://cdn-images.dzcdn.net/images/cover/89cb140366926fa73fcc00309f44a7b8/250x250-000000-80-0-0.jpg,https://www.deezer.com/album/550514972
12526056,Tayc,580238711,HÉRITAGE,2024-05-02,0,https://cdn-images.dzcdn.net/images/cover/89cb140366926fa73fcc00309f44a7b8/250x250-000000-80-0-0.jpg,https://www.deezer.com/album/580238711
12526056,Tayc,713223841,HÉRITAGE : DERNIÈRE EMPREINTE,2025-02-21,0,https://cdn-images.dzcdn.net/images/cover/4f90cc6ed9a54c6778fb22fcd33d0072/250x250-000000-80-0-0.jpg,https://www.deezer.com/album/713223841
12526056,Tayc,407470807,ROOM 96,2023-02-14,0,https://cdn-images.dzcdn.net/images/cover/ad739501984cd5e7dead7136421250fa/250x250-000000-80-0-0.jpg,https://www.deezer.com/album/407470807
12526056,Tayc,385206907,Fleur froide - Second état : la cristallisation,2021-11-19,0,https://cdn-images.dzcdn.net/images/cover/51dfcb30fbab88f79d299e991081a75b/250x250-000000-80-0-0.jpg,https://www.deezer.com/album/385206907
12526056,Tayc,189808962,Fleur froide,2020-12-04,0,https://cdn-images.dzcdn.net/images/cover/ac87d848cb127f6359b6b307b10b9aa5/250x250-000000-80-0-0.jpg,https://www.deezer.com/album/189808962
12526056,Tayc,209517102,Fleur froide (Donum Novae),2020-12-04,0,https://cdn-images.dzcdn.net/images/cover/521f97b86d42229a55e890d2e81183ee/250x250-000000-80-0-0.jpg,https://www.deezer.com/album/209517102
12526056,Tayc,218392962,Fleur froide (UMM),2021-04-02,0,https://cdn-images.dzcdn.net/images/cover/521f97b86d42229a55e890d2e81183ee/250x250-000000-80-0-0.jpg,https://www.deezer.com/album/218392962
12526056,Tayc,142495492,NYXIA. Tome III,2020-04-22,0,https://cdn-images.dzcdn.net/images/cover/087012877c5b01ec73266e846e80bac5/250x250-000000-80-0-0.jpg,https://www.deezer.com/album/142495492
12526056,Tayc,100448252,NYXIA. Tome II,2019-06-22,0,https://cdn-images.dzcdn.net/images/cover/4358a3555d9be5074309481cf0921d46/250x250-000000-80-0-0.jpg,https://www.deezer.com/album/100448252
12526056,Tayc,86989462,NYXIA.,2019-02-16,0,https://cdn-images.dzcdn.net/images/cover/548a41d2fac2842966ebd623c5713c1b/250x250-000000-80-0-0.jpg,https://www.deezer.com/album/86989462
12526056,Tayc,68779911,H E L I O S.,2018-07-27,0,https://cdn-images.dzcdn.net/images/cover/cd1c75c115269ed314fb21b1bbdd79d0/250x250-000000-80-0-0.jpg,https://www.deezer.com/album/68779911
12526056,Tayc,42294171,Alchemy,2017-05-30,0,https://cdn-images.dzcdn.net/images/cover/91dcb56fe2e38b9fc02d451617a0f213/250x250-000000-80-0-0.jpg,https://www.deezer.com/album/42294171
12526056,Tayc,274699672,"Ma Star (Bande Originale de la série ""Christmas Flow"")",2021-11-26,0,https://cdn-images.dzcdn.net/images/cover/7fa8ff1c67941f87ee09b7fb1fd325db/250x250-000000-80-0-0.jpg,https://www.deezer.com/album/274699672
12526056,Tayc,784826041,Zota (feat. Tayc),2025-07-17,0,https://cdn-images.dzcdn.net/images/cover/4662ccc84ac539c75a13ce5d4fa113c2/250x250-000000-80-0-0.jpg,https://www.deezer.com/album/784826041
12526056,Tayc,766215591,Aje,2025-06-06,0,https://cdn-images.dzcdn.net/images/cover/6e049620e0409f7393eea013e807e8b0/250x250-000000-80-0-0.jpg,https://www.deezer.com/album/766215591
12526056,Tayc,752678181,Ma Lady,2025-05-16,0,https://cdn-images.dzcdn.net/images/cover/426c88afae67a7d7bbfd703110da708f/250x250-000000-80-0-0.jpg,https://www.deezer.com/album/752678181
12526056,Tayc,742949561,Promets-le moi,2025-04-25,0,https://cdn-images.dzcdn.net/images/cover/bd5be2cda5ec39f3aa85f86f56213122/250x250-000000-80-0-0.jpg,https://www.deezer.com/album/742949561
12526056,Tayc,743600631,Girlfriend,2025-04-23,0,https://cdn-images.dzcdn.net/images/cover/3d4900e3bfbaca9b48928d36acf00800/250x250-000000-80-0-0.jpg,https://www.deezer.com/album/743600631
12526056,Tayc,679882871,J'æ aççepté,2024-12-12,0,https://cdn-images.dzcdn.net/images/cover/8336275760836d906818514d4c201bcb/250x250-000000-80-0-0.jpg,https://www.deezer.com/album/679882871
12526056,Tayc,679882901,PrAy,2024-12-12,0,https://cdn-images.dzcdn.net/images/cover/8336275760836d906818514d4c201bcb/250x250-000000-80-0-0.jpg,https://www.deezer.com/album/679882901
12526056,Tayc,704891401,Joli coeur,2024-12-12,0,https://cdn-images.dzcdn.net/images/cover/51e2a6a5c4c9812df2988b13e0c140de/250x250-000000-80-0-0.jpg,https://www.deezer.com/album/704891401
12526056,Tayc,673299101,Pōseïdøn,2024-11-24,0,https://cdn-images.dzcdn.net/images/cover/74030db601f9834586017e308d03ffb6/250x250-000000-80-0-0.jpg,https://www.deezer.com/album/673299101
12526056,Tayc,613195052,Coco (feat. Tayc),2024-07-18,0,https://cdn-images.dzcdn.net/images/cover/fdcb50e6f92c8f838e80e7909b642feb/250x250-000000-80-0-0.jpg,https://www.deezer.com/album/613195052
12526056,Tayc,602758232,Tu es à moi,2024-06-20,0,https://cdn-images.dzcdn.net/images/cover/03aa12059a55be75a59807719e40c044/250x250-000000-80-0-0.jpg,https://www.deezer.com/album/602758232
12526056,Tayc,579582941,Longue Vie,2024-05-02,0,https://cdn-images.dzcdn.net/images/cover/7e4097cf1bd5ff54e04cd48728b1eff1/250x250-000000-80-0-0.jpg,https://www.deezer.com/album/579582941
12526056,Tayc,574536721,OMT,2024-04-19,0,https://cdn-images.dzcdn.net/images/cover/7edcd5519ded2bff730957fa3a5e2f1b/250x250-000000-80-0-0.jpg,https://www.deezer.com/album/574536721
12526056,Tayc,552772932,Yimmy Yimmy,2024-03-08,0,https://cdn-images.dzcdn.net/images/cover/2fbbda5bcdd1c9916ffbcd06be6b9974/250x250-000000-80-0-0.jpg,https://www.deezer.com/album/552772932
12526056,Tayc,550824902,Deezer Sessions,2024-02-21,0,https://cdn-images.dzcdn.net/images/cover/7a6160c44a8f655c580f38776b68deff/250x250-000000-80-0-0.jpg,https://www.deezer.com/album/550824902
12526056,Tayc,550242042,Makila : Wablé (Version Acoustique),2024-02-20,0,https://cdn-images.dzcdn.net/images/cover/89cb140366926fa73fcc00309f44a7b8/250x250-000000-80-0-0.jpg,https://www.deezer.com/album/550242042
12526056,Tayc,519803372,I love you,2023-12-08,0,https://cdn-images.dzcdn.net/images/cover/0f5942f9c44d149a0213ca04f640d0a7/250x250-000000-80-0-0.jpg,https://www.deezer.com/album/519803372
12526056,Tayc,511080651,Makila : Wablé,2023-11-15,0,https://cdn-images.dzcdn.net/images/cover/a286a4a5072d51368b3e5ad5ae30aa4c/250x250-000000-80-0-0.jpg,https://www.deezer.com/album/511080651
12526056,Tayc,498328941,Lova,2023-10-15,0,https://cdn-images.dzcdn.net/images/cover/ecc718850e961a0b858f018315221985/250x250-000000-80-0-0.jpg,https://www.deezer.com/album/498328941
12526056,Tayc,499424241,Otage,2023-10-12,0,https://cdn-images.dzcdn.net/images/cover/d6b209b840b380e24a9c378baebf258d/250x250-000000-80-0-0.jpg,https://www.deezer.com/album/499424241
12526056,Tayc,495101771,Pardonne-moi,2023-10-05,0,https://cdn-images.dzcdn.net/images/cover/9ae0bcf5e561778586efa11a282b2260/250x250-000000-80-0-0.jpg,https://www.deezer.com/album/495101771
12526056,Tayc,460134375,PRADA’S BIRTHDAY - A COLORS SHOW,2023-07-10,0,https://cdn-images.dzcdn.net/images/cover/c6e543fdbdc7894c552028df644319d8/250x250-000000-80-0-0.jpg,https://www.deezer.com/album/460134375
12526056,Tayc,460314755,Love Me,2023-07-07,0,https://cdn-images.dzcdn.net/images/cover/e6c4ed31919e7153e832e31855a2e7ed/250x250-000000-80-0-0.jpg,https://www.deezer.com/album/460314755
12526056,Tayc,446943955,London Fever,2023-06-02,0,https://cdn-images.dzcdn.net/images/cover/731a940741878656f2405cd8f88a71e1/250x250-000000-80-0-0.jpg,https://www.deezer.com/album/446943955
12526056,Tayc,432068617,N'y Pense Plus (Two Geniuz Remix),2023-05-26,0,https://cdn-images.dzcdn.net/images/cover/91a5dcc3fe10fab12dfc03d3563379db/250x250-000000-80-0-0.jpg,https://www.deezer.com/album/432068617
12526056,Tayc,435129237,Room 69 (Acoustic version),2023-05-05,0,https://cdn-images.dzcdn.net/images/cover/52379482869a8f4f38dfe53d2755ae5b/250x250-000000-80-0-0.jpg,https://www.deezer.com/album/435129237
12526056,Tayc,426986157,Encore là (Speed Up),2023-04-12,0,https://cdn-images.dzcdn.net/images/cover/f865735ca21fc5b4c9d3dab501531738/250x250-000000-80-0-0.jpg,https://www.deezer.com/album/426986157
12526056,Tayc,409474037,Ma femme,2023-02-23,0,https://cdn-images.dzcdn.net/images/cover/f1651d0a2718fae83f2a50ce67f869d2/250x250-000000-80-0-0.jpg,https://www.deezer.com/album/409474037
12526056,Tayc,398874677,Parti de rien (feat. Tayc),2023-02-09,0,https://cdn-images.dzcdn.net/images/cover/bab905bcdfb008e866b59b694e0efe15/250x250-000000-80-0-0.jpg,https://www.deezer.com/album/398874677
12526056,Tayc,393109927,Carry Me,2023-01-09,0,https://cdn-images.dzcdn.net/images/cover/acc3fd6ca5c314f925b4e2539444623c/250x250-000000-80-0-0.jpg,https://www.deezer.com/album/393109927
12526056,Tayc,382039927,Anogo,2022-12-06,0,https://cdn-images.dzcdn.net/images/cover/e8928adbe1012b9eeb589c5468ff717e/250x250-000000-80-0-0.jpg,https://www.deezer.com/album/382039927
12526056,Tayc,377994887,Encore là,2022-11-24,0,https://cdn-images.dzcdn.net/images/cover/ad849ad804e00bec3dee367a6583c6f5/250x250-000000-80-0-0.jpg,https://www.deezer.com/album/377994887
12526056,Tayc,363398697,Solo (feat. Tayc),2022-10-21,0,https://cdn-images.dzcdn.net/images/cover/b5ee6bee5436c5f22ffef2a1ddf45055/250x250-000000-80-0-0.jpg,https://www.deezer.com/album/363398697
12526056,Tayc,342344767,Ne doute pas,2022-09-01,0,https://cdn-images.dzcdn.net/images/cover/86d49196a16e02877723c3d96ea53fd6/250x250-000000-80-0-0.jpg,https://www.deezer.com/album/342344767
12526056,Tayc,348079057,No No No,2022-08-26,0,https://cdn-images.dzcdn.net/images/cover/5ce4988774c7f8058d2a3e79bfa3e174/250x250-000000-80-0-0.jpg,https://www.deezer.com/album/348079057
12526056,Tayc,328425747,O H N A,2022-07-01,0,https://cdn-images.dzcdn.net/images/cover/a5431bb905245d54ef88a60aab5f37fc/250x250-000000-80-0-0.jpg,https://www.deezer.com/album/328425747
12526056,Tayc,327755967,Laisse moi te dire,2022-06-17,0,https://cdn-images.dzcdn.net/images/cover/2e03455ce4afb2d8e60ea319b999a72b/250x250-000000-80-0-0.jpg,https://www.deezer.com/album/327755967
12526056,Tayc,325426067,Tu pourrais,2022-06-02,0,https://cdn-images.dzcdn.net/images/cover/a819bf0fec80fc941d60dbb167b8b76a/250x250-000000-80-0-0.jpg,https://www.deezer.com/album/325426067
12526056,Tayc,325522297,La fête,2022-06-01,0,https://cdn-images.dzcdn.net/images/cover/a819bf0fec80fc941d60dbb167b8b76a/250x250-000000-80-0-0.jpg,https://www.deezer.com/album/325522297
12526056,Tayc,314778907,Sans effet,2022-05-06,0,https://cdn-images.dzcdn.net/images/cover/ef7570409d90dcce842e13ebe034b44b/250x250-000000-80-0-0.jpg,https://www.deezer.com/album/314778907
12526056,Tayc,311248197,Dis-le moi,2022-04-15,0,https://cdn-images.dzcdn.net/images/cover/932d94a9ebbe7d22b123ea26501289ca/250x250-000000-80-0-0.jpg,https://www.deezer.com/album/311248197
12526056,Tayc,309575957,D O D O (Adekunle Gold Version),2022-04-12,0,https://cdn-images.dzcdn.net/images/cover/9e3a4cbd49164b942c670b8aaad69403/250x250-000000-80-0-0.jpg,https://www.deezer.com/album/309575957
12526056,Tayc,303223817,Va bene (feat. Jul & Naza) (Extrait de la compilation 4.4.2),2022-04-01,0,https://cdn-images.dzcdn.net/images/cover/7e23b4146c9dd3060cf8abeeb19f4b5a/250x250-000000-80-0-0.jpg,https://www.deezer.com/album/303223817
12526056,Tayc,293222882,So Distant (feat. Tayc),2022-02-24,0,https://cdn-images.dzcdn.net/images/cover/1c347a94a0ce0457b72c97cc6b4d6a44/250x250-000000-80-0-0.jpg,https://www.deezer.com/album/293222882
12526056,Tayc,292200502,Sorry Not Sorry,2022-02-14,0,https://cdn-images.dzcdn.net/images/cover/73632bb7cb031a0f51aa3625f7d347a1/250x250-000000-80-0-0.jpg,https://www.deezer.com/album/292200502
12526056,Tayc,278645532,Official,2021-12-09,0,https://cdn-images.dzcdn.net/images/cover/dcfce707d3f45ba5f01d93248dfa0371/250x250-000000-80-0-0.jpg,https://www.deezer.com/album/278645532
12526056,Tayc,269050072,Cœur de pirate,2021-11-04,0,https://cdn-images.dzcdn.net/images/cover/33aabba2d0f45a4fe37ac3a7642641be/250x250-000000-80-0-0.jpg,https://www.deezer.com/album/269050072
12526056,Tayc,256828872,Slow Motion (Remix),2021-09-15,0,https://cdn-images.dzcdn.net/images/cover/42686c94fa03420430729435ad152214/250x250-000000-80-0-0.jpg,https://www.deezer.com/album/256828872
12526056,Tayc,242982372,Voyou,2021-07-15,0,https://cdn-images.dzcdn.net/images/cover/b8990cbafbfd8840a04186ba7cee5ab8/250x250-000000-80-0-0.jpg,https://www.deezer.com/album/242982372
12526056,Tayc,242398992,Dis moi comment.,2021-07-09,0,https://cdn-images.dzcdn.net/images/cover/ce614c86999bf49cbe3c66442d17c06b/250x250-000000-80-0-0.jpg,https://www.deezer.com/album/242398992
12526056,Tayc,238494132,Deezer sessions,2021-06-21,0,https://cdn-images.dzcdn.net/images/cover/fe4af7bd2e33d1c752c22b465050ec3f/250x250-000000-80-0-0.jpg,https://www.deezer.com/album/238494132
12526056,Tayc,235573592,Si tu savais (Saison 999),2021-06-11,0,https://cdn-images.dzcdn.net/images/cover/a67aa830021474243bd2ca16b20ff799/250x250-000000-80-0-0.jpg,https://www.deezer.com/album/235573592
12526056,Tayc,223958752,LEGGO,2021-05-06,0,https://cdn-images.dzcdn.net/images/cover/291fa5877e7ca54abc43adafa25543df/250x250-000000-80-0-0.jpg,https://www.deezer.com/album/223958752
12526056,Tayc,189715202,Comme toi,2020-12-01,0,https://cdn-images.dzcdn.net/images/cover/521f97b86d42229a55e890d2e81183ee/250x250-000000-80-0-0.jpg,https://www.deezer.com/album/189715202
12526056,Tayc,184300402,No.,2020-11-11,0,https://cdn-images.dzcdn.net/images/cover/da22c83562e425fa0738313649ecf510/250x250-000000-80-0-0.jpg,https://www.deezer.com/album/184300402
12526056,Tayc,179517302,Ride,2020-10-16,0,https://cdn-images.dzcdn.net/images/cover/6b442e752aef1710e45cbbc09d3a4142/250x250-000000-80-0-0.jpg,https://www.deezer.com/album/179517302
12526056,Tayc,174946212,Pour nous,2020-09-24,0,https://cdn-images.dzcdn.net/images/cover/a4d2b35f01b77ff9fda39657a28a2197/250x250-000000-80-0-0.jpg,https://www.deezer.com/album/174946212
12526056,Tayc,172256592,Melody,2020-09-18,0,https://cdn-images.dzcdn.net/images/cover/5846f606ee2bc99d4a9609b92ed267a6/250x250-000000-80-0-0.jpg,https://www.deezer.com/album/172256592
12526056,Tayc,171331452,Camille,2020-09-04,0,https://cdn-images.dzcdn.net/images/cover/43e8d8318ccb949288502aca22c797df/250x250-000000-80-0-0.jpg,https://www.deezer.com/album/171331452
12526056,Tayc,165088982,N'y pense plus (Caraïbe Version),2020-07-31,0,https://cdn-images.dzcdn.net/images/cover/7ccf516c6115af2b7f2c377865525739/250x250-000000-80-0-0.jpg,https://www.deezer.com/album/165088982
12526056,Tayc,153658712,N'y pense plus,2020-06-19,0,https://cdn-images.dzcdn.net/images/cover/db0890c4977cc7457070b34c12a5f5d0/250x250-000000-80-0-0.jpg,https://www.deezer.com/album/153658712
12526056,Tayc,143073922,Léwé,2020-04-22,0,https://cdn-images.dzcdn.net/images/cover/7629e39e7b5d9714f49cb0f58c1899a4/250x250-000000-80-0-0.jpg,https://www.deezer.com/album/143073922
12526056,Tayc,121987502,"Moi, je prouve.",2019-12-10,0,https://cdn-images.dzcdn.net/images/cover/b49b7e0a4960a240fcd5563fcdb34b37/250x250-000000-80-0-0.jpg,https://www.deezer.com/album/121987502
12526056,Tayc,113574232,OG,2019-10-19,0,https://cdn-images.dzcdn.net/images/cover/1bcaea65569e52ecf0291bc6e185ed5a/250x250-000000-80-0-0.jpg,https://www.deezer.com/album/113574232
12526056,Tayc,83724122,Pas prête,2019-01-11,0,https://cdn-images.dzcdn.net/images/cover/e12f0af2c75720b2049c8227f5d11daa/250x250-000000-80-0-0.jpg,https://www.deezer.com/album/83724122
12526056,Tayc,78103462,Palavra,2018-11-14,0,https://cdn-images.dzcdn.net/images/cover/a8b017577ab858ac5aa1b6ac3af224be/250x250-000000-80-0-0.jpg,https://www.deezer.com/album/78103462
12526056,Tayc,68780251,Palavra,2018-07-23,0,https://cdn-images.dzcdn.net/images/cover/de13e3c96773d1a97d565d65d66d721e/250x250-000000-80-0-0.jpg,https://www.deezer.com/album/68780251
12526056,Tayc,68409741,À Deux.,2018-07-16,0,https://cdn-images.dzcdn.net/images/cover/293f47fa2ad45eda1d52e1771138a6d1/250x250-000000-80-0-0.jpg,https://www.deezer.com/album/68409741
12526056,Tayc,64072442,Pleure pas trop,2018-05-23,0,https://cdn-images.dzcdn.net/images/cover/76798333f529b13d65cda64d44198f2f/250x250-000000-80-0-0.jpg,https://www.deezer.com/album/64072442
12526056,Tayc,62559812,Nelly (Accoustic Kompa),2018-05-04,0,https://cdn-images.dzcdn.net/images/cover/d6013616c0c5643609efbc88e1b15d5e/250x250-000000-80-0-0.jpg,https://www.deezer.com/album/62559812
12526056,Tayc,62345662,Huis Clos,2018-05-02,0,https://cdn-images.dzcdn.net/images/cover/3fef0246c54041ec3f8fbc572f518c66/250x250-000000-80-0-0.jpg,https://www.deezer.com/album/62345662
12526056,Tayc,62529582,"Makossa (""Djadja"" réponse)",2018-04-27,0,https://cdn-images.dzcdn.net/images/cover/b3b8f72c237be590d1fc5aabc3d24ff6/250x250-000000-80-0-0.jpg,https://www.deezer.com/album/62529582
12526056,Tayc,591476522,Nelly,2018-03-30,0,https://cdn-images.dzcdn.net/images/cover/d038604d815523e154f51fe8581d78de/250x250-000000-80-0-0.jpg,https://www.deezer.com/album/591476522
12526056,Tayc,55866502,Marabout,2018-01-24,0,https://cdn-images.dzcdn.net/images/cover/08b0dd077d9f9ba9b1f9cf27c11880cf/250x250-000000-80-0-0.jpg,https://www.deezer.com/album/55866502
12526056,Tayc,54204532,Petit coeur,2017-12-26,0,https://cdn-images.dzcdn.net/images/cover/f5b7d1f2c21c0e6330a2c16ba1db38ca/250x250-000000-80-0-0.jpg,https://www.deezer.com/album/54204532
12526056,Tayc,53788972,Baby Motion,2017-12-17,0,https://cdn-images.dzcdn.net/images/cover/ea2238bcc676bacff510a11c712400b8/250x250-000000-80-0-0.jpg,https://www.deezer.com/album/53788972
4390053,Anitta,678553601,Ensaios Da Anitta,2024-12-06,0,https://cdn-images.dzcdn.net/images/cover/6c5e3d5db89a6811d341baf7ce9de2c5/250x250-000000-80-0-0.jpg,https://www.deezer.com/album/678553601
4390053,Anitta,575265591,Funk Generation,2024-04-26,0,https://cdn-images.dzcdn.net/images/cover/ea217593890d0f22eddb36dc1604e6a7/250x250-000000-80-0-0.jpg,https://www.deezer.com/album/575265591
4390053,Anitta,346150477,Versions of Me (Deluxe),2022-04-12,0,https://cdn-images.dzcdn.net/images/cover/24c454d01f4f2c7c741a4915e14ff27d/250x250-000000-80-0-0.jpg,https://www.deezer.com/album/346150477
4390053,Anitta,309370177,Versions of Me,2022-04-12,0,https://cdn-images.dzcdn.net/images/cover/5e9b628a9d65aaa3e919d19e83e42c35/250x250-000000-80-0-0.jpg,https://www.deezer.com/album/309370177
4390053,Anitta,92285462,Kisses,2019-04-05,0,https://cdn-images.dzcdn.net/images/cover/c09cf4b8b0bf62e4900bda0459910067/250x250-000000-80-0-0.jpg,https://www.deezer.com/album/92285462
4390053,Anitta,11271554,Bang,2015-10-13,0,https://cdn-images.dzcdn.net/images/cover/341dd159cf40305a4b83d7d86214660d/250x250-000000-80-0-0.jpg,https://www.deezer.com/album/11271554
4390053,Anitta,7855800,Meu Lugar,2014-06-03,0,https://cdn-images.dzcdn.net/images/cover/3d664c25c7b92bf677256acfdb7dc5e4/250x250-000000-80-0-0.jpg,https://www.deezer.com/album/7855800
4390053,Anitta,9855300,Ritmo Perfeito,2014-06-03,0,https://cdn-images.dzcdn.net/images/cover/96250b5a40cf297e1e91bf19d992e6b0/250x250-000000-80-0-0.jpg,https://www.deezer.com/album/9855300
4390053,Anitta,15455524,Anitta,2013-02-06,0,https://cdn-images.dzcdn.net/images/cover/3cfc5deeb07097f90021ed4a60342379/250x250-000000-80-0-0.jpg,https://www.deezer.com/album/15455524
4390053,Anitta,487649915,Back for More (More Edition),2023-09-19,0,https://cdn-images.dzcdn.net/images/cover/b2143c804cf73f77bc281e759c8aeac7/250x250-000000-80-0-0.jpg,https://www.deezer.com/album/487649915
4390053,Anitta,475062445,Funk Generation: A Favela Love Story,2023-08-18,0,https://cdn-images.dzcdn.net/images/cover/d742e78bf54af78a3b6be33fd5d979d4/250x250-000000-80-0-0.jpg,https://www.deezer.com/album/475062445
4390053,Anitta,432549587,À Procura da Anitta Perfeita,2022-11-30,0,https://cdn-images.dzcdn.net/images/cover/880692d2dd47e0ad937fcae923a449fe/250x250-000000-80-0-0.jpg,https://www.deezer.com/album/432549587
4390053,Anitta,78223282,Solo,2018-11-09,0,https://cdn-images.dzcdn.net/images/cover/032b7dbe500d9837b1f6868dab08ef94/250x250-000000-80-0-0.jpg,https://www.deezer.com/album/78223282
4390053,Anitta,818224161,Parado No Bailão (Mundial),2025-09-12,0,https://cdn-images.dzcdn.net/images/cover/2790a7b700e3adffecf7284454fdc11c/250x250-000000-80-0-0.jpg,https://www.deezer.com/album/818224161
4390053,Anitta,761756951,CONJUNTÃO DE TIME,2025-05-30,0,https://cdn-images.dzcdn.net/images/cover/0517fe0aa9c81570475083a2c40d8df0/250x250-000000-80-0-0.jpg,https://www.deezer.com/album/761756951
4390053,Anitta,743061171,En 4,2025-04-18,0,https://cdn-images.dzcdn.net/images/cover/9cc5eb92a42f50a8102fc9d32bda2c68/250x250-000000-80-0-0.jpg,https://www.deezer.com/album/743061171
4390053,Anitta,729586171,BOTA UM FUNK,2025-04-03,0,https://cdn-images.dzcdn.net/images/cover/b71a2a50ba3c29ebcf0673866ea6ab8e/250x250-000000-80-0-0.jpg,https://www.deezer.com/album/729586171
4390053,Anitta,723621891,Larissa (From Larissa: The Other Side Of Anitta),2025-03-14,0,https://cdn-images.dzcdn.net/images/cover/58f0e022aa2d2982b2c431a6de8c17f1/250x250-000000-80-0-0.jpg,https://www.deezer.com/album/723621891
4390053,Anitta,705677371,ROMEO,2025-02-07,0,https://cdn-images.dzcdn.net/images/cover/6012d1142f99ddbdfa4c3d43d4b9693a/250x250-000000-80-0-0.jpg,https://www.deezer.com/album/705677371
4390053,Anitta,676886001,Lugar Perfeito,2024-12-06,0,https://cdn-images.dzcdn.net/images/cover/64f56b1bad670a9b4861f91997cec71e/250x250-000000-80-0-0.jpg,https://www.deezer.com/album/676886001
4390053,Anitta,682136341,Looking For Love,2024-12-10,0,https://cdn-images.dzcdn.net/images/cover/e696a6810022f917b99735a604d1d54d/250x250-000000-80-0-0.jpg,https://www.deezer.com/album/682136341
4390053,Anitta,663678841,Looking For Love,2024-11-14,0,https://cdn-images.dzcdn.net/images/cover/a642ae08407630fd56005ec1348dc04b/250x250-000000-80-0-0.jpg,https://www.deezer.com/album/663678841
4390053,Anitta,821909731,São Paulo,2025-09-19,0,https://cdn-images.dzcdn.net/images/cover/e991ec2d52609a6b804d27b253a8f611/250x250-000000-80-0-0.jpg,https://www.deezer.com/album/821909731
4390053,Anitta,638246711,Paradise,2024-09-11,0,https://cdn-images.dzcdn.net/images/cover/544854f8b0f8b304a2876b959c222f36/250x250-000000-80-0-0.jpg,https://www.deezer.com/album/638246711
4390053,Anitta,636348211,"Alibi Pt. 2 (with Anitta, Pabllo Vittar & Yseult)",2024-09-06,0,https://cdn-images.dzcdn.net/images/cover/3169c3b7adb221e8541a047ad26abb03/250x250-000000-80-0-0.jpg,https://www.deezer.com/album/636348211
4390053,Anitta,634967041,GET UP BITCH! shake ya ass (with Anitta),2024-08-30,0,https://cdn-images.dzcdn.net/images/cover/e29236acf68b08677d5e7094318a3973/250x250-000000-80-0-0.jpg,https://www.deezer.com/album/634967041
4390053,Anitta,635474341,Mania de Voce,2024-08-27,0,https://cdn-images.dzcdn.net/images/cover/056c2bf6891efd9fcf2e727dea27b694/250x250-000000-80-0-0.jpg,https://www.deezer.com/album/635474341
4390053,Anitta,627265351,Saudade,2024-08-16,0,https://cdn-images.dzcdn.net/images/cover/dd4168575c89e31d5efc0a512a98140f/250x250-000000-80-0-0.jpg,https://www.deezer.com/album/627265351
4390053,Anitta,619678081,Savage Funk (DJ Snake Remix),2024-08-28,0,https://cdn-images.dzcdn.net/images/cover/1f598e606630ca1c2ed1851ea7026825/250x250-000000-80-0-0.jpg,https://www.deezer.com/album/619678081
4390053,Anitta,614386192,Fria (Felix Jaehn Remix),2024-07-19,0,https://cdn-images.dzcdn.net/images/cover/53b653aa77a3e7551438707b8b56a351/250x250-000000-80-0-0.jpg,https://www.deezer.com/album/614386192
4390053,Anitta,608005852,Aceita (Jonas Blue Remix),2024-07-05,0,https://cdn-images.dzcdn.net/images/cover/8ba021cacf5c3b6059625f0c35e4bde8/250x250-000000-80-0-0.jpg,https://www.deezer.com/album/608005852
4390053,Anitta,590571112,Mi Amor (with JVKE & Anitta),2024-06-14,0,https://cdn-images.dzcdn.net/images/cover/66268aaa55d7ca577d38d9f82c48dd8a/250x250-000000-80-0-0.jpg,https://www.deezer.com/album/590571112
4390053,Anitta,587644382,Posso Beijar Sua Boca ?,2024-05-18,0,https://cdn-images.dzcdn.net/images/cover/99a57dd3dd22ac6e0790003b65da37c2/250x250-000000-80-0-0.jpg,https://www.deezer.com/album/587644382
4390053,Anitta,623810581,Posso Beijar Sua Boca? (Remixes),2024-08-02,0,https://cdn-images.dzcdn.net/images/cover/5c27e50379fdf29feae8d80905b76de2/250x250-000000-80-0-0.jpg,https://www.deezer.com/album/623810581
4390053,Anitta,581224161,Na Ausência De Ti (In Assenza Di Te),2024-05-13,0,https://cdn-images.dzcdn.net/images/cover/20620b3418c8cf850f7430b637fd287c/250x250-000000-80-0-0.jpg,https://www.deezer.com/album/581224161
4390053,Anitta,581588922,"Arena y Sal (feat. Yandel, Saiko, FMK, LIT killah & Tunvao) (Remix)",2024-05-09,0,https://cdn-images.dzcdn.net/images/cover/3a246614cfa6c94abdda8bf3b4cfa60a/250x250-000000-80-0-0.jpg,https://www.deezer.com/album/581588922
4390053,Anitta,524299102,Um Por Cento (UN X100TO) (feat. Anitta) (Ao Vivo),2024-04-16,0,https://cdn-images.dzcdn.net/images/cover/31b280977529e13092d9e2103b3f3d52/250x250-000000-80-0-0.jpg,https://www.deezer.com/album/524299102
4390053,Anitta,560409002,Double Team,2024-03-22,0,https://cdn-images.dzcdn.net/images/cover/99a9119b9da6e1356f72e25c0291cec9/250x250-000000-80-0-0.jpg,https://www.deezer.com/album/560409002
4390053,Anitta,534380272,Faldas y Gistros,2024-01-25,0,https://cdn-images.dzcdn.net/images/cover/f4c1d9928f581d384ed5c8f3dbf460ed/250x250-000000-80-0-0.jpg,https://www.deezer.com/album/534380272
4390053,Anitta,532473862,Bota Niña,2024-01-12,0,https://cdn-images.dzcdn.net/images/cover/91e93ae988d562506a8a96163eceed34/250x250-000000-80-0-0.jpg,https://www.deezer.com/album/532473862
4390053,Anitta,530337442,Mil Vezes (Remix),2024-01-05,0,https://cdn-images.dzcdn.net/images/cover/20acc258803b48d6d3f66ce8b91756e4/250x250-000000-80-0-0.jpg,https://www.deezer.com/album/530337442
4390053,Anitta,523058832,Joga Pra Lua,2023-12-15,0,https://cdn-images.dzcdn.net/images/cover/27d2d69b3325f055e85b8f6316e4c381/250x250-000000-80-0-0.jpg,https://www.deezer.com/album/523058832
4390053,Anitta,518827422,Tudo Nosso (Ao Vivo),2023-12-13,0,https://cdn-images.dzcdn.net/images/cover/f7c4d9c9549a1d9a558e654d8cf1ef30/250x250-000000-80-0-0.jpg,https://www.deezer.com/album/518827422
4390053,Anitta,519930732,BELLAKEO,2023-12-07,0,https://cdn-images.dzcdn.net/images/cover/80a67189e111dd32687cd8722e968fe1/250x250-000000-80-0-0.jpg,https://www.deezer.com/album/519930732
4390053,Anitta,506885391,Monstrão,2023-11-09,0,https://cdn-images.dzcdn.net/images/cover/9d70f3382a10b5bec6683403bfd33677/250x250-000000-80-0-0.jpg,https://www.deezer.com/album/506885391
4390053,Anitta,499524341,Mil Veces,2023-10-20,0,https://cdn-images.dzcdn.net/images/cover/76179d1e2c1d53305204cadb4d925e22/250x250-000000-80-0-0.jpg,https://www.deezer.com/album/499524341
4390053,Anitta,487209285,Back for More (with Anitta),2023-09-15,0,https://cdn-images.dzcdn.net/images/cover/b5f0a965ef25f026221c7491166c2fd8/250x250-000000-80-0-0.jpg,https://www.deezer.com/album/487209285
4390053,Anitta,461289125,24 Horas,2023-07-20,0,https://cdn-images.dzcdn.net/images/cover/58419f83701a6fa50525d4adf110df13/250x250-000000-80-0-0.jpg,https://www.deezer.com/album/461289125
4390053,Anitta,455641035,Funk Rave,2023-06-23,0,https://cdn-images.dzcdn.net/images/cover/7a0f837c71cdec079eea9d051e90c98d/250x250-000000-80-0-0.jpg,https://www.deezer.com/album/455641035
4390053,Anitta,716208721,Capitán,2023-05-26,0,https://cdn-images.dzcdn.net/images/cover/96bbabda81dfae161e66c8406282cb2a/250x250-000000-80-0-0.jpg,https://www.deezer.com/album/716208721
4390053,Anitta,432380087,Vai Vendo,2023-04-27,0,https://cdn-images.dzcdn.net/images/cover/d06e00134400521a4aba38a2034684f4/250x250-000000-80-0-0.jpg,https://www.deezer.com/album/432380087
4390053,Anitta,430246497,Nu,2023-04-20,0,https://cdn-images.dzcdn.net/images/cover/02b5897ca89bbd9606aa9d80f1e9bca9/250x250-000000-80-0-0.jpg,https://www.deezer.com/album/430246497
4390053,Anitta,414975637,Pilantra,2023-03-13,0,https://cdn-images.dzcdn.net/images/cover/b76cb6fc37e10f109bbc06efb7a8c537/250x250-000000-80-0-0.jpg,https://www.deezer.com/album/414975637
4390053,Anitta,405603077,Mais Uma,2023-02-16,0,https://cdn-images.dzcdn.net/images/cover/5753935a69291b34dbc97e05b869a6c4/250x250-000000-80-0-0.jpg,https://www.deezer.com/album/405603077
4390053,Anitta,406001357,Balinha de Coração,2023-02-07,0,https://cdn-images.dzcdn.net/images/cover/81663311092b7ecb6acc39bc5ba7ef6b/250x250-000000-80-0-0.jpg,https://www.deezer.com/album/406001357
4390053,Anitta,406004467,Calma Amiga INTERLUDE,2023-02-06,0,https://cdn-images.dzcdn.net/images/cover/81663311092b7ecb6acc39bc5ba7ef6b/250x250-000000-80-0-0.jpg,https://www.deezer.com/album/406004467
4390053,Anitta,396073837,PROIBIDONA,2023-01-18,0,https://cdn-images.dzcdn.net/images/cover/05a455b653a484abaacb1638f120dcfd/250x250-000000-80-0-0.jpg,https://www.deezer.com/album/396073837
4390053,Anitta,381513947,Mel,2022-11-29,0,https://cdn-images.dzcdn.net/images/cover/880692d2dd47e0ad937fcae923a449fe/250x250-000000-80-0-0.jpg,https://www.deezer.com/album/381513947
4390053,Anitta,381514237,Avisa Lá (feat. Rebecca),2022-11-29,0,https://cdn-images.dzcdn.net/images/cover/880692d2dd47e0ad937fcae923a449fe/250x250-000000-80-0-0.jpg,https://www.deezer.com/album/381514237
4390053,Anitta,381516977,Ela Não Vale Nada,2022-11-29,0,https://cdn-images.dzcdn.net/images/cover/880692d2dd47e0ad937fcae923a449fe/250x250-000000-80-0-0.jpg,https://www.deezer.com/album/381516977
4390053,Anitta,381517037,Ai Papai,2022-11-29,0,https://cdn-images.dzcdn.net/images/cover/880692d2dd47e0ad937fcae923a449fe/250x250-000000-80-0-0.jpg,https://www.deezer.com/album/381517037
4390053,Anitta,381517657,Biquíni Vermelhinho,2022-11-29,0,https://cdn-images.dzcdn.net/images/cover/880692d2dd47e0ad937fcae923a449fe/250x250-000000-80-0-0.jpg,https://www.deezer.com/album/381517657
4390053,Anitta,381523557,Macetar,2022-11-29,0,https://cdn-images.dzcdn.net/images/cover/880692d2dd47e0ad937fcae923a449fe/250x250-000000-80-0-0.jpg,https://www.deezer.com/album/381523557
4390053,Anitta,368520877,Simply The Best,2022-10-27,0,https://cdn-images.dzcdn.net/images/cover/b09d7bf81afe416f3755f561b5d5a9f9/250x250-000000-80-0-0.jpg,https://www.deezer.com/album/368520877
4390053,Anitta,343901567,Lobby,2022-08-18,0,https://cdn-images.dzcdn.net/images/cover/0e9e607c1ae712d664e69b137d718be0/250x250-000000-80-0-0.jpg,https://www.deezer.com/album/343901567
4390053,Anitta,343106277,El Que Espera,2022-08-11,0,https://cdn-images.dzcdn.net/images/cover/5577d9b5ab258a6bf3e1773d5c403aeb/250x250-000000-80-0-0.jpg,https://www.deezer.com/album/343106277
4390053,Anitta,329296037,La Loto,2022-07-06,0,https://cdn-images.dzcdn.net/images/cover/1131f4cbf9c28c0ddcd4ba586465cdf9/250x250-000000-80-0-0.jpg,https://www.deezer.com/album/329296037
4390053,Anitta,329435767,TROPA,2022-06-29,0,https://cdn-images.dzcdn.net/images/cover/c945d88b8301397e0a8719767c7e9c15/250x250-000000-80-0-0.jpg,https://www.deezer.com/album/329435767
4390053,Anitta,333962187,Tudo Nosso,2022-06-15,0,https://cdn-images.dzcdn.net/images/cover/64686170c5d268db4e7ead1afca3fbbd/250x250-000000-80-0-0.jpg,https://www.deezer.com/album/333962187
4390053,Anitta,324221967,"DANÇARINA (feat. Nicky Jam, MC Pedrinho) (Remix)",2022-06-10,0,https://cdn-images.dzcdn.net/images/cover/5626480ab73cfe8eb486f1b2d7cd598f/250x250-000000-80-0-0.jpg,https://www.deezer.com/album/324221967
4390053,Anitta,292366402,Envolver Remix,2022-02-17,0,https://cdn-images.dzcdn.net/images/cover/34e169608cace1d07bffcd0b6823b415/250x250-000000-80-0-0.jpg,https://www.deezer.com/album/292366402
4390053,Anitta,289406812,Boys Don't Cry,2022-01-27,0,https://cdn-images.dzcdn.net/images/cover/2b88d106dc28fd296a3dc34f6ecb00d8/250x250-000000-80-0-0.jpg,https://www.deezer.com/album/289406812
4390053,Anitta,277270922,NO CHÃO NOVINHA,2021-12-09,0,https://cdn-images.dzcdn.net/images/cover/228188f43cae8bee475f6941b2ece0a4/250x250-000000-80-0-0.jpg,https://www.deezer.com/album/277270922
4390053,Anitta,269735002,Envolver,2021-11-11,0,https://cdn-images.dzcdn.net/images/cover/d4057cde2b30078608ff0b71c63f23e6/250x250-000000-80-0-0.jpg,https://www.deezer.com/album/269735002
4390053,Anitta,265817222,Quiero Rumba,2021-10-28,0,https://cdn-images.dzcdn.net/images/cover/f5ff4c5d2a91b86301512456abe0740d/250x250-000000-80-0-0.jpg,https://www.deezer.com/album/265817222
4390053,Anitta,264219882,Faking Love (feat. Saweetie),2021-10-14,0,https://cdn-images.dzcdn.net/images/cover/79381f7a87c4753d991de667c005bfef/250x250-000000-80-0-0.jpg,https://www.deezer.com/album/264219882
4390053,Anitta,613112402,Faking Love (feat. Saweetie),2021-10-13,0,https://cdn-images.dzcdn.net/images/cover/79381f7a87c4753d991de667c005bfef/250x250-000000-80-0-0.jpg,https://www.deezer.com/album/613112402
4390053,Anitta,244860862,La Mamá de la Mamá (Remix),2021-07-30,0,https://cdn-images.dzcdn.net/images/cover/489b7947a951bd3e5a624028b4bd1b46/250x250-000000-80-0-0.jpg,https://www.deezer.com/album/244860862
4390053,Anitta,242256372,SexToU,2021-07-15,0,https://cdn-images.dzcdn.net/images/cover/9d1ccbb97c282ad5f14cad189e54df33/250x250-000000-80-0-0.jpg,https://www.deezer.com/album/242256372
4390053,Anitta,238355872,Girl From Rio (Snakehips Remix),2021-06-25,0,https://cdn-images.dzcdn.net/images/cover/ae2b3edce69a441f1dd43c22ba285ffd/250x250-000000-80-0-0.jpg,https://www.deezer.com/album/238355872
4390053,Anitta,235022872,Girl From Rio (feat. DaBaby) (TroyBoi Remix),2021-06-11,0,https://cdn-images.dzcdn.net/images/cover/4c86a77bbf83325409c0bf124717c4da/250x250-000000-80-0-0.jpg,https://www.deezer.com/album/235022872
4390053,Anitta,234232852,Mon soleil,2021-06-02,0,https://cdn-images.dzcdn.net/images/cover/d37a7b1ab701e30cd46ce5977cd0f2d1/250x250-000000-80-0-0.jpg,https://www.deezer.com/album/234232852
4390053,Anitta,230417982,Girl From Rio (feat. DaBaby),2021-05-21,0,https://cdn-images.dzcdn.net/images/cover/06465218b89b6b7b760cfbbd7bf01da6/250x250-000000-80-0-0.jpg,https://www.deezer.com/album/230417982
4390053,Anitta,221844312,Girl From Rio,2021-04-29,0,https://cdn-images.dzcdn.net/images/cover/cf643b027333c0d90e61ca1db1378000/250x250-000000-80-0-0.jpg,https://www.deezer.com/album/221844312
4390053,Anitta,202824222,Loco,2021-01-29,0,https://cdn-images.dzcdn.net/images/cover/cad3096db943b097bb4cf46de08340d6/250x250-000000-80-0-0.jpg,https://www.deezer.com/album/202824222
4390053,Anitta,186975392,Me Gusta (Remix feat. Cardi B & 24kGoldn),2020-11-20,0,https://cdn-images.dzcdn.net/images/cover/3e6daf621346ce2ee343dae5b91daa15/250x250-000000-80-0-0.jpg,https://www.deezer.com/album/186975392
4390053,Anitta,187125952,Me Gusta (Remix feat. Cardi B & 24kGoldn),2020-11-19,0,https://cdn-images.dzcdn.net/images/cover/3e6daf621346ce2ee343dae5b91daa15/250x250-000000-80-0-0.jpg,https://www.deezer.com/album/187125952
4390053,Anitta,184482562,Amor Real (Holiday Song),2020-11-06,0,https://cdn-images.dzcdn.net/images/cover/0506efb9328f8ae347f15a6a3c69a58b/250x250-000000-80-0-0.jpg,https://www.deezer.com/album/184482562
4390053,Anitta,797840631,Me Gusta (Instrumental),2020-09-24,0,https://cdn-images.dzcdn.net/images/cover/f69d99c026cd5addf40f1d093212e81d/250x250-000000-80-0-0.jpg,https://www.deezer.com/album/797840631
4390053,Anitta,173478082,Me Gusta (with Cardi B & Myke Towers),2020-09-18,0,https://cdn-images.dzcdn.net/images/cover/9e357a2a6785688d5a869596919be605/250x250-000000-80-0-0.jpg,https://www.deezer.com/album/173478082
4390053,Anitta,175166472,Me Gusta (with Cardi B & Myke Towers),2020-09-17,0,https://cdn-images.dzcdn.net/images/cover/9e357a2a6785688d5a869596919be605/250x250-000000-80-0-0.jpg,https://www.deezer.com/album/175166472
4390053,Anitta,169220162,Tá com o Papato (feat. BIN),2020-08-28,0,https://cdn-images.dzcdn.net/images/cover/cff27ad504c4b66381c0e1632669cbf9/250x250-000000-80-0-0.jpg,https://www.deezer.com/album/169220162
4390053,Anitta,159175702,Tócame (feat. Arcangel & De La Ghetto),2020-07-10,0,https://cdn-images.dzcdn.net/images/cover/f8d80a8eacb4a51ba343af18c09ab9d0/250x250-000000-80-0-0.jpg,https://www.deezer.com/album/159175702
4390053,Anitta,156018732,Desce Pro Play (PA PA PA),2020-06-26,0,https://cdn-images.dzcdn.net/images/cover/bbda2c73a0ca35d83802055f97900669/250x250-000000-80-0-0.jpg,https://www.deezer.com/album/156018732
4390053,Anitta,131518422,Rave de Favela (feat. BEAM),2020-02-15,0,https://cdn-images.dzcdn.net/images/cover/0e8ec9a13e5e41aecb8d66d0574df5e5/250x250-000000-80-0-0.jpg,https://www.deezer.com/album/131518422
4390053,Anitta,128942172,Jogação,2020-01-31,0,https://cdn-images.dzcdn.net/images/cover/38cf75cc639a0ebb7354a9e58887fc09/250x250-000000-80-0-0.jpg,https://www.deezer.com/album/128942172
4390053,Anitta,721931291,Joga Sua Potranca,2020-01-17,0,https://cdn-images.dzcdn.net/images/cover/aaf2695cc15f5dbcd86e8a33928b5532/250x250-000000-80-0-0.jpg,https://www.deezer.com/album/721931291
4390053,Anitta,123860142,Até o céu,2019-12-20,0,https://cdn-images.dzcdn.net/images/cover/01b37fe2e32ce96b0629e688674060cb/250x250-000000-80-0-0.jpg,https://www.deezer.com/album/123860142
4390053,Anitta,122871662,Meu mel,2019-12-13,0,https://cdn-images.dzcdn.net/images/cover/72d808c55cc52eba62bb6837da594fce/250x250-000000-80-0-0.jpg,https://www.deezer.com/album/122871662
4390053,Anitta,119249942,Bellaquita (Remix),2019-11-22,0,https://cdn-images.dzcdn.net/images/cover/7ae665ff5bda48da0fa28923d06c9e0f/250x250-000000-80-0-0.jpg,https://www.deezer.com/album/119249942
4390053,Anitta,119749272,Combatchy (feat. MC Rebecca),2019-11-20,0,https://cdn-images.dzcdn.net/images/cover/574126df50a6eefa671d75a77d08dd89/250x250-000000-80-0-0.jpg,https://www.deezer.com/album/119749272
4390053,Anitta,116986262,Some que ele vem atrás,2019-10-30,0,https://cdn-images.dzcdn.net/images/cover/80dec0a6a24d18286f0fa44315fd586c/250x250-000000-80-0-0.jpg,https://www.deezer.com/album/116986262
4390053,Anitta,113030942,Complicado,2019-10-04,0,https://cdn-images.dzcdn.net/images/cover/8d142c72a3603097a41fc45df6e2ae62/250x250-000000-80-0-0.jpg,https://www.deezer.com/album/113030942
4390053,Anitta,113512952,eXplosion,2019-10-04,0,https://cdn-images.dzcdn.net/images/cover/0acc9ce9feb8bc54503a9ca13dd2d364/250x250-000000-80-0-0.jpg,https://www.deezer.com/album/113512952
4390053,Anitta,109672992,Contatinho (Ao Vivo),2019-09-06,0,https://cdn-images.dzcdn.net/images/cover/053c9c376d8afcf73f949a615f2fe801/250x250-000000-80-0-0.jpg,https://www.deezer.com/album/109672992
4390053,Anitta,108115322,Make It Hot (Dee Mad & Sky Remix),2019-08-23,0,https://cdn-images.dzcdn.net/images/cover/eb14b8c5d93747f5452bfbb19c2dcd43/250x250-000000-80-0-0.jpg,https://www.deezer.com/album/108115322
4390053,Anitta,103052302,Muito Calor,2019-07-11,0,https://cdn-images.dzcdn.net/images/cover/0784e1c7e37b8250cc93cc379e1e7f17/250x250-000000-80-0-0.jpg,https://www.deezer.com/album/103052302
4390053,Anitta,100450792,Pa' Lante,2019-06-21,0,https://cdn-images.dzcdn.net/images/cover/eb9a66a3b2c23305d47d1ab0774ed01b/250x250-000000-80-0-0.jpg,https://www.deezer.com/album/100450792
4390053,Anitta,100030042,Make It Hot,2019-06-19,0,https://cdn-images.dzcdn.net/images/cover/d1a5228ddc6d446c80f53f047b125f3e/250x250-000000-80-0-0.jpg,https://www.deezer.com/album/100030042
4390053,Anitta,93038332,Ugly (English Version),2019-04-03,0,https://cdn-images.dzcdn.net/images/cover/f81224d0b9a0139dda46bcb30221cdf7/250x250-000000-80-0-0.jpg,https://www.deezer.com/album/93038332
4390053,Anitta,93033872,Ugly (Fea) (Spanish Version),2019-04-02,0,https://cdn-images.dzcdn.net/images/cover/3a80ad3376b94ab4dab9f56049b66e6d/250x250-000000-80-0-0.jpg,https://www.deezer.com/album/93033872
4390053,Anitta,93095352,Ugly (Feia) (Portuguese Version),2019-04-02,0,https://cdn-images.dzcdn.net/images/cover/a7c3eb82fd5cef063eeca73a56e214fa/250x250-000000-80-0-0.jpg,https://www.deezer.com/album/93095352
4390053,Anitta,88442532,Favela chegou (Ao vivo),2019-02-27,0,https://cdn-images.dzcdn.net/images/cover/194a3e990241c90607779e81fe7411f1/250x250-000000-80-0-0.jpg,https://www.deezer.com/album/88442532
4390053,Anitta,87723852,Bola Rebola,2019-02-22,0,https://cdn-images.dzcdn.net/images/cover/2c468bf35a8eb1bbbc4ed11543fefbc1/250x250-000000-80-0-0.jpg,https://www.deezer.com/album/87723852
4390053,Anitta,87158842,Zé do caroço,2019-02-15,0,https://cdn-images.dzcdn.net/images/cover/eea1c4ff482d8737cc10f3d461365208/250x250-000000-80-0-0.jpg,https://www.deezer.com/album/87158842
4390053,Anitta,86133032,Terremoto,2019-02-01,0,https://cdn-images.dzcdn.net/images/cover/59d0c5292045e5545839154e6b454bd2/250x250-000000-80-0-0.jpg,https://www.deezer.com/album/86133032
4390053,Anitta,82221832,Mala Mía (Remix),2018-12-21,0,https://cdn-images.dzcdn.net/images/cover/e9a9d29ab37036529a796dbe53a6143b/250x250-000000-80-0-0.jpg,https://www.deezer.com/album/82221832
4390053,Anitta,78635502,Eu não vou embora,2018-11-16,0,https://cdn-images.dzcdn.net/images/cover/d3c47662ea0fbddbcb62cd48b1cf1bcc/250x250-000000-80-0-0.jpg,https://www.deezer.com/album/78635502
4390053,Anitta,76259642,Jacuzzi,2018-10-26,0,https://cdn-images.dzcdn.net/images/cover/19b94819303678cb3cc41f43a8ea68b4/250x250-000000-80-0-0.jpg,https://www.deezer.com/album/76259642
4390053,Anitta,72165782,Perdendo A Mão,2018-09-07,0,https://cdn-images.dzcdn.net/images/cover/a6f6d0546173154ca51897464677bbd8/250x250-000000-80-0-0.jpg,https://www.deezer.com/album/72165782
4390053,Anitta,68107962,Medicina,2018-07-20,0,https://cdn-images.dzcdn.net/images/cover/73d0cba85e838f9eb75cebdfa37cf597/250x250-000000-80-0-0.jpg,https://www.deezer.com/album/68107962
4390053,Anitta,64462282,Is That For Me (Chachi & Dstar Rumble Remix),2018-06-01,0,https://cdn-images.dzcdn.net/images/cover/9d8eccc1de11e2ae8ea0bdca776e571f/250x250-000000-80-0-0.jpg,https://www.deezer.com/album/64462282
4390053,Anitta,64537022,Fica Tudo Bem,2018-05-29,0,https://cdn-images.dzcdn.net/images/cover/c8294252c2dc2536793b8bf86e6d980d/250x250-000000-80-0-0.jpg,https://www.deezer.com/album/64537022
4390053,Anitta,63124592,Ao Vivo E A Cores,2018-05-11,0,https://cdn-images.dzcdn.net/images/cover/7db01ac82e4175a96048d3660d66de44/250x250-000000-80-0-0.jpg,https://www.deezer.com/album/63124592
4390053,Anitta,374431287,Romance Com Safadeza,2018-04-13,0,https://cdn-images.dzcdn.net/images/cover/773f75c57035d64bbb3ac5fd611f48ab/250x250-000000-80-0-0.jpg,https://www.deezer.com/album/374431287
4390053,Anitta,59746362,Machika (Dillon Francis Remix),2018-03-30,0,https://cdn-images.dzcdn.net/images/cover/c12fbdc126b54b7ed4f5d7d75d7deefb/250x250-000000-80-0-0.jpg,https://www.deezer.com/album/59746362
4390053,Anitta,59537212,Indecente,2018-03-26,0,https://cdn-images.dzcdn.net/images/cover/2086c67929c2cc6236fd2d58c3687699/250x250-000000-80-0-0.jpg,https://www.deezer.com/album/59537212
4390053,Anitta,59184952,"Vai Malandra (feat. Tropkillaz & DJ Yuri Martins, Alesso & KO:YU) (Remix)",2018-03-23,0,https://cdn-images.dzcdn.net/images/cover/114a5e25e1250226e6ccdbed87a89e9b/250x250-000000-80-0-0.jpg,https://www.deezer.com/album/59184952
4390053,Anitta,54853982,Machika,2018-01-19,0,https://cdn-images.dzcdn.net/images/cover/16139eec71d96ad6fe2c4f498e2254de/250x250-000000-80-0-0.jpg,https://www.deezer.com/album/54853982
4390053,Anitta,53351522,Vai malandra (feat. Tropkillaz & DJ Yuri Martins),2017-12-18,0,https://cdn-images.dzcdn.net/images/cover/2ab977ea04cdbc5accb0112bdf4cb2c0/250x250-000000-80-0-0.jpg,https://www.deezer.com/album/53351522
4390053,Anitta,53130082,Is That For Me (3LAU Remix),2017-12-13,0,https://cdn-images.dzcdn.net/images/cover/5888aac4b48868b8da33379cbe300542/250x250-000000-80-0-0.jpg,https://www.deezer.com/album/53130082
4390053,Anitta,53458812,Is That For Me (Remixes),2017-12-13,0,https://cdn-images.dzcdn.net/images/cover/86fa436ebe1c6047f90e121d106f0984/250x250-000000-80-0-0.jpg,https://www.deezer.com/album/53458812
4390053,Anitta,52351882,Coladinha em Mim (Ao Vivo),2017-12-01,0,https://cdn-images.dzcdn.net/images/cover/61adfab0ae85c0d093f251771c688111/250x250-000000-80-0-0.jpg,https://www.deezer.com/album/52351882
4390053,Anitta,51629752,Downtown,2017-11-19,0,https://cdn-images.dzcdn.net/images/cover/c438dfd87090aa3df1c86ecb4b8eddb6/250x250-000000-80-0-0.jpg,https://www.deezer.com/album/51629752
4390053,Anitta,49627442,Is That For Me,2017-10-17,0,https://cdn-images.dzcdn.net/images/cover/9cbb3d321228b113f8d723a5136067ed/250x250-000000-80-0-0.jpg,https://www.deezer.com/album/49627442
4390053,Anitta,42487501,Paradinha,2017-05-31,0,https://cdn-images.dzcdn.net/images/cover/9b1d434b7561dabaa9b9efe95f4dfe3e/250x250-000000-80-0-0.jpg,https://www.deezer.com/album/42487501
4390053,Anitta,14781369,Sí o no (feat. Maluma),2016-12-09,0,https://cdn-images.dzcdn.net/images/cover/0c8c49c7eb9fe49d05dabc867c5d1cd6/250x250-000000-80-0-0.jpg,https://www.deezer.com/album/14781369
4390053,Anitta,13678552,Sim ou não (Participação especial de Maluma),2016-07-28,0,https://cdn-images.dzcdn.net/images/cover/ce43483273bf2087a07fd709e096424c/250x250-000000-80-0-0.jpg,https://www.deezer.com/album/13678552
4390053,Anitta,11919112,O Amor Ta Aí,2015-12-11,0,https://cdn-images.dzcdn.net/images/cover/a9266d4eafb08e5a5c484046abfd163c/250x250-000000-80-0-0.jpg,https://www.deezer.com/album/11919112
4390053,Anitta,11619670,Totalmente Demais (feat. Flávio Renegado),2015-11-13,0,https://cdn-images.dzcdn.net/images/cover/58dab33283a09134b5db7a01fc48d2a5/250x250-000000-80-0-0.jpg,https://www.deezer.com/album/11619670
4390053,Anitta,11271560,Bang,2015-10-10,0,https://cdn-images.dzcdn.net/images/cover/31977743cdfe6bb2fb9aaf919b5dda44/250x250-000000-80-0-0.jpg,https://www.deezer.com/album/11271560
4390053,Anitta,11158376,Deixa Ele Sofrer (Acústico),2015-09-03,0,https://cdn-images.dzcdn.net/images/cover/1a7ec723e9524b4be97e93e115d2ac6f/250x250-000000-80-0-0.jpg,https://www.deezer.com/album/11158376
4390053,Anitta,10766234,Deixa Ele Sofrer,2015-07-17,0,https://cdn-images.dzcdn.net/images/cover/0d8fbfa4fb57f5babb3360e21e7f90a5/250x250-000000-80-0-0.jpg,https://www.deezer.com/album/10766234
4390053,Anitta,11271546,Ritmo Perfeito,2015-06-23,0,https://cdn-images.dzcdn.net/images/cover/96250b5a40cf297e1e91bf19d992e6b0/250x250-000000-80-0-0.jpg,https://www.deezer.com/album/11271546
4390053,Anitta,11278638,Cobertor (Participação Especial de Projota),2015-06-23,0,https://cdn-images.dzcdn.net/images/cover/3d664c25c7b92bf677256acfdb7dc5e4/250x250-000000-80-0-0.jpg,https://www.deezer.com/album/11278638
4390053,Anitta,11278640,No Meu Talento (Participação Especial de MC Guimê),2015-06-23,0,https://cdn-images.dzcdn.net/images/cover/96250b5a40cf297e1e91bf19d992e6b0/250x250-000000-80-0-0.jpg,https://www.deezer.com/album/11278640
4390053,Anitta,265381592,Menina Má,2014-11-03,0,https://cdn-images.dzcdn.net/images/cover/6dc9aa86432a114504ef7ddaaa5dc2ea/250x250-000000-80-0-0.jpg,https://www.deezer.com/album/265381592
4390053,Anitta,8649140,Zen (feat. Rasel),2014-09-09,0,https://cdn-images.dzcdn.net/images/cover/14490865df851ba299974112e5d9a9ec/250x250-000000-80-0-0.jpg,https://www.deezer.com/album/8649140
4390053,Anitta,15455602,Na Batida,2014-08-23,0,https://cdn-images.dzcdn.net/images/cover/84a630434186dedb8e5d13ac7a501218/250x250-000000-80-0-0.jpg,https://www.deezer.com/album/15455602
4390053,Anitta,7446431,Não Para (Boss In Drama Remix),2014-02-11,0,https://cdn-images.dzcdn.net/images/cover/2353c66f08f4bd9d7773e2842f17914f/250x250-000000-80-0-0.jpg,https://www.deezer.com/album/7446431
4390053,Anitta,7299451,Zen Remix (Club),2014-02-04,0,https://cdn-images.dzcdn.net/images/cover/c8c36dd01f68be3213378a93cfce2e7d/250x250-000000-80-0-0.jpg,https://www.deezer.com/album/7299451
4390053,Anitta,7298138,Não Para (Remix DJ Wally),2014-01-28,0,https://cdn-images.dzcdn.net/images/cover/3b8d5b43b6de9acb7c2a160ccec04d2b/250x250-000000-80-0-0.jpg,https://www.deezer.com/album/7298138
4390053,Anitta,15455516,Eu Sou Assim,2014-01-28,0,https://cdn-images.dzcdn.net/images/cover/3cfc5deeb07097f90021ed4a60342379/250x250-000000-80-0-0.jpg,https://www.deezer.com/album/15455516
4390053,Anitta,15455666,Proposta,2014-01-28,0,https://cdn-images.dzcdn.net/images/cover/3cfc5deeb07097f90021ed4a60342379/250x250-000000-80-0-0.jpg,https://www.deezer.com/album/15455666
4390053,Anitta,15455750,Cachorro Eu Tenho em Casa,2014-01-28,0,https://cdn-images.dzcdn.net/images/cover/3cfc5deeb07097f90021ed4a60342379/250x250-000000-80-0-0.jpg,https://www.deezer.com/album/15455750
4390053,Anitta,15455774,Eu vou Ficar,2014-01-28,0,https://cdn-images.dzcdn.net/images/cover/3cfc5deeb07097f90021ed4a60342379/250x250-000000-80-0-0.jpg,https://www.deezer.com/album/15455774
4390053,Anitta,6530248,Show das Poderosas,2013-04-16,0,https://cdn-images.dzcdn.net/images/cover/d43b3ade1c0614790c73437a8f333080/250x250-000000-80-0-0.jpg,https://www.deezer.com/album/6530248
4390053,Anitta,6292939,Meiga e Abusada (Single),2013-02-06,0,https://cdn-images.dzcdn.net/images/cover/45202e8a423b44c91430ea259be73bf2/250x250-000000-80-0-0.jpg,https://www.deezer.com/album/6292939
4390053,Anitta,315360347,Jingle Dia das Mães,2011-05-06,0,https://cdn-images.dzcdn.net/images/cover/d001606ff3cbbd832a172d06bb661480/250x250-000000-80-0-0.jpg,https://www.deezer.com/album/315360347
9281246,Joé Dwèt Filé,569148741,GOUMIN TERMINÉ,2024-04-12,0,https://cdn-images.dzcdn.net/images/cover/60a3693d124d782ca6146cf9431554d2/250x250-000000-80-0-0.jpg,https://www.deezer.com/album/569148741
9281246,Joé Dwèt Filé,563266532,Goumin,2024-03-29,0,https://cdn-images.dzcdn.net/images/cover/9e690c634b60f9ecaab96a11c23edc6b/250x250-000000-80-0-0.jpg,https://www.deezer.com/album/563266532
9281246,Joé Dwèt Filé,452319705,Daddy 9,2023-06-23,0,https://cdn-images.dzcdn.net/images/cover/40f930005fe326b726ff93234691cc47/250x250-000000-80-0-0.jpg,https://www.deezer.com/album/452319705
9281246,Joé Dwèt Filé,232578492,Calypso,2021-06-04,0,https://cdn-images.dzcdn.net/images/cover/df8b987f709d9c7854b02bc471b1f8ad/250x250-000000-80-0-0.jpg,https://www.deezer.com/album/232578492
9281246,Joé Dwèt Filé,296123012,Calypso : Winter Edition,2022-02-21,0,https://cdn-images.dzcdn.net/images/cover/d52da6b9b326bc6eeab68a9fce0f3182/250x250-000000-80-0-0.jpg,https://www.deezer.com/album/296123012
9281246,Joé Dwèt Filé,150991482,EIRA,2020-06-05,0,https://cdn-images.dzcdn.net/images/cover/bc6fd239a37a5a5c573da7c4e641e1d7/250x250-000000-80-0-0.jpg,https://www.deezer.com/album/150991482
9281246,Joé Dwèt Filé,448971635,A deux,2019-03-29,0,https://cdn-images.dzcdn.net/images/cover/7c58f7cace6e7d11710ed349df03723c/250x250-000000-80-0-0.jpg,https://www.deezer.com/album/448971635
9281246,Joé Dwèt Filé,252601062,#Esolf,2018-06-23,0,https://cdn-images.dzcdn.net/images/cover/14113b543a520ef1b8ad66d5b3850a4f/250x250-000000-80-0-0.jpg,https://www.deezer.com/album/252601062
9281246,Joé Dwèt Filé,823063251,T'as changé,2025-09-25,0,https://cdn-images.dzcdn.net/images/cover/5a332650b506c3f0bac7fe1ac823aa80/250x250-000000-80-0-0.jpg,https://www.deezer.com/album/823063251
9281246,Joé Dwèt Filé,799062311,Slowly,2025-08-22,0,https://cdn-images.dzcdn.net/images/cover/90b2842e2d96823266c1d3dfa117d77f/250x250-000000-80-0-0.jpg,https://www.deezer.com/album/799062311
9281246,Joé Dwèt Filé,790296041,Tu sais bien (feat. Joé Dwèt Filé),2025-07-24,0,https://cdn-images.dzcdn.net/images/cover/97ee07fde4fa74a0649708354c79a5ce/250x250-000000-80-0-0.jpg,https://www.deezer.com/album/790296041
9281246,Joé Dwèt Filé,751072321,Tout gâcher,2025-05-22,0,https://cdn-images.dzcdn.net/images/cover/e1a33054b719a936f00dc2050f3c90a9/250x250-000000-80-0-0.jpg,https://www.deezer.com/album/751072321
9281246,Joé Dwèt Filé,753236181,Baddies,2025-05-15,0,https://cdn-images.dzcdn.net/images/cover/54fde6e4d3546633187eec9cd5655eb5/250x250-000000-80-0-0.jpg,https://www.deezer.com/album/753236181
9281246,Joé Dwèt Filé,732276721,4 Kampé II,2025-03-28,0,https://cdn-images.dzcdn.net/images/cover/9817ac9ada270ea7c1f56753c0cabf33/250x250-000000-80-0-0.jpg,https://www.deezer.com/album/732276721
9281246,Joé Dwèt Filé,656774151,4 Kampé,2024-10-25,0,https://cdn-images.dzcdn.net/images/cover/2784eda09741a580d499d04944183f70/250x250-000000-80-0-0.jpg,https://www.deezer.com/album/656774151
9281246,Joé Dwèt Filé,606747582,Personne d'autre,2024-06-27,0,https://cdn-images.dzcdn.net/images/cover/a9a3a36feef0699c52b6d093a116579a/250x250-000000-80-0-0.jpg,https://www.deezer.com/album/606747582
9281246,Joé Dwèt Filé,586542772,Lollipop,2024-05-17,0,https://cdn-images.dzcdn.net/images/cover/faffab27c400e25e86ea08c2111410e0/250x250-000000-80-0-0.jpg,https://www.deezer.com/album/586542772
9281246,Joé Dwèt Filé,566160901,Ça finit mal (feat. Franglish),2024-03-28,0,https://cdn-images.dzcdn.net/images/cover/9e690c634b60f9ecaab96a11c23edc6b/250x250-000000-80-0-0.jpg,https://www.deezer.com/album/566160901
9281246,Joé Dwèt Filé,490061505,Routine Lover,2023-09-29,0,https://cdn-images.dzcdn.net/images/cover/9847e3fcdeedf41cec04bc7b4593ea13/250x250-000000-80-0-0.jpg,https://www.deezer.com/album/490061505
9281246,Joé Dwèt Filé,434845807,Plus fort,2023-09-15,0,https://cdn-images.dzcdn.net/images/cover/19fcf1a8195c67691876d1ec3eb6be92/250x250-000000-80-0-0.jpg,https://www.deezer.com/album/434845807
9281246,Joé Dwèt Filé,452768565,Bénis-moi (feat. Mirella) (Outro),2023-06-22,0,https://cdn-images.dzcdn.net/images/cover/40f930005fe326b726ff93234691cc47/250x250-000000-80-0-0.jpg,https://www.deezer.com/album/452768565
9281246,Joé Dwèt Filé,452768585,Doudou (feat. Tayron Kwidan's),2023-06-22,0,https://cdn-images.dzcdn.net/images/cover/40f930005fe326b726ff93234691cc47/250x250-000000-80-0-0.jpg,https://www.deezer.com/album/452768585
9281246,Joé Dwèt Filé,452768665,Molo (feat. Dadju),2023-06-22,0,https://cdn-images.dzcdn.net/images/cover/40f930005fe326b726ff93234691cc47/250x250-000000-80-0-0.jpg,https://www.deezer.com/album/452768665
9281246,Joé Dwèt Filé,442192737,Délire (feat. Tiakola),2023-05-26,0,https://cdn-images.dzcdn.net/images/cover/4024a0dcea2ff16b3263016b3c48ad75/250x250-000000-80-0-0.jpg,https://www.deezer.com/album/442192737
9281246,Joé Dwèt Filé,407853147,Honey Damoiseau,2023-03-03,0,https://cdn-images.dzcdn.net/images/cover/27145c75bc5e5746583056103fa0a886/250x250-000000-80-0-0.jpg,https://www.deezer.com/album/407853147
9281246,Joé Dwèt Filé,409474027,Essaie encore,2023-02-23,0,https://cdn-images.dzcdn.net/images/cover/f1651d0a2718fae83f2a50ce67f869d2/250x250-000000-80-0-0.jpg,https://www.deezer.com/album/409474027
9281246,Joé Dwèt Filé,400905447,Lov& (feat. Joé Dwèt Filé),2023-02-02,0,https://cdn-images.dzcdn.net/images/cover/a3722d6120273ae58ad3bae5b73dfe5c/250x250-000000-80-0-0.jpg,https://www.deezer.com/album/400905447
9281246,Joé Dwèt Filé,374426077,Jamais,2022-11-25,0,https://cdn-images.dzcdn.net/images/cover/6c4ee3826b7c47b9b0bbc6ea00eb2900/250x250-000000-80-0-0.jpg,https://www.deezer.com/album/374426077
9281246,Joé Dwèt Filé,378230077,Sans compter,2022-11-25,0,https://cdn-images.dzcdn.net/images/cover/7d4b4db9be39f6949284695f7c73cfca/250x250-000000-80-0-0.jpg,https://www.deezer.com/album/378230077
9281246,Joé Dwèt Filé,557211912,Meilleur,2022-11-18,0,https://cdn-images.dzcdn.net/images/cover/a2bab1a0ffe010f3fcc74f45e2ca4069/250x250-000000-80-0-0.jpg,https://www.deezer.com/album/557211912
9281246,Joé Dwèt Filé,365613127,Histoire de coeur,2022-10-28,0,https://cdn-images.dzcdn.net/images/cover/f4809b53bf6a0b952b537f0d9ebe27b7/250x250-000000-80-0-0.jpg,https://www.deezer.com/album/365613127
9281246,Joé Dwèt Filé,361535087,Madame,2022-10-14,0,https://cdn-images.dzcdn.net/images/cover/913aea8d7f2ac65ec0ece58e6d83b45a/250x250-000000-80-0-0.jpg,https://www.deezer.com/album/361535087
9281246,Joé Dwèt Filé,329916327,Gaga (feat. MHD),2022-07-01,0,https://cdn-images.dzcdn.net/images/cover/39ae9ebc2e57a84a84078750fbc9ace0/250x250-000000-80-0-0.jpg,https://www.deezer.com/album/329916327
9281246,Joé Dwèt Filé,280894131,Baby girl (feat. Leto),2022-01-07,0,https://cdn-images.dzcdn.net/images/cover/66bc019238ebd0be63dd95053be425ba/250x250-000000-80-0-0.jpg,https://www.deezer.com/album/280894131
9281246,Joé Dwèt Filé,281951542,Ma déesse,2021-12-09,0,https://cdn-images.dzcdn.net/images/cover/ac71b55831745b50b2cc0feba83cea52/250x250-000000-80-0-0.jpg,https://www.deezer.com/album/281951542
9281246,Joé Dwèt Filé,259016622,C'est toi,2021-09-24,0,https://cdn-images.dzcdn.net/images/cover/c97949cdb7a7a2ccc6b6c6ae920d4f57/250x250-000000-80-0-0.jpg,https://www.deezer.com/album/259016622
9281246,Joé Dwèt Filé,246157372,Près de toi,2021-07-22,0,https://cdn-images.dzcdn.net/images/cover/8f74adcec0707aca1dc6897c594f0def/250x250-000000-80-0-0.jpg,https://www.deezer.com/album/246157372
9281246,Joé Dwèt Filé,240770012,Billets mauves (Remix),2021-07-02,0,https://cdn-images.dzcdn.net/images/cover/fab4e8c2f16564f5d53da506520f3700/250x250-000000-80-0-0.jpg,https://www.deezer.com/album/240770012
9281246,Joé Dwèt Filé,219107832,Jolie madame (feat. Ronisia),2021-04-09,0,https://cdn-images.dzcdn.net/images/cover/349829e3dd4517ef143616607dd0aadf/250x250-000000-80-0-0.jpg,https://www.deezer.com/album/219107832
9281246,Joé Dwèt Filé,206400252,Mouiller le Maillot,2021-03-05,0,https://cdn-images.dzcdn.net/images/cover/a23343f5974d4bf0e73d58462b7c5cc9/250x250-000000-80-0-0.jpg,https://www.deezer.com/album/206400252
9281246,Joé Dwèt Filé,205518662,Bien plus fort (feat. Ya Levis),2021-02-12,0,https://cdn-images.dzcdn.net/images/cover/10882ec577ec58e3c03499f097bd7d59/250x250-000000-80-0-0.jpg,https://www.deezer.com/album/205518662
9281246,Joé Dwèt Filé,186052232,La même chose,2020-11-27,0,https://cdn-images.dzcdn.net/images/cover/7520a45f689111ddac3b4e52af70afc8/250x250-000000-80-0-0.jpg,https://www.deezer.com/album/186052232
9281246,Joé Dwèt Filé,182462862,J'ai pas changé,2020-10-30,0,https://cdn-images.dzcdn.net/images/cover/01f1f9a5630030035c7dd9b32fa36c11/250x250-000000-80-0-0.jpg,https://www.deezer.com/album/182462862
9281246,Joé Dwèt Filé,162464732,Egoïste (feat. Singuila),2020-07-28,0,https://cdn-images.dzcdn.net/images/cover/2a25307c0c88eb1d99ae5a1ce9bbde35/250x250-000000-80-0-0.jpg,https://www.deezer.com/album/162464732
9281246,Joé Dwèt Filé,111605082,Tu aurais dû en parler,2019-09-20,0,https://cdn-images.dzcdn.net/images/cover/dc144b5959c15b5e05e059483f92f791/250x250-000000-80-0-0.jpg,https://www.deezer.com/album/111605082
9281246,Joé Dwèt Filé,101416452,Dernière chance (Extrait du projet Game Over Volume 2),2019-06-29,0,https://cdn-images.dzcdn.net/images/cover/e5f08d77cc73e86976fcf36e84aa9e7b/250x250-000000-80-0-0.jpg,https://www.deezer.com/album/101416452
9281246,Joé Dwèt Filé,60619442,#TPM,2018-04-11,0,https://cdn-images.dzcdn.net/images/cover/90d8f09d0eb9dd8404679228c3fc3aee/250x250-000000-80-0-0.jpg,https://www.deezer.com/album/60619442
228,Alicia Keys,829490301,Unplugged (20th Anniversary),2025-10-03,0,https://cdn-images.dzcdn.net/images/cover/88014c2e1545283342d7e772a5bf81f2/250x250-000000-80-0-0.jpg,https://www.deezer.com/album/829490301
228,Alicia Keys,756582541,Hell's Kitchen (Original Broadway Cast Recording) (Deluxe Edition),2025-05-21,0,https://cdn-images.dzcdn.net/images/cover/9843fa0517480b9fcf8c44b02fbee8b8/250x250-000000-80-0-0.jpg,https://www.deezer.com/album/756582541
228,Alicia Keys,594064542,Hell’s Kitchen (Original Broadway Cast Recording),2024-06-08,0,https://cdn-images.dzcdn.net/images/cover/a7d716010044283e14ee02424c64412e/250x250-000000-80-0-0.jpg,https://www.deezer.com/album/594064542
228,Alicia Keys,515216252,The Diary Of Alicia Keys 20,2023-12-01,0,https://cdn-images.dzcdn.net/images/cover/afa0b6975709730f6a0463ae691ee08d/250x250-000000-80-0-0.jpg,https://www.deezer.com/album/515216252
228,Alicia Keys,436228017,Queen Charlotte: A Bridgerton Story (Covers from the Netflix Series),2023-05-04,0,https://cdn-images.dzcdn.net/images/cover/f4d1c73d5fadef71a6257e78b44f3af4/250x250-000000-80-0-0.jpg,https://www.deezer.com/album/436228017
228,Alicia Keys,489328365,Santa Baby,2022-11-04,0,https://cdn-images.dzcdn.net/images/cover/4670789094e34d9940967f5073ce10e6/250x250-000000-80-0-0.jpg,https://www.deezer.com/album/489328365
228,Alicia Keys,336326547,KEYS II,2022-08-12,0,https://cdn-images.dzcdn.net/images/cover/87b3104c75ee8eb7416ab63ca9c6f74d/250x250-000000-80-0-0.jpg,https://www.deezer.com/album/336326547
228,Alicia Keys,278407792,KEYS,2021-12-10,0,https://cdn-images.dzcdn.net/images/cover/f688f9e5c7d96cec6b1747cd992733b1/250x250-000000-80-0-0.jpg,https://www.deezer.com/album/278407792
228,Alicia Keys,193540342,ALICIA,2020-12-18,0,https://cdn-images.dzcdn.net/images/cover/54bff29c8ab9329e1c236a164d9e2761/250x250-000000-80-0-0.jpg,https://www.deezer.com/album/193540342
228,Alicia Keys,244379712,ALICIA: The Selects,2021-07-30,0,https://cdn-images.dzcdn.net/images/cover/870b44da51b391f6b888345ee907e989/250x250-000000-80-0-0.jpg,https://www.deezer.com/album/244379712
228,Alicia Keys,14459562,HERE,2016-11-04,0,https://cdn-images.dzcdn.net/images/cover/132a2ec9016682aeb361c029d8acfe46/250x250-000000-80-0-0.jpg,https://www.deezer.com/album/14459562
228,Alicia Keys,792528411,HERE (Deluxe Version),2016-11-04,0,https://cdn-images.dzcdn.net/images/cover/cea4502e5e977c6e3e7462bdd2ded484/250x250-000000-80-0-0.jpg,https://www.deezer.com/album/792528411
228,Alicia Keys,6676580,Alicia Keys - VH1 Storytellers,2013-06-21,0,https://cdn-images.dzcdn.net/images/cover/e6b61fea035a1b9e3e040a0f5c3b49ef/250x250-000000-80-0-0.jpg,https://www.deezer.com/album/6676580
228,Alicia Keys,6088144,Girl On Fire,2012-11-23,0,https://cdn-images.dzcdn.net/images/cover/fc44655a4f3058246ce0ab9c020b7141/250x250-000000-80-0-0.jpg,https://www.deezer.com/album/6088144
228,Alicia Keys,438306,The Element Of Freedom,2009-12-15,0,https://cdn-images.dzcdn.net/images/cover/74406abeb7ba1e28ebf4a7e7a01c4e1f/250x250-000000-80-0-0.jpg,https://www.deezer.com/album/438306
228,Alicia Keys,13898826,Remixed,2016-08-25,0,https://cdn-images.dzcdn.net/images/cover/ab44e0e1f7647395e79befbdf9782c01/250x250-000000-80-0-0.jpg,https://www.deezer.com/album/13898826
228,Alicia Keys,242347,As I Am (Expanded Edition),2008-11-07,0,https://cdn-images.dzcdn.net/images/cover/b9f3ff7c0514902ec94751360154f25b/250x250-000000-80-0-0.jpg,https://www.deezer.com/album/242347
228,Alicia Keys,418798807,No One (Remixes),2007-10-09,0,https://cdn-images.dzcdn.net/images/cover/78d67a9a7d986df2112c18530cf0f062/250x250-000000-80-0-0.jpg,https://www.deezer.com/album/418798807
228,Alicia Keys,1423345,Unplugged,2005-10-11,0,https://cdn-images.dzcdn.net/images/cover/aa63201f7b0d163ff0136a39f14ac6cb/250x250-000000-80-0-0.jpg,https://www.deezer.com/album/1423345
228,Alicia Keys,513923262,Diary (Remixes),2004-05-24,0,https://cdn-images.dzcdn.net/images/cover/74157d596848777294903651fd3a8fb8/250x250-000000-80-0-0.jpg,https://www.deezer.com/album/513923262
228,Alicia Keys,513923632,If I Ain't Got You (Remixes),2004-02-23,0,https://cdn-images.dzcdn.net/images/cover/e258ccfbc59ec89f1ec90b00f268aff3/250x250-000000-80-0-0.jpg,https://www.deezer.com/album/513923632
228,Alicia Keys,78637,The Diary Of Alicia Keys,2003-12-02,0,https://cdn-images.dzcdn.net/images/cover/cef30c1c2a5a63c773d26d56049c81e5/250x250-000000-80-0-0.jpg,https://www.deezer.com/album/78637
228,Alicia Keys,107584,Songs In A Minor,2001-06-05,0,https://cdn-images.dzcdn.net/images/cover/d83318951e3899a096ed96c6fd422032/250x250-000000-80-0-0.jpg,https://www.deezer.com/album/107584
228,Alicia Keys,445740965,Songs In A Minor (Deluxe Edition),2001-06-05,0,https://cdn-images.dzcdn.net/images/cover/d9810cfbbaa3ac2d81028d65279923ba/250x250-000000-80-0-0.jpg,https://www.deezer.com/album/445740965
228,Alicia Keys,81348852,Vault Volume 1,2017-04-07,0,https://cdn-images.dzcdn.net/images/cover/1ab9d65ea5a20438b167d985dcca751b/250x250-000000-80-0-0.jpg,https://www.deezer.com/album/81348852
228,Alicia Keys,13476319,In Common (The Remixes),2016-07-01,0,https://cdn-images.dzcdn.net/images/cover/44375c4b65858a2e9016e2350da61c37/250x250-000000-80-0-0.jpg,https://www.deezer.com/album/13476319
228,Alicia Keys,6030697,Girl on Fire (Remixes) - EP,2012-11-18,0,https://cdn-images.dzcdn.net/images/cover/36c185941d3fd043ff9861d89040ba46/250x250-000000-80-0-0.jpg,https://www.deezer.com/album/6030697
228,Alicia Keys,1372384,No One - EP,2007-09-11,0,https://cdn-images.dzcdn.net/images/cover/78d67a9a7d986df2112c18530cf0f062/250x250-000000-80-0-0.jpg,https://www.deezer.com/album/1372384
228,Alicia Keys,220451,Diary (Dance Vault Mixes) - EP,2006-06-06,0,https://cdn-images.dzcdn.net/images/cover/8aa9f06c46240b918a4ec0e47e376113/250x250-000000-80-0-0.jpg,https://www.deezer.com/album/220451
228,Alicia Keys,513922542,Karma (Remixes),2004-11-01,0,https://cdn-images.dzcdn.net/images/cover/5948386e9e8ac300707288374c12633e/250x250-000000-80-0-0.jpg,https://www.deezer.com/album/513922542
228,Alicia Keys,86410742,If I Ain't Got You EP,2004-02-17,0,https://cdn-images.dzcdn.net/images/cover/e258ccfbc59ec89f1ec90b00f268aff3/250x250-000000-80-0-0.jpg,https://www.deezer.com/album/86410742
228,Alicia Keys,513923292,You Don't Know My Name EP,2003-11-10,0,https://cdn-images.dzcdn.net/images/cover/b382be50bc59b9a9f5aaec644663b169/250x250-000000-80-0-0.jpg,https://www.deezer.com/album/513923292
228,Alicia Keys,756372731,If I Ain't Got You (Tank's Version),2025-05-16,0,https://cdn-images.dzcdn.net/images/cover/4eeb79dee47faf223979458846b82959/250x250-000000-80-0-0.jpg,https://www.deezer.com/album/756372731
228,Alicia Keys,593613732,"Kaleidoscope (From the New Broadway Musical ""Hell's Kitchen"")",2024-06-01,0,https://cdn-images.dzcdn.net/images/cover/a7d716010044283e14ee02424c64412e/250x250-000000-80-0-0.jpg,https://www.deezer.com/album/593613732
228,Alicia Keys,560760472,"Kaleidoscope (From The New Broadway Musical ""Hell's Kitchen"")",2024-03-22,0,https://cdn-images.dzcdn.net/images/cover/43cb12712dd5e2697d3da96f8fa5e7f7/250x250-000000-80-0-0.jpg,https://www.deezer.com/album/560760472
228,Alicia Keys,734374691,Kaleidoscope (From Hell's Kitchen),2024-03-22,0,https://cdn-images.dzcdn.net/images/cover/29177690d8d19b1cadc5c1315d50b01b/250x250-000000-80-0-0.jpg,https://www.deezer.com/album/734374691
228,Alicia Keys,505240041,Golden Child,2023-11-02,0,https://cdn-images.dzcdn.net/images/cover/ba685432bcd8cbe0f3866c540a8a0645/250x250-000000-80-0-0.jpg,https://www.deezer.com/album/505240041
228,Alicia Keys,451603425,If I Ain't Got You (feat. Queen Charlotte's Global Orchestra) (Spanish Version),2023-06-15,0,https://cdn-images.dzcdn.net/images/cover/b2ba8331c2a3acabd1e4ac678a34dff5/250x250-000000-80-0-0.jpg,https://www.deezer.com/album/451603425
228,Alicia Keys,436042747,If I Ain't Got You (feat. Queen Charlotte's Global Orchestra) (Orchestral - from Queen Charlotte: A Bridgerton Story Covers from the Netflix Series),2023-05-03,0,https://cdn-images.dzcdn.net/images/cover/bf6bdd09280a26f878f09aec27252564/250x250-000000-80-0-0.jpg,https://www.deezer.com/album/436042747
228,Alicia Keys,366422267,December Back 2 June,2022-10-28,0,https://cdn-images.dzcdn.net/images/cover/86b26920f5f1c16a389e8e767e794b43/250x250-000000-80-0-0.jpg,https://www.deezer.com/album/366422267
228,Alicia Keys,360978197,Trillions (feat. Brent Faiyaz) (Radio Edit),2022-08-11,0,https://cdn-images.dzcdn.net/images/cover/87b3104c75ee8eb7416ab63ca9c6f74d/250x250-000000-80-0-0.jpg,https://www.deezer.com/album/360978197
228,Alicia Keys,360982247,Trillions (feat. Brent Faiyaz) (Radio Edit),2022-08-10,0,https://cdn-images.dzcdn.net/images/cover/87b3104c75ee8eb7416ab63ca9c6f74d/250x250-000000-80-0-0.jpg,https://www.deezer.com/album/360982247
228,Alicia Keys,307462987,City of Gods (Part II),2022-04-07,0,https://cdn-images.dzcdn.net/images/cover/413f61003840ff3c10604a210992e110/250x250-000000-80-0-0.jpg,https://www.deezer.com/album/307462987
228,Alicia Keys,733934861,City of Gods (Pt. II),2022-04-07,0,https://cdn-images.dzcdn.net/images/cover/bff42e80d9e1792161c1f74b6d095920/250x250-000000-80-0-0.jpg,https://www.deezer.com/album/733934861
228,Alicia Keys,294824962,City of Gods,2022-02-11,0,https://cdn-images.dzcdn.net/images/cover/c7bfa3858d68a6ec34b6a7050285c00d/250x250-000000-80-0-0.jpg,https://www.deezer.com/album/294824962
228,Alicia Keys,266000682,Best Of Me,2021-10-29,0,https://cdn-images.dzcdn.net/images/cover/d95d4a19903d6a60cc1a5901bcbd17fa/250x250-000000-80-0-0.jpg,https://www.deezer.com/album/266000682
228,Alicia Keys,255917882,LALA (Unlocked) (feat. Swae Lee),2021-09-09,0,https://cdn-images.dzcdn.net/images/cover/d2052c1477ff500255a3d777ccc83198/250x250-000000-80-0-0.jpg,https://www.deezer.com/album/255917882
228,Alicia Keys,242809152,Fallin' - ASMR Sessions,2021-07-08,0,https://cdn-images.dzcdn.net/images/cover/e85674c9deae0c65a65c22d21590f1ed/250x250-000000-80-0-0.jpg,https://www.deezer.com/album/242809152
228,Alicia Keys,229880632,Underdog (Nicky Jam & Rauw Alejandro Remix),2021-05-14,0,https://cdn-images.dzcdn.net/images/cover/84273ec5e4cd631fe18760ef40615706/250x250-000000-80-0-0.jpg,https://www.deezer.com/album/229880632
228,Alicia Keys,192746192,Wasted Energy (feat. Kaash Paige & Diamond Platnumz) (Remix),2020-12-17,0,https://cdn-images.dzcdn.net/images/cover/54bff29c8ab9329e1c236a164d9e2761/250x250-000000-80-0-0.jpg,https://www.deezer.com/album/192746192
228,Alicia Keys,182925042,A Beautiful Noise,2020-10-29,0,https://cdn-images.dzcdn.net/images/cover/3a937c45ae07a844fe6c8b24c139a203/250x250-000000-80-0-0.jpg,https://www.deezer.com/album/182925042
228,Alicia Keys,139250242,Underdog (Acoustic Version),2020-04-02,0,https://cdn-images.dzcdn.net/images/cover/22766c13c9a39656505dbf25c3557d9c/250x250-000000-80-0-0.jpg,https://www.deezer.com/album/139250242
228,Alicia Keys,137990922,Underdog (feat. Chronixx & Protoje),2020-03-27,0,https://cdn-images.dzcdn.net/images/cover/9a755f40409f5c27b1462fdb1ba66301/250x250-000000-80-0-0.jpg,https://www.deezer.com/album/137990922
228,Alicia Keys,128487062,Time Machine (Remixes),2020-01-31,0,https://cdn-images.dzcdn.net/images/cover/6a2dfd473135a541326b41fd765ff2b2/250x250-000000-80-0-0.jpg,https://www.deezer.com/album/128487062
228,Alicia Keys,122063092,The Christmas Song,2019-12-13,0,https://cdn-images.dzcdn.net/images/cover/9c9e304f2f13bafea6489ac2693601fe/250x250-000000-80-0-0.jpg,https://www.deezer.com/album/122063092
228,Alicia Keys,119187612,Time Machine,2019-11-20,0,https://cdn-images.dzcdn.net/images/cover/dd9da5b3b719087dc9c1f15df2dcf90a/250x250-000000-80-0-0.jpg,https://www.deezer.com/album/119187612
228,Alicia Keys,117377912,Show Me Love (feat. 21 Savage & Miguel),2019-10-30,0,https://cdn-images.dzcdn.net/images/cover/6d3d6fd2cba9e8c45b08787c4f66441b/250x250-000000-80-0-0.jpg,https://www.deezer.com/album/117377912
228,Alicia Keys,93396902,Calma (Alicia Remix),2019-04-19,0,https://cdn-images.dzcdn.net/images/cover/ef6934d2a88bc654ad18a45d9bc48e37/250x250-000000-80-0-0.jpg,https://www.deezer.com/album/93396902
228,Alicia Keys,86562032,Raise A Man,2019-02-10,0,https://cdn-images.dzcdn.net/images/cover/59e964457d7d9939f3b7dbd91399947c/250x250-000000-80-0-0.jpg,https://www.deezer.com/album/86562032
228,Alicia Keys,64186412,Us,2018-05-23,0,https://cdn-images.dzcdn.net/images/cover/49deb0d2e2dfece8ce1ddb0afc2b2e2d/250x250-000000-80-0-0.jpg,https://www.deezer.com/album/64186412
228,Alicia Keys,14401234,Holy War,2016-10-28,0,https://cdn-images.dzcdn.net/images/cover/132a2ec9016682aeb361c029d8acfe46/250x250-000000-80-0-0.jpg,https://www.deezer.com/album/14401234
228,Alicia Keys,14238974,Blended Family (What You Do For Love) (feat. A$AP Rocky),2016-10-07,0,https://cdn-images.dzcdn.net/images/cover/61d07fe8359506120989a09de1f006ae/250x250-000000-80-0-0.jpg,https://www.deezer.com/album/14238974
228,Alicia Keys,13954650,"Back To Life (from Disney's ""Queen of Katwe"")",2016-09-01,0,https://cdn-images.dzcdn.net/images/cover/374c4ddd1219bbb9439d4dad7003a3d7/250x250-000000-80-0-0.jpg,https://www.deezer.com/album/13954650
228,Alicia Keys,13562317,In Common (Kaskade Remix),2016-07-12,0,https://cdn-images.dzcdn.net/images/cover/e8afb251b33dc1c56f28ce350970a6b9/250x250-000000-80-0-0.jpg,https://www.deezer.com/album/13562317
228,Alicia Keys,13562319,In Common (Kaskade Radio Mix),2016-07-12,0,https://cdn-images.dzcdn.net/images/cover/e8afb251b33dc1c56f28ce350970a6b9/250x250-000000-80-0-0.jpg,https://www.deezer.com/album/13562319
228,Alicia Keys,13367213,Hallelujah,2016-06-17,0,https://cdn-images.dzcdn.net/images/cover/b95703335928204194bd28d4edb33ca3/250x250-000000-80-0-0.jpg,https://www.deezer.com/album/13367213
228,Alicia Keys,13018600,In Common,2016-05-04,0,https://cdn-images.dzcdn.net/images/cover/315497ff595a2dc745459fc524acb8d8/250x250-000000-80-0-0.jpg,https://www.deezer.com/album/13018600
228,Alicia Keys,10916806,28 Thousand Days,2015-07-31,0,https://cdn-images.dzcdn.net/images/cover/8474c204f4e6c42a275998ee19d5b231/250x250-000000-80-0-0.jpg,https://www.deezer.com/album/10916806
228,Alicia Keys,8604430,We Are Here,2014-09-15,0,https://cdn-images.dzcdn.net/images/cover/752f0107074eb27d9bcc6b911f9b2445/250x250-000000-80-0-0.jpg,https://www.deezer.com/album/8604430
228,Alicia Keys,7703023,It's On Again (feat. Kendrick Lamar) (From The Amazing Spider-Man 2 Soundtrack),2014-04-25,0,https://cdn-images.dzcdn.net/images/cover/1e90fa4d10e3634935551fcb0a2e22cc/250x250-000000-80-0-0.jpg,https://www.deezer.com/album/7703023
228,Alicia Keys,6565635,Tears Always Win (Single Mix),2013-05-07,0,https://cdn-images.dzcdn.net/images/cover/3fbf5897b24375865f4c4a2a751b7c70/250x250-000000-80-0-0.jpg,https://www.deezer.com/album/6565635
228,Alicia Keys,573907,Un-thinkable (I'm Ready) (feat. Drake) (Remix),2010-05-28,0,https://cdn-images.dzcdn.net/images/cover/b5c6545d09863d0c7ccdd6f0e286b405/250x250-000000-80-0-0.jpg,https://www.deezer.com/album/573907
228,Alicia Keys,503722,Try Sleeping With A Broken Heart - EP,2009-11-17,0,https://cdn-images.dzcdn.net/images/cover/ba49282af237cfdec6764c09c15170f4/250x250-000000-80-0-0.jpg,https://www.deezer.com/album/503722
228,Alicia Keys,438572,Doesn't Mean Anything - EP,2009-09-22,0,https://cdn-images.dzcdn.net/images/cover/2ffa559695686759260155e5c4006490/250x250-000000-80-0-0.jpg,https://www.deezer.com/album/438572
228,Alicia Keys,1208626,Superwoman,2008-08-30,0,https://cdn-images.dzcdn.net/images/cover/07ea8c49d88b772334de75179bae5f58/250x250-000000-80-0-0.jpg,https://www.deezer.com/album/1208626
228,Alicia Keys,1208568,Superwoman,2008-07-29,0,https://cdn-images.dzcdn.net/images/cover/a9022b98bb7dc2b684f0c4d3e7b1d701/250x250-000000-80-0-0.jpg,https://www.deezer.com/album/1208568
228,Alicia Keys,1207174,Teenage Love Affair,2008-06-28,0,https://cdn-images.dzcdn.net/images/cover/b4a5a3ad323284759e5fe56b9a2aa411/250x250-000000-80-0-0.jpg,https://www.deezer.com/album/1207174
228,Alicia Keys,1435002,Like You'll Never See Me Again (feat. Ludacris) (Remix),2007-11-26,0,https://cdn-images.dzcdn.net/images/cover/c4f9ff8e00272cbcac72485e21e35ca1/250x250-000000-80-0-0.jpg,https://www.deezer.com/album/1435002
13330,Lynda,757536311,L'album du mâle,2025-05-22,0,https://cdn-images.dzcdn.net/images/cover/be3c04588a5c0a54370543a572127336/250x250-000000-80-0-0.jpg,https://www.deezer.com/album/757536311
13330,Lynda,540936572,Un peu de moi (Pt. 2),2024-02-09,0,https://cdn-images.dzcdn.net/images/cover/46fef692a9406d9dd1545859ca4c5623/250x250-000000-80-0-0.jpg,https://www.deezer.com/album/540936572
13330,Lynda,427491907,Un peu de moi,2023-04-28,0,https://cdn-images.dzcdn.net/images/cover/95c7dd000d200ee617427214cc22f349/250x250-000000-80-0-0.jpg,https://www.deezer.com/album/427491907
13330,Lynda,203424102,Papillon,2021-01-29,0,https://cdn-images.dzcdn.net/images/cover/92b1162b49ed3a9250c7cbbbcc4188eb/250x250-000000-80-0-0.jpg,https://www.deezer.com/album/203424102
13330,Lynda,236665542,Papillon (Réédition),2021-06-17,0,https://cdn-images.dzcdn.net/images/cover/96ae623925b71c74fea832386c1d5c28/250x250-000000-80-0-0.jpg,https://www.deezer.com/album/236665542
13330,Lynda,261034542,Papillon (Réédition),2021-09-30,0,https://cdn-images.dzcdn.net/images/cover/96ae623925b71c74fea832386c1d5c28/250x250-000000-80-0-0.jpg,https://www.deezer.com/album/261034542
13330,Lynda,782287251,Longue Vie,2025-07-11,0,https://cdn-images.dzcdn.net/images/cover/7e7e477aa78628e18592d2f40bd16a56/250x250-000000-80-0-0.jpg,https://www.deezer.com/album/782287251
13330,Lynda,747666481,Piments,2025-04-29,0,https://cdn-images.dzcdn.net/images/cover/ab370784439e4040b2f838de9d5d3b77/250x250-000000-80-0-0.jpg,https://www.deezer.com/album/747666481
13330,Lynda,734093381,Fausse couche,2025-04-03,0,https://cdn-images.dzcdn.net/images/cover/be3c04588a5c0a54370543a572127336/250x250-000000-80-0-0.jpg,https://www.deezer.com/album/734093381
13330,Lynda,716560081,Introspection,2025-02-23,0,https://cdn-images.dzcdn.net/images/cover/632026e40dc334f9370a77e29db00654/250x250-000000-80-0-0.jpg,https://www.deezer.com/album/716560081
13330,Lynda,670699931,1 Minute,2024-11-21,0,https://cdn-images.dzcdn.net/images/cover/6910baa18088f3beada579a7b46e6514/250x250-000000-80-0-0.jpg,https://www.deezer.com/album/670699931
13330,Lynda,640954321,Après l'été,2024-09-20,0,https://cdn-images.dzcdn.net/images/cover/8a88bbdcc65952a4432e12216e10f7c6/250x250-000000-80-0-0.jpg,https://www.deezer.com/album/640954321
13330,Lynda,594002352,Passe ton chemin,2024-06-14,0,https://cdn-images.dzcdn.net/images/cover/2de3ee6926f0a4107f6052287a082c8c/250x250-000000-80-0-0.jpg,https://www.deezer.com/album/594002352
13330,Lynda,498946791,Au suivant,2023-10-27,0,https://cdn-images.dzcdn.net/images/cover/77cd9b7f28d10132b077d8752f643a3b/250x250-000000-80-0-0.jpg,https://www.deezer.com/album/498946791
13330,Lynda,465760135,Rockstar (Extrait de la Bande Originale du film « Les Déguns 2 »),2023-07-21,0,https://cdn-images.dzcdn.net/images/cover/e36b5dfb46a09826f8c64755a6a73441/250x250-000000-80-0-0.jpg,https://www.deezer.com/album/465760135
13330,Lynda,499785671,V8,2023-07-14,0,https://cdn-images.dzcdn.net/images/cover/30214460b2acb87cd4bbdb62f48d0226/250x250-000000-80-0-0.jpg,https://www.deezer.com/album/499785671
13330,Lynda,452267215,Lonely,2023-06-15,0,https://cdn-images.dzcdn.net/images/cover/8af9c07253b19c4fc22b375060991fad/250x250-000000-80-0-0.jpg,https://www.deezer.com/album/452267215
13330,Lynda,435442507,Câlin (feat. Soolking),2023-05-01,0,https://cdn-images.dzcdn.net/images/cover/95c7dd000d200ee617427214cc22f349/250x250-000000-80-0-0.jpg,https://www.deezer.com/album/435442507
13330,Lynda,408970537,La belle époque,2023-03-03,0,https://cdn-images.dzcdn.net/images/cover/caa177be9dfe6acc10d78659bd47ab05/250x250-000000-80-0-0.jpg,https://www.deezer.com/album/408970537
13330,Lynda,375273967,Fini d'espérer,2022-11-25,0,https://cdn-images.dzcdn.net/images/cover/e2432a6253cbd36f52489d19fb9dd261/250x250-000000-80-0-0.jpg,https://www.deezer.com/album/375273967
13330,Lynda,333643217,Coco Chanel,2022-07-15,0,https://cdn-images.dzcdn.net/images/cover/e583d65cf63df1a1184811876d21d84d/250x250-000000-80-0-0.jpg,https://www.deezer.com/album/333643217
13330,Lynda,319564997,"J'la connais, Pt. 1 (Remix)",2022-05-24,0,https://cdn-images.dzcdn.net/images/cover/6b180e46a742b5fad9aaaa8393078765/250x250-000000-80-0-0.jpg,https://www.deezer.com/album/319564997
13330,Lynda,311248197,Dis-le moi,2022-04-15,0,https://cdn-images.dzcdn.net/images/cover/932d94a9ebbe7d22b123ea26501289ca/250x250-000000-80-0-0.jpg,https://www.deezer.com/album/311248197
13330,Lynda,303297147,J'ai des doutes,2022-03-18,0,https://cdn-images.dzcdn.net/images/cover/5ae33cd847241d0f31ca0b7f2b44121d/250x250-000000-80-0-0.jpg,https://www.deezer.com/album/303297147
13330,Lynda,269049232,Je me sens seul,2021-11-04,0,https://cdn-images.dzcdn.net/images/cover/33aabba2d0f45a4fe37ac3a7642641be/250x250-000000-80-0-0.jpg,https://www.deezer.com/album/269049232
13330,Lynda,269050072,Cœur de pirate,2021-11-04,0,https://cdn-images.dzcdn.net/images/cover/33aabba2d0f45a4fe37ac3a7642641be/250x250-000000-80-0-0.jpg,https://www.deezer.com/album/269050072
13330,Lynda,261030112,Ciao,2021-10-21,0,https://cdn-images.dzcdn.net/images/cover/96ae623925b71c74fea832386c1d5c28/250x250-000000-80-0-0.jpg,https://www.deezer.com/album/261030112
13330,Lynda,190328882,À qui la faute ?,2020-12-03,0,https://cdn-images.dzcdn.net/images/cover/4c6b5edf1a379bd8aebaaf90c14452a4/250x250-000000-80-0-0.jpg,https://www.deezer.com/album/190328882
13330,Lynda,173189732,Viens on parle (Rework Version),2020-09-15,0,https://cdn-images.dzcdn.net/images/cover/92b1162b49ed3a9250c7cbbbcc4188eb/250x250-000000-80-0-0.jpg,https://www.deezer.com/album/173189732
13330,Lynda,163168012,Viens on parle,2020-07-30,0,https://cdn-images.dzcdn.net/images/cover/cd6eb7429da83a1642b1dc91a601c8d2/250x250-000000-80-0-0.jpg,https://www.deezer.com/album/163168012
13330,Lynda,155987762,Double Peine,2020-06-25,0,https://cdn-images.dzcdn.net/images/cover/c15e489b7f6416598d1f63182beed625/250x250-000000-80-0-0.jpg,https://www.deezer.com/album/155987762
13330,Lynda,122155002,Si tu m'aimes,2019-12-12,0,https://cdn-images.dzcdn.net/images/cover/e2d8e2025fc4f3171affd96fdbe6de61/250x250-000000-80-0-0.jpg,https://www.deezer.com/album/122155002
13330,Lynda,107877352,Homme parfait,2019-08-30,0,https://cdn-images.dzcdn.net/images/cover/47ce19848b1b3131667ab2ded0a2898a/250x250-000000-80-0-0.jpg,https://www.deezer.com/album/107877352
13330,Lynda,89324682,Adieu,2019-03-08,0,https://cdn-images.dzcdn.net/images/cover/3c9d0b9fdfbe0e40ada551d52a4b8bac/250x250-000000-80-0-0.jpg,https://www.deezer.com/album/89324682
13330,Lynda,76259012,Ma berceuse,2018-10-27,0,https://cdn-images.dzcdn.net/images/cover/3133ee37ccba12d69872c8710143d6ca/250x250-000000-80-0-0.jpg,https://www.deezer.com/album/76259012
13330,Lynda,51307382,L'amour ne suffit pas,2017-11-15,0,https://cdn-images.dzcdn.net/images/cover/ae0d4f3dab440e575b6f6c8506b31f0d/250x250-000000-80-0-0.jpg,https://www.deezer.com/album/51307382
13330,Lynda,51307392,L'amour ne suffit pas (version arabe),2017-11-15,0,https://cdn-images.dzcdn.net/images/cover/6de2b424962f95038a7b6ea46f8b4132/250x250-000000-80-0-0.jpg,https://www.deezer.com/album/51307392
13330,Lynda,41035261,J'ose pas (feat. Kent Jones),2017-05-17,0,https://cdn-images.dzcdn.net/images/cover/a8b36161b5871332843e4787344fa5a6/250x250-000000-80-0-0.jpg,https://www.deezer.com/album/41035261
13330,Lynda,15835892,Conscience,2017-04-04,0,https://cdn-images.dzcdn.net/images/cover/907ee465ded6e1e60962f3f9becedfc1/250x250-000000-80-0-0.jpg,https://www.deezer.com/album/15835892
13330,Lynda,9559060,Reste,2015-01-30,0,https://cdn-images.dzcdn.net/images/cover/d81e99f0933636ec910a45bfd8332f8a/250x250-000000-80-0-0.jpg,https://www.deezer.com/album/9559060
49569672,Imen Es,757536311,L'album du mâle,2025-05-22,0,https://cdn-images.dzcdn.net/images/cover/be3c04588a5c0a54370543a572127336/250x250-000000-80-0-0.jpg,https://www.deezer.com/album/757536311
49569672,Imen Es,591326112,Train de vie,2024-05-30,0,https://cdn-images.dzcdn.net/images/cover/30673fc521a9afde68301a25d1a9cc16/250x250-000000-80-0-0.jpg,https://www.deezer.com/album/591326112
49569672,Imen Es,626832361,Train de vie (DK Édition),2024-08-15,0,https://cdn-images.dzcdn.net/images/cover/30673fc521a9afde68301a25d1a9cc16/250x250-000000-80-0-0.jpg,https://www.deezer.com/album/626832361
49569672,Imen Es,277040362,ES,2021-12-02,0,https://cdn-images.dzcdn.net/images/cover/0e5301b69bc15e7d4703b36a06f413b0/250x250-000000-80-0-0.jpg,https://www.deezer.com/album/277040362
49569672,Imen Es,723370661,Nos vies,2020-02-16,0,https://cdn-images.dzcdn.net/images/cover/f7d38dac2f8efeb74ac99d9b6ca97340/250x250-000000-80-0-0.jpg,https://www.deezer.com/album/723370661
49569672,Imen Es,723370701,Nos vies (Réédition),2020-09-18,0,https://cdn-images.dzcdn.net/images/cover/06a0d6dc1469ff445ff303fc823d8cc7/250x250-000000-80-0-0.jpg,https://www.deezer.com/album/723370701
49569672,Imen Es,626833341,DK,2024-08-15,0,https://cdn-images.dzcdn.net/images/cover/4a1e20292c599786a135e34bbc34f2cf/250x250-000000-80-0-0.jpg,https://www.deezer.com/album/626833341
49569672,Imen Es,747666481,Piments,2025-04-29,0,https://cdn-images.dzcdn.net/images/cover/ab370784439e4040b2f838de9d5d3b77/250x250-000000-80-0-0.jpg,https://www.deezer.com/album/747666481
49569672,Imen Es,734093381,Fausse couche,2025-04-03,0,https://cdn-images.dzcdn.net/images/cover/be3c04588a5c0a54370543a572127336/250x250-000000-80-0-0.jpg,https://www.deezer.com/album/734093381
49569672,Imen Es,716560081,Introspection,2025-02-23,0,https://cdn-images.dzcdn.net/images/cover/632026e40dc334f9370a77e29db00654/250x250-000000-80-0-0.jpg,https://www.deezer.com/album/716560081
49569672,Imen Es,670699931,1 Minute,2024-11-21,0,https://cdn-images.dzcdn.net/images/cover/6910baa18088f3beada579a7b46e6514/250x250-000000-80-0-0.jpg,https://www.deezer.com/album/670699931
49569672,Imen Es,626832371,Quitter,2024-08-15,0,https://cdn-images.dzcdn.net/images/cover/4a1e20292c599786a135e34bbc34f2cf/250x250-000000-80-0-0.jpg,https://www.deezer.com/album/626832371
49569672,Imen Es,626832381,Toi et moi,2024-08-15,0,https://cdn-images.dzcdn.net/images/cover/4a1e20292c599786a135e34bbc34f2cf/250x250-000000-80-0-0.jpg,https://www.deezer.com/album/626832381
49569672,Imen Es,577106801,T'oublier,2024-04-25,0,https://cdn-images.dzcdn.net/images/cover/bb36dad26f62480370067bd84afbecfc/250x250-000000-80-0-0.jpg,https://www.deezer.com/album/577106801
49569672,Imen Es,491400995,Parler de nous,2023-09-28,0,https://cdn-images.dzcdn.net/images/cover/aa25cb2d8975154fba14f2fb76dd4448/250x250-000000-80-0-0.jpg,https://www.deezer.com/album/491400995
49569672,Imen Es,508587521,Petit génie,2023-11-06,0,https://cdn-images.dzcdn.net/images/cover/e29532646a0283b143714e13c22686d2/250x250-000000-80-0-0.jpg,https://www.deezer.com/album/508587521
49569672,Imen Es,464344075,Pour nous,2023-07-20,0,https://cdn-images.dzcdn.net/images/cover/a96f0bea16ae2b40c6588f12dadb07a3/250x250-000000-80-0-0.jpg,https://www.deezer.com/album/464344075
49569672,Imen Es,447988265,Kassïm,2023-06-04,0,https://cdn-images.dzcdn.net/images/cover/525349453d0b37f56582f8376744168e/250x250-000000-80-0-0.jpg,https://www.deezer.com/album/447988265
49569672,Imen Es,433462217,Dua Lipa,2023-04-27,0,https://cdn-images.dzcdn.net/images/cover/b7b84694589f0192ee6f1f24e7421f00/250x250-000000-80-0-0.jpg,https://www.deezer.com/album/433462217
49569672,Imen Es,401997997,Si Baba,2023-02-02,0,https://cdn-images.dzcdn.net/images/cover/92da81f76283638b32a45910cddd670d/250x250-000000-80-0-0.jpg,https://www.deezer.com/album/401997997
49569672,Imen Es,386340397,Joujou,2022-12-16,0,https://cdn-images.dzcdn.net/images/cover/b497dd2f73b2ef5b76168a3df1089291/250x250-000000-80-0-0.jpg,https://www.deezer.com/album/386340397
49569672,Imen Es,367265897,Pervers narcissique,2022-10-20,0,https://cdn-images.dzcdn.net/images/cover/77c68ca970b5ecea6140d6a317251793/250x250-000000-80-0-0.jpg,https://www.deezer.com/album/367265897
49569672,Imen Es,356215897,PARANOÏAQUE,2022-10-06,0,https://cdn-images.dzcdn.net/images/cover/d54c2077646f0f191b5b7e576323e239/250x250-000000-80-0-0.jpg,https://www.deezer.com/album/356215897
49569672,Imen Es,332775947,Piqué,2022-07-07,0,https://cdn-images.dzcdn.net/images/cover/bfa51423422f92bd8ed5f221c3a09c61/250x250-000000-80-0-0.jpg,https://www.deezer.com/album/332775947
49569672,Imen Es,293275142,Vie de rêve,2022-02-10,0,https://cdn-images.dzcdn.net/images/cover/0d5035c29fa4aa93108857e35c38fe9e/250x250-000000-80-0-0.jpg,https://www.deezer.com/album/293275142
49569672,Imen Es,277040332,Alors,2021-12-02,0,https://cdn-images.dzcdn.net/images/cover/0e5301b69bc15e7d4703b36a06f413b0/250x250-000000-80-0-0.jpg,https://www.deezer.com/album/277040332
49569672,Imen Es,277040342,Nous deux,2021-12-02,0,https://cdn-images.dzcdn.net/images/cover/0e5301b69bc15e7d4703b36a06f413b0/250x250-000000-80-0-0.jpg,https://www.deezer.com/album/277040342
49569672,Imen Es,275164202,Apollo creed,2021-11-25,0,https://cdn-images.dzcdn.net/images/cover/9612619bf3f9d4afdf4e43ca2854060b/250x250-000000-80-0-0.jpg,https://www.deezer.com/album/275164202
49569672,Imen Es,273434962,Dans ma tête,2021-11-18,0,https://cdn-images.dzcdn.net/images/cover/9a021b7bca9966e28c2bf11dacad3f14/250x250-000000-80-0-0.jpg,https://www.deezer.com/album/273434962
49569672,Imen Es,269049232,Je me sens seul,2021-11-04,0,https://cdn-images.dzcdn.net/images/cover/33aabba2d0f45a4fe37ac3a7642641be/250x250-000000-80-0-0.jpg,https://www.deezer.com/album/269049232
49569672,Imen Es,263703922,Fantôme,2021-10-07,0,https://cdn-images.dzcdn.net/images/cover/2f3053018e606c309abe9790e917e9da/250x250-000000-80-0-0.jpg,https://www.deezer.com/album/263703922
49569672,Imen Es,232875402,Essaie encore,2021-05-27,0,https://cdn-images.dzcdn.net/images/cover/51843476b54b6e4d74b38a698e44dda6/250x250-000000-80-0-0.jpg,https://www.deezer.com/album/232875402
49569672,Imen Es,153615702,Jusqu'au bout,2020-06-11,0,https://cdn-images.dzcdn.net/images/cover/1080e463b9967886d07a6e4ad787c5e9/250x250-000000-80-0-0.jpg,https://www.deezer.com/album/153615702
49569672,Imen Es,723370921,D'ennemi à bébé,2020-02-06,0,https://cdn-images.dzcdn.net/images/cover/f7d38dac2f8efeb74ac99d9b6ca97340/250x250-000000-80-0-0.jpg,https://www.deezer.com/album/723370921
49569672,Imen Es,723370891,Je t'aime en silence,2020-01-17,0,https://cdn-images.dzcdn.net/images/cover/2d108ed0571e295d7521028383f03182/250x250-000000-80-0-0.jpg,https://www.deezer.com/album/723370891
49569672,Imen Es,723370831,Oui,2019-11-08,0,https://cdn-images.dzcdn.net/images/cover/eaf0dfe0e11e5b94ae782e40b131a16f/250x250-000000-80-0-0.jpg,https://www.deezer.com/album/723370831
49569672,Imen Es,351525547,La cabeza,2019-06-21,0,https://cdn-images.dzcdn.net/images/cover/7de4dd2d88c8908656e04aba738e2467/250x250-000000-80-0-0.jpg,https://www.deezer.com/album/351525547
49569672,Imen Es,723370801,Mayday,2019-06-21,0,https://cdn-images.dzcdn.net/images/cover/06533311d306eb796472a5538f0016db/250x250-000000-80-0-0.jpg,https://www.deezer.com/album/723370801
49569672,Imen Es,723370731,Je sais,2019-02-25,0,https://cdn-images.dzcdn.net/images/cover/c95052d2a10ef5d4b99cbd27bfa70f75/250x250-000000-80-0-0.jpg,https://www.deezer.com/album/723370731
49569672,Imen Es,723370781,Tu perds ton temps,2019-01-14,0,https://cdn-images.dzcdn.net/images/cover/fd3c169a5d1ad398e8609a1033068530/250x250-000000-80-0-0.jpg,https://www.deezer.com/album/723370781
49569672,Imen Es,723370751,Attentat,2018-11-23,0,https://cdn-images.dzcdn.net/images/cover/7a0d2bc50ceeab45ecb89ba2b4f32cd3/250x250-000000-80-0-0.jpg,https://www.deezer.com/album/723370751
9052,Amy Winehouse,226816422,At The BBC,2021-05-07,0,https://cdn-images.dzcdn.net/images/cover/0a49b19df38a95a4cd2a1022c8bbc8c5/250x250-000000-80-0-0.jpg,https://www.deezer.com/album/226816422
9052,Amy Winehouse,11539768,AMY (Original Motion Picture Soundtrack),2015-10-30,0,https://cdn-images.dzcdn.net/images/cover/8f3ab5057e369f529aedf3399aababc3/250x250-000000-80-0-0.jpg,https://www.deezer.com/album/11539768
9052,Amy Winehouse,1378580,Lioness: Hidden Treasures,2011-12-05,0,https://cdn-images.dzcdn.net/images/cover/a3fb6cd3ee275742a9af9bf0e13e44ea/250x250-000000-80-0-0.jpg,https://www.deezer.com/album/1378580
9052,Amy Winehouse,208839872,I Told You I Was Trouble: Live In London,2021-02-26,0,https://cdn-images.dzcdn.net/images/cover/dce7e391e335bdd8f15916beb5f7da2e/250x250-000000-80-0-0.jpg,https://www.deezer.com/album/208839872
9052,Amy Winehouse,122215,Frank - Remixes,2007-01-01,0,https://cdn-images.dzcdn.net/images/cover/5db8b1297eab342e03264d81d31b44f4/250x250-000000-80-0-0.jpg,https://www.deezer.com/album/122215
9052,Amy Winehouse,6993387,Back To Black (Deluxe Edition),2013-10-14,0,https://cdn-images.dzcdn.net/images/cover/cc101c9745622ecda5d8454c1582a38f/250x250-000000-80-0-0.jpg,https://www.deezer.com/album/6993387
9052,Amy Winehouse,217795,Back To Black,2006-01-01,0,https://cdn-images.dzcdn.net/images/cover/3ce985e6653c350c6e6fed077ab7d0d4/250x250-000000-80-0-0.jpg,https://www.deezer.com/album/217795
9052,Amy Winehouse,104114,Frank (Deluxe Edition),2008-01-01,0,https://cdn-images.dzcdn.net/images/cover/484fadbd996f77abc45a0a6ddf6420e9/250x250-000000-80-0-0.jpg,https://www.deezer.com/album/104114
9052,Amy Winehouse,10637736,Frank,2015-06-29,0,https://cdn-images.dzcdn.net/images/cover/7baacf310cb67ceda09b945343a45fe2/250x250-000000-80-0-0.jpg,https://www.deezer.com/album/10637736
9052,Amy Winehouse,545419862,Love Is Blind,2024-02-12,0,https://cdn-images.dzcdn.net/images/cover/1fe47c430972e50300c04071b90d62bb/250x250-000000-80-0-0.jpg,https://www.deezer.com/album/545419862
9052,Amy Winehouse,10818994,Back To Black (Remixes & B Sides),2015-07-03,0,https://cdn-images.dzcdn.net/images/cover/c69879d7e3cd7b8261418100d610664a/250x250-000000-80-0-0.jpg,https://www.deezer.com/album/10818994
9052,Amy Winehouse,10819000,Rehab (Remixes & B Sides),2015-07-03,0,https://cdn-images.dzcdn.net/images/cover/a2d89fb6ea709c21850d562f99ba0ab7/250x250-000000-80-0-0.jpg,https://www.deezer.com/album/10819000
9052,Amy Winehouse,102740,Back To Black - The Singles Remixes,2007-01-01,0,https://cdn-images.dzcdn.net/images/cover/b64c00728b4047dca38254ff2cc12f6d/250x250-000000-80-0-0.jpg,https://www.deezer.com/album/102740
9052,Amy Winehouse,187261092,I Saw Mommy Kissing Santa Claus (Live At Union Chapel / BBC Radio 2),2020-11-20,0,https://cdn-images.dzcdn.net/images/cover/24a44985be26f678012b2a0f764156fd/250x250-000000-80-0-0.jpg,https://www.deezer.com/album/187261092
9052,Amy Winehouse,10819002,Tears Dry On Their Own (Remixes & B Sides),2015-07-03,0,https://cdn-images.dzcdn.net/images/cover/95221bc42798a574ce752c0245870a6c/250x250-000000-80-0-0.jpg,https://www.deezer.com/album/10819002
9052,Amy Winehouse,321135417,Rehab (Remix) (Edited Version),2007-06-05,0,https://cdn-images.dzcdn.net/images/cover/ca7494c38712c6fdc93731860c01c0ad/250x250-000000-80-0-0.jpg,https://www.deezer.com/album/321135417
9052,Amy Winehouse,10818982,You Know I'm No Good (Remixes & B Sides),2015-07-03,0,https://cdn-images.dzcdn.net/images/cover/b49e7ff2a7a06048c213e1f1e73f39bc/250x250-000000-80-0-0.jpg,https://www.deezer.com/album/10818982
9052,Amy Winehouse,531301702,Take The Box,2024-01-12,0,https://cdn-images.dzcdn.net/images/cover/3c4eef3aa06f554168c3164916d8d5b7/250x250-000000-80-0-0.jpg,https://www.deezer.com/album/531301702
9052,Amy Winehouse,536805692,In My Bed / You Sent Me Flying,2024-01-26,0,https://cdn-images.dzcdn.net/images/cover/06390ac9538b0d1202b11f00e7699bbf/250x250-000000-80-0-0.jpg,https://www.deezer.com/album/536805692
9052,Amy Winehouse,542700942,Pumps / Help Yourself,2024-02-09,0,https://cdn-images.dzcdn.net/images/cover/61fa422df0cb4fc0d29b136a21467be1/250x250-000000-80-0-0.jpg,https://www.deezer.com/album/542700942
9052,Amy Winehouse,518580352,Stronger Than Me,2023-12-08,0,https://cdn-images.dzcdn.net/images/cover/894c54aa4c17de47319132cf16cbdc5e/250x250-000000-80-0-0.jpg,https://www.deezer.com/album/518580352
66228482,Ronisia,520273672,era 24,2023-11-17,0,https://cdn-images.dzcdn.net/images/cover/0a18e7ae8873c34fdb6e00209bc525e6/250x250-000000-80-0-0.jpg,https://www.deezer.com/album/520273672
66228482,Ronisia,349682497,Ronisia,2022-01-28,0,https://cdn-images.dzcdn.net/images/cover/047749692e80b13ea60b10019f2fb6da/250x250-000000-80-0-0.jpg,https://www.deezer.com/album/349682497
66228482,Ronisia,381702737,Ronisia (Version Deluxe),2022-12-09,0,https://cdn-images.dzcdn.net/images/cover/e0880c753f165d57662abeb92fe9a037/250x250-000000-80-0-0.jpg,https://www.deezer.com/album/381702737
66228482,Ronisia,784068131,Swipe,2025-07-18,0,https://cdn-images.dzcdn.net/images/cover/40f329c4cb0dcf55e41e20f1a2515576/250x250-000000-80-0-0.jpg,https://www.deezer.com/album/784068131
66228482,Ronisia,746477011,Fan,2025-05-02,0,https://cdn-images.dzcdn.net/images/cover/d36ea280747f13379fc1ff7b94fb140f/250x250-000000-80-0-0.jpg,https://www.deezer.com/album/746477011
66228482,Ronisia,719053101,Tour du monde (feat. Ronisia),2025-03-20,0,https://cdn-images.dzcdn.net/images/cover/5ed068c7553edcbfaf5507f775eebb75/250x250-000000-80-0-0.jpg,https://www.deezer.com/album/719053101
66228482,Ronisia,712075651,Ennemi,2025-02-28,0,https://cdn-images.dzcdn.net/images/cover/f34192ce884c4abe51a539ac49536248/250x250-000000-80-0-0.jpg,https://www.deezer.com/album/712075651
66228482,Ronisia,694441861,Call Of,2025-01-24,0,https://cdn-images.dzcdn.net/images/cover/81acdd0975112d475c0ba9b05e5952c2/250x250-000000-80-0-0.jpg,https://www.deezer.com/album/694441861
66228482,Ronisia,685338131,2 Paranoid (feat. Ronisia),2024-12-12,0,https://cdn-images.dzcdn.net/images/cover/b69646c1319d80c4023c40981e1851d4/250x250-000000-80-0-0.jpg,https://www.deezer.com/album/685338131
66228482,Ronisia,653405541,SALE,2024-10-30,0,https://cdn-images.dzcdn.net/images/cover/dc62b5dcfcad341e54bcb623202f5119/250x250-000000-80-0-0.jpg,https://www.deezer.com/album/653405541
66228482,Ronisia,644965251,Y.J (C'EST KO),2024-09-18,0,https://cdn-images.dzcdn.net/images/cover/af056d5fa6167cfd1917dc0e08c11083/250x250-000000-80-0-0.jpg,https://www.deezer.com/album/644965251
66228482,Ronisia,604348992,C'est comment,2024-06-26,0,https://cdn-images.dzcdn.net/images/cover/77035336dfe617c9b75d6e13059d4200/250x250-000000-80-0-0.jpg,https://www.deezer.com/album/604348992
66228482,Ronisia,592893062,Menteur (feat. Ronisia),2024-06-14,0,https://cdn-images.dzcdn.net/images/cover/69cf5c2e23a9607927554db229f6820d/250x250-000000-80-0-0.jpg,https://www.deezer.com/album/592893062
66228482,Ronisia,506531861,Chill (feat. Lisandro Cuxi),2023-11-16,0,https://cdn-images.dzcdn.net/images/cover/0a18e7ae8873c34fdb6e00209bc525e6/250x250-000000-80-0-0.jpg,https://www.deezer.com/album/506531861
66228482,Ronisia,506533001,Fêter ça (feat. AMARIA BB),2023-11-16,0,https://cdn-images.dzcdn.net/images/cover/0a18e7ae8873c34fdb6e00209bc525e6/250x250-000000-80-0-0.jpg,https://www.deezer.com/album/506533001
66228482,Ronisia,520273032,Méchante / Hey Boo,2023-11-16,0,https://cdn-images.dzcdn.net/images/cover/0772905e1a65cf5055f92ccffe355a53/250x250-000000-80-0-0.jpg,https://www.deezer.com/album/520273032
66228482,Ronisia,506532921,I Got U (feat. Niska),2023-11-15,0,https://cdn-images.dzcdn.net/images/cover/0a18e7ae8873c34fdb6e00209bc525e6/250x250-000000-80-0-0.jpg,https://www.deezer.com/album/506532921
66228482,Ronisia,507056541,Deezer Sessions,2023-11-01,0,https://cdn-images.dzcdn.net/images/cover/c8fa47e2e869501fc74174fbad5f7a3c/250x250-000000-80-0-0.jpg,https://www.deezer.com/album/507056541
66228482,Ronisia,495669471,Joli coeur,2023-10-20,0,https://cdn-images.dzcdn.net/images/cover/0772905e1a65cf5055f92ccffe355a53/250x250-000000-80-0-0.jpg,https://www.deezer.com/album/495669471
66228482,Ronisia,455368485,C'est toi (Bonus),2023-07-19,0,https://cdn-images.dzcdn.net/images/cover/e045c43c08252a73b165eed9c1cc483b/250x250-000000-80-0-0.jpg,https://www.deezer.com/album/455368485
66228482,Ronisia,437474857,sous à faire (feat. Ronisia),2023-05-11,0,https://cdn-images.dzcdn.net/images/cover/4f843ae4c2acbb0055604ced3993da07/250x250-000000-80-0-0.jpg,https://www.deezer.com/album/437474857
66228482,Ronisia,382573067,Problème,2022-12-08,0,https://cdn-images.dzcdn.net/images/cover/e0880c753f165d57662abeb92fe9a037/250x250-000000-80-0-0.jpg,https://www.deezer.com/album/382573067
66228482,Ronisia,382573757,200 KM/H,2022-12-08,0,https://cdn-images.dzcdn.net/images/cover/e0880c753f165d57662abeb92fe9a037/250x250-000000-80-0-0.jpg,https://www.deezer.com/album/382573757
66228482,Ronisia,347766857,J'élimine,2022-08-26,0,https://cdn-images.dzcdn.net/images/cover/ee220bc81bd4ece90c4dd0d74d441ada/250x250-000000-80-0-0.jpg,https://www.deezer.com/album/347766857
66228482,Ronisia,334804597,Semblant,2022-07-14,0,https://cdn-images.dzcdn.net/images/cover/f96576d0684c38f9c623cd3cb19d15a0/250x250-000000-80-0-0.jpg,https://www.deezer.com/album/334804597
66228482,Ronisia,332775947,Piqué,2022-07-07,0,https://cdn-images.dzcdn.net/images/cover/bfa51423422f92bd8ed5f221c3a09c61/250x250-000000-80-0-0.jpg,https://www.deezer.com/album/332775947
66228482,Ronisia,310467737,Toko Toko,2022-04-14,0,https://cdn-images.dzcdn.net/images/cover/ba08c9e25ee1fcea15893d5e09706fcb/250x250-000000-80-0-0.jpg,https://www.deezer.com/album/310467737
66228482,Ronisia,291074392,Longue vie (feat. Eva),2022-01-27,0,https://cdn-images.dzcdn.net/images/cover/047749692e80b13ea60b10019f2fb6da/250x250-000000-80-0-0.jpg,https://www.deezer.com/album/291074392
66228482,Ronisia,278782022,Téco,2021-12-17,0,https://cdn-images.dzcdn.net/images/cover/047749692e80b13ea60b10019f2fb6da/250x250-000000-80-0-0.jpg,https://www.deezer.com/album/278782022
66228482,Ronisia,279144492,Atterrissage (Acoustique Live Vevo DSCVR),2021-12-15,0,https://cdn-images.dzcdn.net/images/cover/c70baddf36fb65d7745f4c52576b92ca/250x250-000000-80-0-0.jpg,https://www.deezer.com/album/279144492
66228482,Ronisia,267995972,Bonita,2021-11-03,0,https://cdn-images.dzcdn.net/images/cover/e6fb1b0e74219eea97df13a8ec3185da/250x250-000000-80-0-0.jpg,https://www.deezer.com/album/267995972
66228482,Ronisia,262679632,Ma Philosophie - Souvenirs d'enfance,2021-10-12,0,https://cdn-images.dzcdn.net/images/cover/93d12b0fffad31c581388e72cb55a4eb/250x250-000000-80-0-0.jpg,https://www.deezer.com/album/262679632
66228482,Ronisia,258718732,Comme moi (feat. Tiakola),2021-09-24,0,https://cdn-images.dzcdn.net/images/cover/8299a3a714678af6d7298f962d18799a/250x250-000000-80-0-0.jpg,https://www.deezer.com/album/258718732
66228482,Ronisia,235198932,C'est comme ça (feat. Ronisia),2021-07-01,0,https://cdn-images.dzcdn.net/images/cover/5dffe38cfc6a3d8caa4d6364ccdeeedc/250x250-000000-80-0-0.jpg,https://www.deezer.com/album/235198932
66228482,Ronisia,237323782,Dans ça,2021-06-25,0,https://cdn-images.dzcdn.net/images/cover/20f1e8d0ae890b940ea37cb351884296/250x250-000000-80-0-0.jpg,https://www.deezer.com/album/237323782
66228482,Ronisia,219107832,Jolie madame (feat. Ronisia),2021-04-09,0,https://cdn-images.dzcdn.net/images/cover/349829e3dd4517ef143616607dd0aadf/250x250-000000-80-0-0.jpg,https://www.deezer.com/album/219107832
66228482,Ronisia,215158022,Toxic,2021-03-26,0,https://cdn-images.dzcdn.net/images/cover/f4d17caf2727326e6b5ff51ad448b26f/250x250-000000-80-0-0.jpg,https://www.deezer.com/album/215158022
66228482,Ronisia,198959812,Doucement,2021-01-22,0,https://cdn-images.dzcdn.net/images/cover/56ba3936cb011dc72dafb4b530068267/250x250-000000-80-0-0.jpg,https://www.deezer.com/album/198959812
66228482,Ronisia,177191642,Atterrissage,2020-06-10,0,https://cdn-images.dzcdn.net/images/cover/2a44783033e8d58cb8fe7dc9f62dd05e/250x250-000000-80-0-0.jpg,https://www.deezer.com/album/177191642
66228482,Ronisia,184679592,Loin de moi,2020-04-17,0,https://cdn-images.dzcdn.net/images/cover/db5773eeda27218e9d08bc083f7c86e4/250x250-000000-80-0-0.jpg,https://www.deezer.com/album/184679592
66228482,Ronisia,184679572,Pourquoi,2020-02-14,0,https://cdn-images.dzcdn.net/images/cover/b8d2feb8ea318f58d8a199ad7cf66a97/250x250-000000-80-0-0.jpg,https://www.deezer.com/album/184679572
66228482,Ronisia,184679612,Désolée,2019-09-24,0,https://cdn-images.dzcdn.net/images/cover/bf0e1b89ca8427b25155d3816af6b98e/250x250-000000-80-0-0.jpg,https://www.deezer.com/album/184679612
66228482,Ronisia,184679602,Parano,2019-08-28,0,https://cdn-images.dzcdn.net/images/cover/47d5e360e2fd91b64d491d2f79e5dff1/250x250-000000-80-0-0.jpg,https://www.deezer.com/album/184679602
66228482,Ronisia,184679582,Plus de peine,2019-05-01,0,https://cdn-images.dzcdn.net/images/cover/69dba3bfef1974d40b47f57fd2d9302c/250x250-000000-80-0-0.jpg,https://www.deezer.com/album/184679582
180,ABBA,783324631,"Wembley Arena, London, Uk. November 11th, 1979 (Remastered, Live On Broadcasting)",2025-07-04,0,https://cdn-images.dzcdn.net/images/cover/92476045d86f33a67db84e8d025df944/250x250-000000-80-0-0.jpg,https://www.deezer.com/album/783324631
180,ABBA,578071301,Wembley Arena 1979 (Live),2024-04-25,0,https://cdn-images.dzcdn.net/images/cover/7b917f94450fd4c293a867afd697c7e7/250x250-000000-80-0-0.jpg,https://www.deezer.com/album/578071301
180,ABBA,269122192,Voyage,2021-11-05,0,https://cdn-images.dzcdn.net/images/cover/68f65e4c2e52ba6ad8b3c109355efea8/250x250-000000-80-0-0.jpg,https://www.deezer.com/album/269122192
180,ABBA,7573078,Abba Gold Anniversary Edition,2014-04-07,0,https://cdn-images.dzcdn.net/images/cover/36133053035ca8f184eb469901965ac0/250x250-000000-80-0-0.jpg,https://www.deezer.com/album/7573078
180,ABBA,8548981,Live At Wembley Arena,2014-09-26,0,https://cdn-images.dzcdn.net/images/cover/ce19a7bacd7df60683b466172655251a/250x250-000000-80-0-0.jpg,https://www.deezer.com/album/8548981
180,ABBA,2374921,The Essential Collection,2012-01-01,0,https://cdn-images.dzcdn.net/images/cover/1e74734ebd73530bb9430ded6f63c2bf/250x250-000000-80-0-0.jpg,https://www.deezer.com/album/2374921
180,ABBA,171925772,Thank You For The Music,2020-09-14,0,https://cdn-images.dzcdn.net/images/cover/bd4b63b047e8b6b8b2d9e4e1aa025214/250x250-000000-80-0-0.jpg,https://www.deezer.com/album/171925772
180,ABBA,100307,More ABBA Gold,2008-06-02,0,https://cdn-images.dzcdn.net/images/cover/524411c0e0a3ab89b7567f05e33ca9b1/250x250-000000-80-0-0.jpg,https://www.deezer.com/album/100307
180,ABBA,100323,ABBA Gold,2008-01-01,0,https://cdn-images.dzcdn.net/images/cover/b8b70d474b7a8f27799e0d665e9b737e/250x250-000000-80-0-0.jpg,https://www.deezer.com/album/100323
180,ABBA,258980,"Oro ""Grandes Exitos""",1999-01-01,0,https://cdn-images.dzcdn.net/images/cover/d9a6fd484281abe87ee3c5c762867244/250x250-000000-80-0-0.jpg,https://www.deezer.com/album/258980
180,ABBA,658384081,The Singles (The First Fifty Years),2024-10-25,0,https://cdn-images.dzcdn.net/images/cover/b3806618113c84c16b69d3780245561f/250x250-000000-80-0-0.jpg,https://www.deezer.com/album/658384081
180,ABBA,247657,The Visitors,2001-01-01,0,https://cdn-images.dzcdn.net/images/cover/2d10d66bc8795a353864bb413b3d46dc/250x250-000000-80-0-0.jpg,https://www.deezer.com/album/247657
180,ABBA,1956351,The Visitors (Deluxe Edition),2012-04-23,0,https://cdn-images.dzcdn.net/images/cover/b0e0addb44a32260c73397df3e8960dc/250x250-000000-80-0-0.jpg,https://www.deezer.com/album/1956351
180,ABBA,245956,Super Trouper,2001-06-25,0,https://cdn-images.dzcdn.net/images/cover/4fb5f9bcb28f1986e4a5fab81ad19449/250x250-000000-80-0-0.jpg,https://www.deezer.com/album/245956
180,ABBA,8933327,Gracias Por La Musica (Deluxe Edition),2014-01-01,0,https://cdn-images.dzcdn.net/images/cover/c57633c5fb03ae8b4a478f3da2d5c1f4/250x250-000000-80-0-0.jpg,https://www.deezer.com/album/8933327
180,ABBA,249353,Voulez-Vous,2001-01-01,0,https://cdn-images.dzcdn.net/images/cover/f313d9969203ea1735144a35ef26fa49/250x250-000000-80-0-0.jpg,https://www.deezer.com/album/249353
180,ABBA,126543,The Album,2001-01-01,0,https://cdn-images.dzcdn.net/images/cover/cd70105b6486c98cbfa9481e367277f2/250x250-000000-80-0-0.jpg,https://www.deezer.com/album/126543
180,ABBA,126502,Arrival,2001-01-01,0,https://cdn-images.dzcdn.net/images/cover/6d99196c168eaf687e0d3c88a7a87604/250x250-000000-80-0-0.jpg,https://www.deezer.com/album/126502
180,ABBA,119899,Abba,2001-01-01,0,https://cdn-images.dzcdn.net/images/cover/065db5953bf46f833dc6b3ca5dba2a51/250x250-000000-80-0-0.jpg,https://www.deezer.com/album/119899
180,ABBA,248699,Waterloo,2001-01-01,0,https://cdn-images.dzcdn.net/images/cover/d096c01a71ada4f89386abc834ab3eff/250x250-000000-80-0-0.jpg,https://www.deezer.com/album/248699
180,ABBA,7534614,Waterloo (Deluxe Edition),2014-01-01,0,https://cdn-images.dzcdn.net/images/cover/919afc980eb42b1b306258b07661bc10/250x250-000000-80-0-0.jpg,https://www.deezer.com/album/7534614
180,ABBA,103934,Ring Ring,2001-06-18,0,https://cdn-images.dzcdn.net/images/cover/26cf764631545e83723af6d8b7ab2712/250x250-000000-80-0-0.jpg,https://www.deezer.com/album/103934
180,ABBA,6975953,Ring Ring (Deluxe Edition),2013-01-01,0,https://cdn-images.dzcdn.net/images/cover/b7683ab34c6a7fff01289ed013ce3ad1/250x250-000000-80-0-0.jpg,https://www.deezer.com/album/6975953
180,ABBA,648031921,Gimme! Gimme! Gimme! (A Man After Midnight),2024-10-02,0,https://cdn-images.dzcdn.net/images/cover/fb85548696922dc08dab095a2fa13f56/250x250-000000-80-0-0.jpg,https://www.deezer.com/album/648031921
180,ABBA,275550582,Little Things,2021-12-03,0,https://cdn-images.dzcdn.net/images/cover/457ec21de355c0b5e3ebc4df4cf49c38/250x250-000000-80-0-0.jpg,https://www.deezer.com/album/275550582
180,ABBA,267316422,Just A Notion,2021-10-22,0,https://cdn-images.dzcdn.net/images/cover/043538a289181039ad9af13700debf9c/250x250-000000-80-0-0.jpg,https://www.deezer.com/album/267316422
180,ABBA,256161472,I Still Have Faith In You / Don't Shut Me Down,2021-09-02,0,https://cdn-images.dzcdn.net/images/cover/a49e2eaa197ac3cd5120dbeea04d5875/250x250-000000-80-0-0.jpg,https://www.deezer.com/album/256161472
180,ABBA,712447131,Lay All Your Love On Me,2025-02-14,0,https://cdn-images.dzcdn.net/images/cover/b8d443360e7dd027ad2cdb75373812b4/250x250-000000-80-0-0.jpg,https://www.deezer.com/album/712447131
180,ABBA,566367641,Waterloo (50th Anniversary Edition),2024-04-05,0,https://cdn-images.dzcdn.net/images/cover/cf6db6e5b503257b485cf10f244ebeeb/250x250-000000-80-0-0.jpg,https://www.deezer.com/album/566367641
166,Stevie Wonder,667414091,Music Legends Stevie Wonder : The Heart of Soul Music,2024-11-29,0,https://cdn-images.dzcdn.net/images/cover/e070a4c7dfc94bbebe6914a5689692b2/250x250-000000-80-0-0.jpg,https://www.deezer.com/album/667414091
166,Stevie Wonder,116966202,Mono Singles,2019-10-25,0,https://cdn-images.dzcdn.net/images/cover/55cc8382eadaaf2b8b67741e7b03bc70/250x250-000000-80-0-0.jpg,https://www.deezer.com/album/116966202
166,Stevie Wonder,116966372,Remixes,2019-10-25,0,https://cdn-images.dzcdn.net/images/cover/e6909717694a0b3d5783bb82094182d0/250x250-000000-80-0-0.jpg,https://www.deezer.com/album/116966372
166,Stevie Wonder,157696382,Additional Singles & Rarities,2020-07-03,0,https://cdn-images.dzcdn.net/images/cover/5f39007b122d54b36dd46eeb484a135a/250x250-000000-80-0-0.jpg,https://www.deezer.com/album/157696382
166,Stevie Wonder,581592422,"Milestones of Rhythm & Blues: Motor Town Soul, Vol. 5",2019-03-15,0,https://cdn-images.dzcdn.net/images/cover/46399df9ecdef61fe3b2baf4b7e074fd/250x250-000000-80-0-0.jpg,https://www.deezer.com/album/581592422
166,Stevie Wonder,80297012,Number 1's,2007-08-21,0,https://cdn-images.dzcdn.net/images/cover/dc11aaf0240dbaf1548639e1c5df8db8/250x250-000000-80-0-0.jpg,https://www.deezer.com/album/80297012
166,Stevie Wonder,81454032,20th Century Masters - The Millennium Collection: The Best of Stevie Wonder,2005-03-22,0,https://cdn-images.dzcdn.net/images/cover/b34e5cb66faaececc0a575dc74a9fe89/250x250-000000-80-0-0.jpg,https://www.deezer.com/album/81454032
166,Stevie Wonder,82621652,The Complete Stevie Wonder,2018-12-14,0,https://cdn-images.dzcdn.net/images/cover/f7016ba058f050f6d40fe3357af2dfee/250x250-000000-80-0-0.jpg,https://www.deezer.com/album/82621652
166,Stevie Wonder,601337592,Someday At Christmas (Expanded Edition),2024-06-21,0,https://cdn-images.dzcdn.net/images/cover/858e5a0d8e1cc12d6c1e344c34732a28/250x250-000000-80-0-0.jpg,https://www.deezer.com/album/601337592
166,Stevie Wonder,215938,A Time To Love,2005-01-01,0,https://cdn-images.dzcdn.net/images/cover/16653bf848cc2c5ba6220205544ab79b/250x250-000000-80-0-0.jpg,https://www.deezer.com/album/215938
166,Stevie Wonder,70207652,The Definitive Collection (Deluxe Edition),2018-08-08,0,https://cdn-images.dzcdn.net/images/cover/36aaf615fe6f66a6778bad4b501be11f/250x250-000000-80-0-0.jpg,https://www.deezer.com/album/70207652
166,Stevie Wonder,80675782,The Definitive Collection,2018-12-07,0,https://cdn-images.dzcdn.net/images/cover/3ee64426f51389cd6fce941a2fb87ba2/250x250-000000-80-0-0.jpg,https://www.deezer.com/album/80675782
166,Stevie Wonder,162183,Early Classics,2000-01-01,0,https://cdn-images.dzcdn.net/images/cover/1f8cd642d7d93a8059427a14f351bdde/250x250-000000-80-0-0.jpg,https://www.deezer.com/album/162183
166,Stevie Wonder,70205372,At The Close Of A Century,2018-08-08,0,https://cdn-images.dzcdn.net/images/cover/f9c4ce6f8d87a659155e8ba71f2294de/250x250-000000-80-0-0.jpg,https://www.deezer.com/album/70205372
166,Stevie Wonder,125407772,Natural Wonder,1976-01-01,0,https://cdn-images.dzcdn.net/images/cover/bd6b6fc069c170cbd7555b345f191fdb/250x250-000000-80-0-0.jpg,https://www.deezer.com/album/125407772
166,Stevie Wonder,223734,Conversation Peace,1995-01-01,0,https://cdn-images.dzcdn.net/images/cover/23a20eac6124d19cab0834d11b314d46/250x250-000000-80-0-0.jpg,https://www.deezer.com/album/223734
166,Stevie Wonder,240385,"Music From The Movie ""Jungle Fever""",1992-01-01,0,https://cdn-images.dzcdn.net/images/cover/fa9f64c34c782d8a7c907e4717d31e3a/250x250-000000-80-0-0.jpg,https://www.deezer.com/album/240385
166,Stevie Wonder,5941929,Characters,1987-01-01,0,https://cdn-images.dzcdn.net/images/cover/f38b91dbb133d8f2a0585024e58fccad/250x250-000000-80-0-0.jpg,https://www.deezer.com/album/5941929
166,Stevie Wonder,2376991,In Square Circle,1992-05-22,0,https://cdn-images.dzcdn.net/images/cover/df498fc2f67f2ea6411e5429e2dcce5f/250x250-000000-80-0-0.jpg,https://www.deezer.com/album/2376991
166,Stevie Wonder,259183,Selections From The Original Soundtrack The Woman In Red,1984-01-01,0,https://cdn-images.dzcdn.net/images/cover/ac966fd1e43fb12882292ba3a11991e4/250x250-000000-80-0-0.jpg,https://www.deezer.com/album/259183
166,Stevie Wonder,117468682,Original Musiquarium,2000-10-17,0,https://cdn-images.dzcdn.net/images/cover/d1f045c25d88922838c57a6d4bc9e508/250x250-000000-80-0-0.jpg,https://www.deezer.com/album/117468682
166,Stevie Wonder,230505,Hotter Than July,1980-01-01,0,https://cdn-images.dzcdn.net/images/cover/f23213915b13065988cedc78b35de5d1/250x250-000000-80-0-0.jpg,https://www.deezer.com/album/230505
166,Stevie Wonder,96002332,Journey Through The Secret Life Of Plants,2019-05-10,0,https://cdn-images.dzcdn.net/images/cover/07829c30db28549e181c8290235afa2a/250x250-000000-80-0-0.jpg,https://www.deezer.com/album/96002332
166,Stevie Wonder,96001912,Songs In The Key Of Life,1976-01-01,0,https://cdn-images.dzcdn.net/images/cover/ed7d05fc8407ff367c7fe39bd0d28a56/250x250-000000-80-0-0.jpg,https://www.deezer.com/album/96001912
166,Stevie Wonder,229571,Fulfillingness' First Finale,1974-01-01,0,https://cdn-images.dzcdn.net/images/cover/f3c8b6fb6a95e0219bbae141991c3a1e/250x250-000000-80-0-0.jpg,https://www.deezer.com/album/229571
166,Stevie Wonder,230976,Innervisions,1995-05-02,0,https://cdn-images.dzcdn.net/images/cover/1cf2b7972e30a477b82f03302ec5453d/250x250-000000-80-0-0.jpg,https://www.deezer.com/album/230976
166,Stevie Wonder,240041,Music Of My Mind,1972-01-01,0,https://cdn-images.dzcdn.net/images/cover/c7e36d122c3aab2599bcd1b2f1100503/250x250-000000-80-0-0.jpg,https://www.deezer.com/album/240041
166,Stevie Wonder,246245,Talking Book,2000-04-27,0,https://cdn-images.dzcdn.net/images/cover/cedeeaceb07483dede6538bcd9afc012/250x250-000000-80-0-0.jpg,https://www.deezer.com/album/246245
166,Stevie Wonder,70468932,"Stevie Wonder's Greatest Hits, Vol.2",1998-01-01,0,https://cdn-images.dzcdn.net/images/cover/0df70fd26d86c1d26b3d9f58d1f725ff/250x250-000000-80-0-0.jpg,https://www.deezer.com/album/70468932
166,Stevie Wonder,8933303,Where I'm Coming From,1971-01-01,0,https://cdn-images.dzcdn.net/images/cover/db86e4bfe8d185a45c3e1651bd2f5c7a/250x250-000000-80-0-0.jpg,https://www.deezer.com/album/8933303
166,Stevie Wonder,116586982,Signed Sealed And Delivered,1998-10-02,0,https://cdn-images.dzcdn.net/images/cover/0c02b871a05443d19dd79e3ca4bc3865/250x250-000000-80-0-0.jpg,https://www.deezer.com/album/116586982
166,Stevie Wonder,7727881,Stevie Wonder Live,2013-10-29,0,https://cdn-images.dzcdn.net/images/cover/60d7432abb23afbff22592d1cf8aa399/250x250-000000-80-0-0.jpg,https://www.deezer.com/album/7727881
166,Stevie Wonder,7727952,Live At Talk Of The Town,2013-10-29,0,https://cdn-images.dzcdn.net/images/cover/bcfc3f97ba4a4572e516803ace2790eb/250x250-000000-80-0-0.jpg,https://www.deezer.com/album/7727952
166,Stevie Wonder,629867,My Cherie Amour,1969-01-01,0,https://cdn-images.dzcdn.net/images/cover/908db830087be04430abdb2718bf260e/250x250-000000-80-0-0.jpg,https://www.deezer.com/album/629867
166,Stevie Wonder,8923085,Eivets Rednow,2004-04-27,0,https://cdn-images.dzcdn.net/images/cover/aecc3067662ecf099a1fd361776ebe10/250x250-000000-80-0-0.jpg,https://www.deezer.com/album/8923085
166,Stevie Wonder,229359,Greatest Hits,2000-10-31,0,https://cdn-images.dzcdn.net/images/cover/b220bfaf6e0fcb51741867254dba9ae4/250x250-000000-80-0-0.jpg,https://www.deezer.com/album/229359
166,Stevie Wonder,629868,For Once In My Life,1968-01-01,0,https://cdn-images.dzcdn.net/images/cover/96c34a0e021bbbf6f5248c439d36f6e8/250x250-000000-80-0-0.jpg,https://www.deezer.com/album/629868
166,Stevie Wonder,671511681,Someday at Christmas,2009-10-05,0,https://cdn-images.dzcdn.net/images/cover/21c8e0f9068afa9fdc4b4e43a1b3ce48/250x250-000000-80-0-0.jpg,https://www.deezer.com/album/671511681
166,Stevie Wonder,7875191,I Was Made To Love Her,2014-05-27,0,https://cdn-images.dzcdn.net/images/cover/125c0a8340adcfa73686783cbb6f36c0/250x250-000000-80-0-0.jpg,https://www.deezer.com/album/7875191
166,Stevie Wonder,7129653,Down To Earth,2010-10-19,0,https://cdn-images.dzcdn.net/images/cover/e6a87d9d670c12926129c41edd10640d/250x250-000000-80-0-0.jpg,https://www.deezer.com/album/7129653
166,Stevie Wonder,7129655,I Was Made To Love Her,2013-11-18,0,https://cdn-images.dzcdn.net/images/cover/b7e1b6e919f78a3237c2baadd658ae15/250x250-000000-80-0-0.jpg,https://www.deezer.com/album/7129655
166,Stevie Wonder,9090859,Up-Tight,2004-04-27,0,https://cdn-images.dzcdn.net/images/cover/292a5b77c5ea39d6085b90b05609cd04/250x250-000000-80-0-0.jpg,https://www.deezer.com/album/9090859
166,Stevie Wonder,7727666,Stevie At The Beach,2014-07-04,0,https://cdn-images.dzcdn.net/images/cover/fb151df955530df23f69aca354f5b9b0/250x250-000000-80-0-0.jpg,https://www.deezer.com/album/7727666
166,Stevie Wonder,7129650,The 12 Year Old Genius - Recorded Live,2013-10-22,0,https://cdn-images.dzcdn.net/images/cover/4f9efab4d996753facc5a98d3e42f26f/250x250-000000-80-0-0.jpg,https://www.deezer.com/album/7129650
166,Stevie Wonder,7129659,With A Song In My Heart,2013-04-09,0,https://cdn-images.dzcdn.net/images/cover/b4759d959d20c2d6a610b91ed45aebe0/250x250-000000-80-0-0.jpg,https://www.deezer.com/album/7129659
166,Stevie Wonder,7727950,The Jazz Soul Of Little Stevie,2012-04-16,0,https://cdn-images.dzcdn.net/images/cover/9d2033c0be38872a06445bf4c84880ad/250x250-000000-80-0-0.jpg,https://www.deezer.com/album/7727950
166,Stevie Wonder,8087596,Tribute To Uncle Ray,2013-04-08,0,https://cdn-images.dzcdn.net/images/cover/1b6c8fa53bc1c6570ac051f2b53dc8a0/250x250-000000-80-0-0.jpg,https://www.deezer.com/album/8087596
166,Stevie Wonder,672463201,Christmas Time,2024-11-22,0,https://cdn-images.dzcdn.net/images/cover/bf80be7748b0c1595e840b8aade53bb6/250x250-000000-80-0-0.jpg,https://www.deezer.com/album/672463201
166,Stevie Wonder,245415,So What The Fuss,2005-01-01,0,https://cdn-images.dzcdn.net/images/cover/0665e14af4f0f8a6d34a800508cbc3de/250x250-000000-80-0-0.jpg,https://www.deezer.com/album/245415
166,Stevie Wonder,260785162,Finish Line,2021-09-30,0,https://cdn-images.dzcdn.net/images/cover/9f8cb9a379688dad509143cb916cb550/250x250-000000-80-0-0.jpg,https://www.deezer.com/album/260785162
166,Stevie Wonder,179209762,Can't Put It In The Hands Of Fate,2020-10-13,0,https://cdn-images.dzcdn.net/images/cover/8199c7d7b2a128677cca532f88add682/250x250-000000-80-0-0.jpg,https://www.deezer.com/album/179209762
166,Stevie Wonder,179210522,Where Is Our Love Song,2020-10-13,0,https://cdn-images.dzcdn.net/images/cover/e2aa429f68b38f89995b75970fae6b8a/250x250-000000-80-0-0.jpg,https://www.deezer.com/album/179210522
166,Stevie Wonder,14458406,"Faith (From ""Sing"" Original Motion Picture Soundtrack)",2016-11-04,0,https://cdn-images.dzcdn.net/images/cover/70af7b89c828c10b27545603f2b0c1ef/250x250-000000-80-0-0.jpg,https://www.deezer.com/album/14458406
166,Stevie Wonder,244407,So What The Fuss,2005-03-22,0,https://cdn-images.dzcdn.net/images/cover/d55195310df28be82373c9f105f5d384/250x250-000000-80-0-0.jpg,https://www.deezer.com/album/244407
166,Stevie Wonder,245417,So What The Fuss-Global Soul Remix,2005-04-26,0,https://cdn-images.dzcdn.net/images/cover/542c6a42f5508fc714195165f1913550/250x250-000000-80-0-0.jpg,https://www.deezer.com/album/245417
166,Stevie Wonder,430614,Positivity,2005-12-05,0,https://cdn-images.dzcdn.net/images/cover/1342ad867b39cadd9d65187ab94ae87e/250x250-000000-80-0-0.jpg,https://www.deezer.com/album/430614
6474027,Anderson .Paak,570974561,Why Lawd?,2024-06-14,0,https://cdn-images.dzcdn.net/images/cover/085cadd6217fc8e1e169887df2cbc176/250x250-000000-80-0-0.jpg,https://www.deezer.com/album/570974561
6474027,Anderson .Paak,298400782,An Evening With Silk Sonic,2021-11-12,0,https://cdn-images.dzcdn.net/images/cover/faada8a8c545b2e3d454267b55c82e14/250x250-000000-80-0-0.jpg,https://www.deezer.com/album/298400782
6474027,Anderson .Paak,93038342,Ventura,2019-04-12,0,https://cdn-images.dzcdn.net/images/cover/cfff75ee48e3a1bfea51894e9f772036/250x250-000000-80-0-0.jpg,https://www.deezer.com/album/93038342
6474027,Anderson .Paak,131176152,Ventura (Instrumentals),2019-04-12,0,https://cdn-images.dzcdn.net/images/cover/1e7fda80eb7e811aaa0f7ace2de164a3/250x250-000000-80-0-0.jpg,https://www.deezer.com/album/131176152
6474027,Anderson .Paak,78640552,Oxnard,2018-11-16,0,https://cdn-images.dzcdn.net/images/cover/48eebe922e8560724795f645e02fa6a3/250x250-000000-80-0-0.jpg,https://www.deezer.com/album/78640552
6474027,Anderson .Paak,78637252,Oxnard,2018-11-15,0,https://cdn-images.dzcdn.net/images/cover/48eebe922e8560724795f645e02fa6a3/250x250-000000-80-0-0.jpg,https://www.deezer.com/album/78637252
6474027,Anderson .Paak,186114132,Oxnard (Instrumentals),2018-11-15,0,https://cdn-images.dzcdn.net/images/cover/bc487f13e7d14efa144eb12c1d5c651b/250x250-000000-80-0-0.jpg,https://www.deezer.com/album/186114132
6474027,Anderson .Paak,54307582,Yes Lawd!,2016-10-21,0,https://cdn-images.dzcdn.net/images/cover/51376a577850e718a23b0b52f7a4328d/250x250-000000-80-0-0.jpg,https://www.deezer.com/album/54307582
6474027,Anderson .Paak,11895474,Malibu,2016-01-15,0,https://cdn-images.dzcdn.net/images/cover/b2e29e1d568ed587e1e1bd57d4bd737f/250x250-000000-80-0-0.jpg,https://www.deezer.com/album/11895474
6474027,Anderson .Paak,426259607,Venice,2014-10-28,0,https://cdn-images.dzcdn.net/images/cover/3c71cfbca9df674c1f7979203322455c/250x250-000000-80-0-0.jpg,https://www.deezer.com/album/426259607
6474027,Anderson .Paak,164975572,Lockdown (Remix Bundle),2020-08-07,0,https://cdn-images.dzcdn.net/images/cover/72a8c79d500da70f197c8dd71c756a02/250x250-000000-80-0-0.jpg,https://www.deezer.com/album/164975572
6474027,Anderson .Paak,54302342,Link Up & Suede,2015-12-04,0,https://cdn-images.dzcdn.net/images/cover/4ac320ccc7e76b66e5463d6edbd025c9/250x250-000000-80-0-0.jpg,https://www.deezer.com/album/54302342
6474027,Anderson .Paak,832202671,Don't Remind Me,2025-10-08,0,https://cdn-images.dzcdn.net/images/cover/6ed7ac3435e8c51276ac73ffd8c1ad40/250x250-000000-80-0-0.jpg,https://www.deezer.com/album/832202671
6474027,Anderson .Paak,812977301,KeepHer (feat. Thundercat) (Knxwledge Remix),2025-09-11,0,https://cdn-images.dzcdn.net/images/cover/a1d0112633b53b8187a8c40dc73d81ab/250x250-000000-80-0-0.jpg,https://www.deezer.com/album/812977301
6474027,Anderson .Paak,789891991,NO CAP,2025-08-08,0,https://cdn-images.dzcdn.net/images/cover/66a5a70f917be4913b11e19438d8df27/250x250-000000-80-0-0.jpg,https://www.deezer.com/album/789891991
6474027,Anderson .Paak,766968281,Stare at Me,2025-06-27,0,https://cdn-images.dzcdn.net/images/cover/184f04118d2ab2d0d0b36b8faf74b332/250x250-000000-80-0-0.jpg,https://www.deezer.com/album/766968281
6474027,Anderson .Paak,741658031,Everybody Gets Down,2025-05-12,0,https://cdn-images.dzcdn.net/images/cover/fbd20362f8b73a2b5e7cde738730f744/250x250-000000-80-0-0.jpg,https://www.deezer.com/album/741658031
6474027,Anderson .Paak,619574121,Hello World (Song of the Olympics™),2024-07-25,0,https://cdn-images.dzcdn.net/images/cover/9a82d74867c73debf59af1415286227c/250x250-000000-80-0-0.jpg,https://www.deezer.com/album/619574121
6474027,Anderson .Paak,617967211,places to be (remixes),2024-07-19,0,https://cdn-images.dzcdn.net/images/cover/76fb6a78495d1362e382a7f361edaed0/250x250-000000-80-0-0.jpg,https://www.deezer.com/album/617967211
6474027,Anderson .Paak,593970662,Dance With The Devil,2024-06-28,0,https://cdn-images.dzcdn.net/images/cover/02d141ab9d148e9122c8dab86b67a721/250x250-000000-80-0-0.jpg,https://www.deezer.com/album/593970662
6474027,Anderson .Paak,590395162,WalkOnBy (feat. Earl Sweatshirt & Rae Khalil),2024-06-11,0,https://cdn-images.dzcdn.net/images/cover/085cadd6217fc8e1e169887df2cbc176/250x250-000000-80-0-0.jpg,https://www.deezer.com/album/590395162
6474027,Anderson .Paak,589724502,places to be,2024-05-31,0,https://cdn-images.dzcdn.net/images/cover/76fb6a78495d1362e382a7f361edaed0/250x250-000000-80-0-0.jpg,https://www.deezer.com/album/589724502
6474027,Anderson .Paak,578300061,FromHere (feat. Snoop Dogg & October London),2024-05-14,0,https://cdn-images.dzcdn.net/images/cover/b90ca0012ce2c1a61ed9d7f07d097f03/250x250-000000-80-0-0.jpg,https://www.deezer.com/album/578300061
6474027,Anderson .Paak,557437962,86Sentra,2024-04-03,0,https://cdn-images.dzcdn.net/images/cover/88a20a26656154ceba5d52b3af3a00d6/250x250-000000-80-0-0.jpg,https://www.deezer.com/album/557437962
6474027,Anderson .Paak,610528862,POETRY IN MOTION,2024-03-21,0,https://cdn-images.dzcdn.net/images/cover/d6621bfc9693b5ef575ff7e90b066595/250x250-000000-80-0-0.jpg,https://www.deezer.com/album/610528862
6474027,Anderson .Paak,548629742,Gangsta,2024-02-23,0,https://cdn-images.dzcdn.net/images/cover/d1fac39f473a52bf4654ab6c6b350ef9/250x250-000000-80-0-0.jpg,https://www.deezer.com/album/548629742
6474027,Anderson .Paak,464687005,Too Fast (Pull Over),2023-07-21,0,https://cdn-images.dzcdn.net/images/cover/4fa150a9e1d6dc01d44e8a06acd79618/250x250-000000-80-0-0.jpg,https://www.deezer.com/album/464687005
6474027,Anderson .Paak,437963347,Crush You,2023-05-30,0,https://cdn-images.dzcdn.net/images/cover/ef60ee801e8babe5a35cb25ab8ff865d/250x250-000000-80-0-0.jpg,https://www.deezer.com/album/437963347
6474027,Anderson .Paak,413544137,Daydreaming,2023-05-18,0,https://cdn-images.dzcdn.net/images/cover/e1fa8fd8ec23589ac75bb3ff68b0f328/250x250-000000-80-0-0.jpg,https://www.deezer.com/album/413544137
6474027,Anderson .Paak,354525827,Where I Go (feat. H.E.R.),2022-10-19,0,https://cdn-images.dzcdn.net/images/cover/8fda52c660c2f91b54b4a262a098166e/250x250-000000-80-0-0.jpg,https://www.deezer.com/album/354525827
6474027,Anderson .Paak,340368727,Twin Flame,2022-08-02,0,https://cdn-images.dzcdn.net/images/cover/9eccdd6d32354018b642251e35bd1727/250x250-000000-80-0-0.jpg,https://www.deezer.com/album/340368727
6474027,Anderson .Paak,339148577,Twin Flame,2022-08-01,0,https://cdn-images.dzcdn.net/images/cover/9eccdd6d32354018b642251e35bd1727/250x250-000000-80-0-0.jpg,https://www.deezer.com/album/339148577
6474027,Anderson .Paak,336389877,THE VISION (feat. Anderson .Paak),2022-07-20,0,https://cdn-images.dzcdn.net/images/cover/0303c0e88d8f21af2c14ed65c19cf4fd/250x250-000000-80-0-0.jpg,https://www.deezer.com/album/336389877
6474027,Anderson .Paak,337099647,THE VISION (feat. Anderson .Paak),2022-07-19,0,https://cdn-images.dzcdn.net/images/cover/369079eea51332c824a703e4b4f29cff/250x250-000000-80-0-0.jpg,https://www.deezer.com/album/337099647
6474027,Anderson .Paak,331531907,TAKE A CHANCE,2022-07-06,0,https://cdn-images.dzcdn.net/images/cover/713fc8ff80c628cef4df35225f356e3d/250x250-000000-80-0-0.jpg,https://www.deezer.com/album/331531907
6474027,Anderson .Paak,295094692,Love's Train,2022-02-14,0,https://cdn-images.dzcdn.net/images/cover/91246f31bf3819db27bde51db6b8498d/250x250-000000-80-0-0.jpg,https://www.deezer.com/album/295094692
6474027,Anderson .Paak,292907152,The Scenic Route,2022-02-04,0,https://cdn-images.dzcdn.net/images/cover/41638914227d14417f309713a904e741/250x250-000000-80-0-0.jpg,https://www.deezer.com/album/292907152
6474027,Anderson .Paak,292913312,ETA,2022-02-04,0,https://cdn-images.dzcdn.net/images/cover/41638914227d14417f309713a904e741/250x250-000000-80-0-0.jpg,https://www.deezer.com/album/292913312
6474027,Anderson .Paak,217921322,Leave The Door Open (Live),2021-04-01,0,https://cdn-images.dzcdn.net/images/cover/0baf8e96456f073c05590fe00bfb0015/250x250-000000-80-0-0.jpg,https://www.deezer.com/album/217921322
6474027,Anderson .Paak,177360382,JEWELZ,2020-10-06,0,https://cdn-images.dzcdn.net/images/cover/15d7e8aa80c16f27aacffc9a7d8981fb/250x250-000000-80-0-0.jpg,https://www.deezer.com/album/177360382
6474027,Anderson .Paak,177360872,JEWELZ,2020-10-05,0,https://cdn-images.dzcdn.net/images/cover/15d7e8aa80c16f27aacffc9a7d8981fb/250x250-000000-80-0-0.jpg,https://www.deezer.com/album/177360872
6474027,Anderson .Paak,173329222,YUUUU,2020-09-18,0,https://cdn-images.dzcdn.net/images/cover/bc50c270acb7a5238e0cd39d807acc92/250x250-000000-80-0-0.jpg,https://www.deezer.com/album/173329222
6474027,Anderson .Paak,169300222,MOVIN' ON (feat. Anderson .Paak),2020-08-28,0,https://cdn-images.dzcdn.net/images/cover/43e260d6d82b386f336d1b61b77d7851/250x250-000000-80-0-0.jpg,https://www.deezer.com/album/169300222
6474027,Anderson .Paak,169300192,MOVIN' ON (feat. Anderson .Paak),2020-08-27,0,https://cdn-images.dzcdn.net/images/cover/43e260d6d82b386f336d1b61b77d7851/250x250-000000-80-0-0.jpg,https://www.deezer.com/album/169300192
6474027,Anderson .Paak,166452492,CUT EM IN (feat. Rick Ross),2020-08-14,0,https://cdn-images.dzcdn.net/images/cover/12904395cf1763dc6360beda1848ef77/250x250-000000-80-0-0.jpg,https://www.deezer.com/album/166452492
6474027,Anderson .Paak,166439922,CUT EM IN (feat. Rick Ross),2020-08-13,0,https://cdn-images.dzcdn.net/images/cover/12904395cf1763dc6360beda1848ef77/250x250-000000-80-0-0.jpg,https://www.deezer.com/album/166439922
6474027,Anderson .Paak,155266222,Lockdown,2020-06-19,0,https://cdn-images.dzcdn.net/images/cover/20ead8093aea08bec5537ff7d2d0aa55/250x250-000000-80-0-0.jpg,https://www.deezer.com/album/155266222
6474027,Anderson .Paak,155266272,Lockdown,2020-06-18,0,https://cdn-images.dzcdn.net/images/cover/20ead8093aea08bec5537ff7d2d0aa55/250x250-000000-80-0-0.jpg,https://www.deezer.com/album/155266272
6474027,Anderson .Paak,134646302,Don't Slack (from Trolls World Tour),2020-03-10,0,https://cdn-images.dzcdn.net/images/cover/d7318a3a31644eac2c165ae558f7da33/250x250-000000-80-0-0.jpg,https://www.deezer.com/album/134646302
6474027,Anderson .Paak,118726022,Then There Were Two,2019-11-18,0,https://cdn-images.dzcdn.net/images/cover/496693da4417230e67fff249542ffe0f/250x250-000000-80-0-0.jpg,https://www.deezer.com/album/118726022
6474027,Anderson .Paak,77878502,Who R U?,2018-11-09,0,https://cdn-images.dzcdn.net/images/cover/beda1b6653329c6a37c4bffdf49ef6e1/250x250-000000-80-0-0.jpg,https://www.deezer.com/album/77878502
6474027,Anderson .Paak,74844992,Tints (feat. Kendrick Lamar),2018-10-04,0,https://cdn-images.dzcdn.net/images/cover/e4a8a18803c2f7a94e57428d6ec916e8/250x250-000000-80-0-0.jpg,https://www.deezer.com/album/74844992
6474027,Anderson .Paak,76832922,Tints (feat. Kendrick Lamar),2018-10-03,0,https://cdn-images.dzcdn.net/images/cover/e4a8a18803c2f7a94e57428d6ec916e8/250x250-000000-80-0-0.jpg,https://www.deezer.com/album/76832922
6474027,Anderson .Paak,67790882,Bubblin (feat. Busta Rhymes) (Remix),2018-07-13,0,https://cdn-images.dzcdn.net/images/cover/dfe59266191eca82c73e2f0421b79f62/250x250-000000-80-0-0.jpg,https://www.deezer.com/album/67790882
6474027,Anderson .Paak,68177861,Bubblin (feat. Busta Rhymes) (Remix),2018-07-12,0,https://cdn-images.dzcdn.net/images/cover/dfe59266191eca82c73e2f0421b79f62/250x250-000000-80-0-0.jpg,https://www.deezer.com/album/68177861
6474027,Anderson .Paak,63411792,Bubblin,2018-05-17,0,https://cdn-images.dzcdn.net/images/cover/194022574aeec45966e26be2ef9de00c/250x250-000000-80-0-0.jpg,https://www.deezer.com/album/63411792
6474027,Anderson .Paak,60406842,'Til It's Over,2018-04-06,0,https://cdn-images.dzcdn.net/images/cover/d8726ee9b70c0226835ad8fd43d631af/250x250-000000-80-0-0.jpg,https://www.deezer.com/album/60406842
6474027,Anderson .Paak,11868446,Room In Here (feat. The Game & Sonyae Elise) - Single,2015-12-09,0,https://cdn-images.dzcdn.net/images/cover/5229b85390e30ca0e49f3e883e788699/250x250-000000-80-0-0.jpg,https://www.deezer.com/album/11868446
6474027,Anderson .Paak,11621056,Am I Wrong (feat. ScHoolboy Q) - Single,2015-11-10,0,https://cdn-images.dzcdn.net/images/cover/f1034d4ac8b89b0c7fa9c96e86600d95/250x250-000000-80-0-0.jpg,https://www.deezer.com/album/11621056
6474027,Anderson .Paak,11621054,The Season / Carry Me - Single,2015-11-08,0,https://cdn-images.dzcdn.net/images/cover/5af257b5d1147428b0c6b8e9d6051bb6/250x250-000000-80-0-0.jpg,https://www.deezer.com/album/11621054
152,Mary J. Blige,660533521,Gratitude,2024-11-14,0,https://cdn-images.dzcdn.net/images/cover/2e71f259ddfb7ef039aa173640da4727/250x250-000000-80-0-0.jpg,https://www.deezer.com/album/660533521
152,Mary J. Blige,292657532,Good Morning Gorgeous,2022-02-11,0,https://cdn-images.dzcdn.net/images/cover/2f3ce0cbae4623fcc9734256404fa67f/250x250-000000-80-0-0.jpg,https://www.deezer.com/album/292657532
152,Mary J. Blige,314962167,Good Morning Gorgeous (Deluxe),2022-02-11,0,https://cdn-images.dzcdn.net/images/cover/d66e664ee43f5c5bb8c15952c51b2aff/250x250-000000-80-0-0.jpg,https://www.deezer.com/album/314962167
152,Mary J. Blige,292660662,Good Morning Gorgeous,2022-02-10,0,https://cdn-images.dzcdn.net/images/cover/2f3ce0cbae4623fcc9734256404fa67f/250x250-000000-80-0-0.jpg,https://www.deezer.com/album/292660662
152,Mary J. Blige,121153652,HERstory Vol. 1,2019-12-06,0,https://cdn-images.dzcdn.net/images/cover/583802ded2835bdd28c1fa6b3a3c504d/250x250-000000-80-0-0.jpg,https://www.deezer.com/album/121153652
152,Mary J. Blige,40447331,Strength Of A Woman,2017-04-28,0,https://cdn-images.dzcdn.net/images/cover/b8ed44f2215edee52262c4621d1e25f2/250x250-000000-80-0-0.jpg,https://www.deezer.com/album/40447331
152,Mary J. Blige,9157797,The London Sessions,2014-11-24,0,https://cdn-images.dzcdn.net/images/cover/9e6dc349fbdb4960c46c91ec4bce11de/250x250-000000-80-0-0.jpg,https://www.deezer.com/album/9157797
152,Mary J. Blige,9883856,Right Now (Remix),2015-03-31,0,https://cdn-images.dzcdn.net/images/cover/4142de5773b83527689c75052bd31928/250x250-000000-80-0-0.jpg,https://www.deezer.com/album/9883856
152,Mary J. Blige,7892239,Think Like a Man Too (Music from and Inspired by the Film),2014-06-13,0,https://cdn-images.dzcdn.net/images/cover/c9d2be49bb04d6c6e0610fe112159cb2/250x250-000000-80-0-0.jpg,https://www.deezer.com/album/7892239
152,Mary J. Blige,494049241,A Mary Christmas (Anniversary Edition),2023-10-06,0,https://cdn-images.dzcdn.net/images/cover/2f848539815269fad82954cf2e8f6801/250x250-000000-80-0-0.jpg,https://www.deezer.com/album/494049241
152,Mary J. Blige,6985350,A Mary Christmas,2013-10-15,0,https://cdn-images.dzcdn.net/images/cover/65e05ea64bdb08bd4ce3a505deeea6f8/250x250-000000-80-0-0.jpg,https://www.deezer.com/album/6985350
152,Mary J. Blige,3693551,Rock Of Ages The Movie: Sing-A-Long Instrumentals,2012-06-13,0,https://cdn-images.dzcdn.net/images/cover/a23245e180b6357055999fe09f9071aa/250x250-000000-80-0-0.jpg,https://www.deezer.com/album/3693551
152,Mary J. Blige,2923811,Rock of Ages,2012-06-08,0,https://cdn-images.dzcdn.net/images/cover/50269d62c79ccabf51b6158757eee1b0/250x250-000000-80-0-0.jpg,https://www.deezer.com/album/2923811
152,Mary J. Blige,9070697,My Life II...The Journey Continues (Act 1),2015-04-14,0,https://cdn-images.dzcdn.net/images/cover/bbf4a424408a8bdd9764251ce5d380dc/250x250-000000-80-0-0.jpg,https://www.deezer.com/album/9070697
152,Mary J. Blige,263339492,My Life II...The Journey Continues (Act 1),2011-11-21,0,https://cdn-images.dzcdn.net/images/cover/2cf9d9a9e933dad12f71ae74e1ed913a/250x250-000000-80-0-0.jpg,https://www.deezer.com/album/263339492
152,Mary J. Blige,320461437,My Life II...The Journey Continues (Act 1) (Deluxe),2011-11-21,0,https://cdn-images.dzcdn.net/images/cover/0025b1dbfa381f40c14c3e81490fbd72/250x250-000000-80-0-0.jpg,https://www.deezer.com/album/320461437
152,Mary J. Blige,453546,Stronger withEach Tear,2009-01-01,0,https://cdn-images.dzcdn.net/images/cover/504454f1690887b7b077b055835db497/250x250-000000-80-0-0.jpg,https://www.deezer.com/album/453546
152,Mary J. Blige,522244,Stronger with Each Tear (International Version),2010-03-26,0,https://cdn-images.dzcdn.net/images/cover/69523d590e2318bbf9bf17ff496e69ff/250x250-000000-80-0-0.jpg,https://www.deezer.com/album/522244
152,Mary J. Blige,102917,Growing Pains,2007-01-01,0,https://cdn-images.dzcdn.net/images/cover/973653ce57aa28c92674642dfda29a34/250x250-000000-80-0-0.jpg,https://www.deezer.com/album/102917
152,Mary J. Blige,124386,Reflections - A Retrospective,2006-12-14,0,https://cdn-images.dzcdn.net/images/cover/a3939a5b62df412e83d898dfd85035c9/250x250-000000-80-0-0.jpg,https://www.deezer.com/album/124386
152,Mary J. Blige,246848,The Breakthrough,2006-10-31,0,https://cdn-images.dzcdn.net/images/cover/54f4de6cadc6e5687cdcfbeefa918a98/250x250-000000-80-0-0.jpg,https://www.deezer.com/album/246848
152,Mary J. Blige,160778,Love & Life (Deluxe),2003-11-17,0,https://cdn-images.dzcdn.net/images/cover/bea339f7d528be6495a152597d9127f5/250x250-000000-80-0-0.jpg,https://www.deezer.com/album/160778
152,Mary J. Blige,2324981,Love & Life,2009-07-14,0,https://cdn-images.dzcdn.net/images/cover/599755f869465350aaa03d2f52f3b62d/250x250-000000-80-0-0.jpg,https://www.deezer.com/album/2324981
152,Mary J. Blige,224701,Dance For Me,2002-01-01,0,https://cdn-images.dzcdn.net/images/cover/7be904e742f9c2b74fcdb71594b8c902/250x250-000000-80-0-0.jpg,https://www.deezer.com/album/224701
152,Mary J. Blige,212183,No More Drama,2002-01-01,0,https://cdn-images.dzcdn.net/images/cover/c5c9b71b326343fdb107ddbad05a5194/250x250-000000-80-0-0.jpg,https://www.deezer.com/album/212183
152,Mary J. Blige,453499,No More Drama,2007-08-16,0,https://cdn-images.dzcdn.net/images/cover/ce056f483049881d4f51192dacd8fca7/250x250-000000-80-0-0.jpg,https://www.deezer.com/album/453499
152,Mary J. Blige,680064,No More Drama (Version 2),2002-01-01,0,https://cdn-images.dzcdn.net/images/cover/d7743f7e41f76f3c9d8b412493262252/250x250-000000-80-0-0.jpg,https://www.deezer.com/album/680064
152,Mary J. Blige,2376091,Mary,1999-08-17,0,https://cdn-images.dzcdn.net/images/cover/df845aacd16d4c764a90dc932a235011/250x250-000000-80-0-0.jpg,https://www.deezer.com/album/2376091
152,Mary J. Blige,8850557,Mary,1999-01-01,0,https://cdn-images.dzcdn.net/images/cover/5cb7645c12691c80e0f423cf330e8fbd/250x250-000000-80-0-0.jpg,https://www.deezer.com/album/8850557
152,Mary J. Blige,118413,The Tour,1998-01-01,0,https://cdn-images.dzcdn.net/images/cover/f9ef84145044595a1e3ab5eb60ef1f10/250x250-000000-80-0-0.jpg,https://www.deezer.com/album/118413
152,Mary J. Blige,9148705,Share My World,1997-04-22,0,https://cdn-images.dzcdn.net/images/cover/fea6e924e5f3047318eb8c8dba900b79/250x250-000000-80-0-0.jpg,https://www.deezer.com/album/9148705
152,Mary J. Blige,212180,My Life,2014-11-13,0,https://cdn-images.dzcdn.net/images/cover/0853b7f17d197aa9549ded621d4c826d/250x250-000000-80-0-0.jpg,https://www.deezer.com/album/212180
152,Mary J. Blige,186080382,My Life (Deluxe / Commentary Edition),2020-11-20,0,https://cdn-images.dzcdn.net/images/cover/72b8bd1180aedce41d1abba0834b6d2a/250x250-000000-80-0-0.jpg,https://www.deezer.com/album/186080382
152,Mary J. Blige,320927407,My Life,2007-12-20,0,https://cdn-images.dzcdn.net/images/cover/63985028d401f7ca9de56e427cfc98c3/250x250-000000-80-0-0.jpg,https://www.deezer.com/album/320927407
152,Mary J. Blige,248396,What's The 411? (Remix),1999-03-20,0,https://cdn-images.dzcdn.net/images/cover/a40faa2d9bb31f614111a0291dd414a8/250x250-000000-80-0-0.jpg,https://www.deezer.com/album/248396
152,Mary J. Blige,212179,What's The 411?,1992-01-01,0,https://cdn-images.dzcdn.net/images/cover/f8a928b589473ce7f0d08b0cb572cd74/250x250-000000-80-0-0.jpg,https://www.deezer.com/album/212179
152,Mary J. Blige,654006781,You Ain't The Only One,2024-10-18,0,https://cdn-images.dzcdn.net/images/cover/2e71f259ddfb7ef039aa173640da4727/250x250-000000-80-0-0.jpg,https://www.deezer.com/album/654006781
152,Mary J. Blige,627252311,Breathing (feat. Fabolous),2024-08-16,0,https://cdn-images.dzcdn.net/images/cover/8d7770693b7178ed124ca250e044262c/250x250-000000-80-0-0.jpg,https://www.deezer.com/album/627252311
152,Mary J. Blige,636662141,Breathing,2024-08-15,0,https://cdn-images.dzcdn.net/images/cover/82aeb1d8f1b48bfe23404a768af2989d/250x250-000000-80-0-0.jpg,https://www.deezer.com/album/636662141
152,Mary J. Blige,658777611,Christmas Without You,2024-07-12,0,https://cdn-images.dzcdn.net/images/cover/7d6851d74fd878e54b416c3f99b03251/250x250-000000-80-0-0.jpg,https://www.deezer.com/album/658777611
152,Mary J. Blige,580726771,Still Believe In Love (Remix),2024-05-03,0,https://cdn-images.dzcdn.net/images/cover/4c5fb0dbf2fc48ba8b2b0ee35b6aa213/250x250-000000-80-0-0.jpg,https://www.deezer.com/album/580726771
152,Mary J. Blige,560235562,Beautiful Life All Stars,2024-03-15,0,https://cdn-images.dzcdn.net/images/cover/9f998d3a0981d9a296c637cffd54eb36/250x250-000000-80-0-0.jpg,https://www.deezer.com/album/560235562
152,Mary J. Blige,523028152,When I Can’t Do Better (From the Original Motion Picture “The Color Purple”),2023-12-15,0,https://cdn-images.dzcdn.net/images/cover/cafa5fae369ef3e80c9361a90730e22b/250x250-000000-80-0-0.jpg,https://www.deezer.com/album/523028152
152,Mary J. Blige,501113341,Still Believe In Love,2023-10-27,0,https://cdn-images.dzcdn.net/images/cover/4786ee69bb6b10da07edb6b31ea54a2e/250x250-000000-80-0-0.jpg,https://www.deezer.com/album/501113341
152,Mary J. Blige,498537121,I Like,2023-09-15,0,https://cdn-images.dzcdn.net/images/cover/357f2cc52f641bb5b346aa2361966ccf/250x250-000000-80-0-0.jpg,https://www.deezer.com/album/498537121
152,Mary J. Blige,347887427,Good Morning Gorgeous (Mastiksoul Remix),2022-08-26,0,https://cdn-images.dzcdn.net/images/cover/3fa3b77cca81859950e4080bf3f7f11f/250x250-000000-80-0-0.jpg,https://www.deezer.com/album/347887427
152,Mary J. Blige,342906397,Good Morning Gorgeous (Emmaculate Remix),2022-08-12,0,https://cdn-images.dzcdn.net/images/cover/3ea8c0b45aa09a994b413b5f31d497a5/250x250-000000-80-0-0.jpg,https://www.deezer.com/album/342906397
152,Mary J. Blige,809435661,Good Morning Gorgeous (Kelly G Morning Pose Dub Remix) [Extended Version],2022-08-12,0,https://cdn-images.dzcdn.net/images/cover/0af930e144b00f453cfb38dcf7ad26ec/250x250-000000-80-0-0.jpg,https://www.deezer.com/album/809435661
152,Mary J. Blige,809435731,Good Morning Gorgeous (Emmaculate Remix) [Extended Version],2022-08-12,0,https://cdn-images.dzcdn.net/images/cover/e205249a4c14308616a808b5dfa51c36/250x250-000000-80-0-0.jpg,https://www.deezer.com/album/809435731
152,Mary J. Blige,342952987,Good Morning Gorgeous (Kelly G Morning Pose Dub Remix),2022-08-05,0,https://cdn-images.dzcdn.net/images/cover/253f9811280d24109c5c4425e49d8691/250x250-000000-80-0-0.jpg,https://www.deezer.com/album/342952987
152,Mary J. Blige,336393337,Good Morning Gorgeous (DJ Licious Remix),2022-07-22,0,https://cdn-images.dzcdn.net/images/cover/814aeedb14856b9cc41c95644b433c49/250x250-000000-80-0-0.jpg,https://www.deezer.com/album/336393337
152,Mary J. Blige,304628817,Good Morning Gorgeous (feat. H.E.R.),2022-03-25,0,https://cdn-images.dzcdn.net/images/cover/8928522098f167b1dc9ffbd348d1289c/250x250-000000-80-0-0.jpg,https://www.deezer.com/album/304628817
152,Mary J. Blige,287483912,Rent Money (feat. Dave East),2022-01-21,0,https://cdn-images.dzcdn.net/images/cover/2f3ce0cbae4623fcc9734256404fa67f/250x250-000000-80-0-0.jpg,https://www.deezer.com/album/287483912
152,Mary J. Blige,287226412,Rent Money (feat. Dave East),2022-01-20,0,https://cdn-images.dzcdn.net/images/cover/2f3ce0cbae4623fcc9734256404fa67f/250x250-000000-80-0-0.jpg,https://www.deezer.com/album/287226412
152,Mary J. Blige,275008082,Good Morning Gorgeous,2021-12-03,0,https://cdn-images.dzcdn.net/images/cover/bb42cd5b03d704828db1e127dc6434ba/250x250-000000-80-0-0.jpg,https://www.deezer.com/album/275008082
152,Mary J. Blige,274863202,Amazing (feat. DJ Khaled),2021-12-02,0,https://cdn-images.dzcdn.net/images/cover/6b041674dd26930db4d3c9560b87ce62/250x250-000000-80-0-0.jpg,https://www.deezer.com/album/274863202
152,Mary J. Blige,237472422,Hourglass (from the Amazon Original Documentary: Mary J. Blige's My Life),2021-06-25,0,https://cdn-images.dzcdn.net/images/cover/10b50256db2f712bb6b04349f9887a80/250x250-000000-80-0-0.jpg,https://www.deezer.com/album/237472422
152,Mary J. Blige,178499112,See What You've Done (From The Film Belly Of The Beast),2020-10-16,0,https://cdn-images.dzcdn.net/images/cover/eff87c9ac21b1495c8347f936b4fa614/250x250-000000-80-0-0.jpg,https://www.deezer.com/album/178499112
152,Mary J. Blige,167428392,I Love You (Remix) / Be Happy (Bad Boy Butter Remix) / I'm Going Down (Remix),2020-08-21,0,https://cdn-images.dzcdn.net/images/cover/72b8bd1180aedce41d1abba0834b6d2a/250x250-000000-80-0-0.jpg,https://www.deezer.com/album/167428392
152,Mary J. Blige,121060362,Always,2020-02-28,0,https://cdn-images.dzcdn.net/images/cover/f992ec0c5f73d95df3f538da9aade3db/250x250-000000-80-0-0.jpg,https://www.deezer.com/album/121060362
152,Mary J. Blige,106568702,Know,2019-08-08,0,https://cdn-images.dzcdn.net/images/cover/4e52c1cc916fdce463000a7890ce7bb9/250x250-000000-80-0-0.jpg,https://www.deezer.com/album/106568702
152,Mary J. Blige,95637312,Thriving,2019-05-08,0,https://cdn-images.dzcdn.net/images/cover/80caabdc619e7c0bfe4e2483511474d0/250x250-000000-80-0-0.jpg,https://www.deezer.com/album/95637312
152,Mary J. Blige,68085622,Only Love,2018-07-12,0,https://cdn-images.dzcdn.net/images/cover/3f55f6f23f1f3d35645e3f84c8cba4b6/250x250-000000-80-0-0.jpg,https://www.deezer.com/album/68085622
152,Mary J. Blige,42569151,Love Yourself (Remix),2017-06-09,0,https://cdn-images.dzcdn.net/images/cover/db5d19626cc5d1222cf99a93b358576d/250x250-000000-80-0-0.jpg,https://www.deezer.com/album/42569151
152,Mary J. Blige,15385359,U + Me (Love Lesson),2017-02-17,0,https://cdn-images.dzcdn.net/images/cover/2928287445c5fc7411f0dffb75737085/250x250-000000-80-0-0.jpg,https://www.deezer.com/album/15385359
152,Mary J. Blige,14240572,Thick Of It,2016-10-07,0,https://cdn-images.dzcdn.net/images/cover/120e600836379d9ab5c959f562a9ed72/250x250-000000-80-0-0.jpg,https://www.deezer.com/album/14240572
152,Mary J. Blige,13947978,World’s Gone Crazy (The View Theme Song: Season 20),2016-09-02,0,https://cdn-images.dzcdn.net/images/cover/028e08fa2e3bdb354f2adc9d24453d2e/250x250-000000-80-0-0.jpg,https://www.deezer.com/album/13947978
152,Mary J. Blige,7857692,Suitcase,2014-06-03,0,https://cdn-images.dzcdn.net/images/cover/b9db033a507f33d20b172d86e8776908/250x250-000000-80-0-0.jpg,https://www.deezer.com/album/7857692
152,Mary J. Blige,7857693,A Night to Remember,2014-06-03,0,https://cdn-images.dzcdn.net/images/cover/c9d2be49bb04d6c6e0610fe112159cb2/250x250-000000-80-0-0.jpg,https://www.deezer.com/album/7857693
152,Mary J. Blige,7857694,Moment of Love,2014-06-03,0,https://cdn-images.dzcdn.net/images/cover/c9d2be49bb04d6c6e0610fe112159cb2/250x250-000000-80-0-0.jpg,https://www.deezer.com/album/7857694
152,Mary J. Blige,320445997,Stairway To Heaven,2010-04-13,0,https://cdn-images.dzcdn.net/images/cover/c626ae181f0cc65c947a25aae2610a55/250x250-000000-80-0-0.jpg,https://www.deezer.com/album/320445997
152,Mary J. Blige,387622,The One,2009-07-21,0,https://cdn-images.dzcdn.net/images/cover/0543bf309dde71b196337dab446f86f4/250x250-000000-80-0-0.jpg,https://www.deezer.com/album/387622
152,Mary J. Blige,320866837,Just Fine (Treat 'Em Right Remix featuring Lil Wayne),2008-02-19,0,https://cdn-images.dzcdn.net/images/cover/1f41c7f06dd75a32f10f75bb80ffa8c6/250x250-000000-80-0-0.jpg,https://www.deezer.com/album/320866837
152,Mary J. Blige,103924,Be Without You (Award Performance Version),2007-02-11,0,https://cdn-images.dzcdn.net/images/cover/71dfb806ad935e2a32cf61220ac5cbaf/250x250-000000-80-0-0.jpg,https://www.deezer.com/album/103924
152,Mary J. Blige,89927312,Be Without You,2019-03-15,0,https://cdn-images.dzcdn.net/images/cover/470dbdfd121c377c2a04524e784ba172/250x250-000000-80-0-0.jpg,https://www.deezer.com/album/89927312
152,Mary J. Blige,161617,We Ride (I See The Future),2006-12-11,0,https://cdn-images.dzcdn.net/images/cover/7c76764537e8a6f450cdb4179f4e8c6f/250x250-000000-80-0-0.jpg,https://www.deezer.com/album/161617
152,Mary J. Blige,227286,Enough Cryin',2006-08-14,0,https://cdn-images.dzcdn.net/images/cover/5055dcbf43f3545e2175652dd351a737/250x250-000000-80-0-0.jpg,https://www.deezer.com/album/227286
152,Mary J. Blige,296298,One,2006-04-03,0,https://cdn-images.dzcdn.net/images/cover/d64a22aa8d270bc0392d613a4876d7ad/250x250-000000-80-0-0.jpg,https://www.deezer.com/album/296298
152,Mary J. Blige,217743,Be Without You,2006-01-09,0,https://cdn-images.dzcdn.net/images/cover/45d4b9653e5e7704bf2a43dc4f44a05d/250x250-000000-80-0-0.jpg,https://www.deezer.com/album/217743
152,Mary J. Blige,2318351,Love @ 1st Sight,2003-09-09,0,https://cdn-images.dzcdn.net/images/cover/39c9089669755b536f8baf47cdf3027d/250x250-000000-80-0-0.jpg,https://www.deezer.com/album/2318351
152,Mary J. Blige,287807,Rainy Dayz,2022-08-05,0,https://cdn-images.dzcdn.net/images/cover/b91bac21c892322fff601b7e3752bba3/250x250-000000-80-0-0.jpg,https://www.deezer.com/album/287807
152,Mary J. Blige,701003,Family Affair (Remixes),2001-01-01,0,https://cdn-images.dzcdn.net/images/cover/89efab3fb258d9c2653c276d8a496b01/250x250-000000-80-0-0.jpg,https://www.deezer.com/album/701003
152,Mary J. Blige,136402032,I'm Going Down,2020-07-31,0,https://cdn-images.dzcdn.net/images/cover/72b8bd1180aedce41d1abba0834b6d2a/250x250-000000-80-0-0.jpg,https://www.deezer.com/album/136402032
305,Kool & The Gang,434517277,People Just Wanna Have Fun,2023-07-14,0,https://cdn-images.dzcdn.net/images/cover/28947118c6a96f6eb71c355a0210f293/250x250-000000-80-0-0.jpg,https://www.deezer.com/album/434517277
305,Kool & The Gang,489877365,Perfect Union,2021-08-20,0,https://cdn-images.dzcdn.net/images/cover/9c570aa34259bbe7b6c95f248e29858e/250x250-000000-80-0-0.jpg,https://www.deezer.com/album/489877365
305,Kool & The Gang,251541392,Collected,2021-08-20,0,https://cdn-images.dzcdn.net/images/cover/54a5ec2a80ab3758d4bf1094cddbdc9f/250x250-000000-80-0-0.jpg,https://www.deezer.com/album/251541392
305,Kool & The Gang,70763602,Best Of,2018-08-10,0,https://cdn-images.dzcdn.net/images/cover/f5ba3fb1a744ce3f4ae72e087882eef0/250x250-000000-80-0-0.jpg,https://www.deezer.com/album/70763602
305,Kool & The Gang,10194246,Live at Montreux 2009,2009-09-21,0,https://cdn-images.dzcdn.net/images/cover/97515d4653fa16fb45aefe287689649d/250x250-000000-80-0-0.jpg,https://www.deezer.com/album/10194246
305,Kool & The Gang,116146172,The 50 Greatest Songs,2018-10-12,0,https://cdn-images.dzcdn.net/images/cover/b31f179b1308c244956a13fc6f2cfd18/250x250-000000-80-0-0.jpg,https://www.deezer.com/album/116146172
305,Kool & The Gang,80675112,Number 1's,2018-12-07,0,https://cdn-images.dzcdn.net/images/cover/9614a6ec36615088b9c5be44d4947ca0/250x250-000000-80-0-0.jpg,https://www.deezer.com/album/80675112
305,Kool & The Gang,80675972,Gold,2018-12-07,0,https://cdn-images.dzcdn.net/images/cover/e2b4415c29dffb4fd88d1d5f7d679bf3/250x250-000000-80-0-0.jpg,https://www.deezer.com/album/80675972
305,Kool & The Gang,78638742,Golden Legends: Kool & The Gang Live,2006-02-28,0,https://cdn-images.dzcdn.net/images/cover/3db59b541cc7e6e0272fe60d69c6f676/250x250-000000-80-0-0.jpg,https://www.deezer.com/album/78638742
305,Kool & The Gang,70763172,20th Century Masters: The Millennium Collection: The Best Of Kool & The Gang,2018-08-10,0,https://cdn-images.dzcdn.net/images/cover/4edf545acb72893f6b632c1bfca8a93a/250x250-000000-80-0-0.jpg,https://www.deezer.com/album/70763172
305,Kool & The Gang,71053502,The Very Best Of Kool & The Gang,1999-03-01,0,https://cdn-images.dzcdn.net/images/cover/7506d1ebfe34d26bb82925d9c2cd3421/250x250-000000-80-0-0.jpg,https://www.deezer.com/album/71053502
305,Kool & The Gang,9816152,"The 12"" Collection And More (Funk Essentials)",1999-06-28,0,https://cdn-images.dzcdn.net/images/cover/db3c7d1cdde275ce8645ecb5de681d98/250x250-000000-80-0-0.jpg,https://www.deezer.com/album/9816152
305,Kool & The Gang,79885682,"The 12"" Collection And More (Funk Essentials)",1999-06-28,0,https://cdn-images.dzcdn.net/images/cover/721cc0847d5a8db0be06280bac1f660b/250x250-000000-80-0-0.jpg,https://www.deezer.com/album/79885682
305,Kool & The Gang,9514548,Kool Jazz,1997-05-20,0,https://cdn-images.dzcdn.net/images/cover/7952ce51199e231edb195725b769941b/250x250-000000-80-0-0.jpg,https://www.deezer.com/album/9514548
305,Kool & The Gang,70763392,Celebration: The Best Of Kool & The Gang (1979-1987),2018-08-10,0,https://cdn-images.dzcdn.net/images/cover/ce8a9c1ef60532284757467acbdad821/250x250-000000-80-0-0.jpg,https://www.deezer.com/album/70763392
305,Kool & The Gang,953478,New Your City Cool,2006-12-05,0,https://cdn-images.dzcdn.net/images/cover/1b7082f7daf433183b2c0ec42bd5f168/250x250-000000-80-0-0.jpg,https://www.deezer.com/album/953478
305,Kool & The Gang,664115071,The Best Of Kool And The Gang (1969 - 1976),1993-06-03,0,https://cdn-images.dzcdn.net/images/cover/e5b177193173e832a481b450f214b55d/250x250-000000-80-0-0.jpg,https://www.deezer.com/album/664115071
305,Kool & The Gang,6240537,Sweat,2012-12-18,0,https://cdn-images.dzcdn.net/images/cover/ccdc36a06d7194a63bdf8d5bcccffc9c/250x250-000000-80-0-0.jpg,https://www.deezer.com/album/6240537
305,Kool & The Gang,70763412,Everything's Kool & The Gang (Greatest Hits & More),2018-08-10,0,https://cdn-images.dzcdn.net/images/cover/f29fb7e406c896f45f78988bbd499571/250x250-000000-80-0-0.jpg,https://www.deezer.com/album/70763412
305,Kool & The Gang,9762080,Forever,1986-11-03,0,https://cdn-images.dzcdn.net/images/cover/286edf31de46311a382e5bf3c76dac39/250x250-000000-80-0-0.jpg,https://www.deezer.com/album/9762080
305,Kool & The Gang,71053912,Emergency (Reissue),1984-01-01,0,https://cdn-images.dzcdn.net/images/cover/7e11a8b7130ff398551ac56a5a36404d/250x250-000000-80-0-0.jpg,https://www.deezer.com/album/71053912
305,Kool & The Gang,70197952,In The Heart,1983-11-21,0,https://cdn-images.dzcdn.net/images/cover/8391f12e986f5e5d825ef24e08600b2f/250x250-000000-80-0-0.jpg,https://www.deezer.com/album/70197952
305,Kool & The Gang,9485238,As One,2013-03-26,0,https://cdn-images.dzcdn.net/images/cover/36f927a9efd2ed4d352c858a3a22df9d/250x250-000000-80-0-0.jpg,https://www.deezer.com/album/9485238
305,Kool & The Gang,9617086,Something Special,2015-02-17,0,https://cdn-images.dzcdn.net/images/cover/432ebc60ba4d20887d67ef6b3cece11e/250x250-000000-80-0-0.jpg,https://www.deezer.com/album/9617086
305,Kool & The Gang,9751930,Celebrate!,1986-06-03,0,https://cdn-images.dzcdn.net/images/cover/9953aecd3b6bad65f5b0acf711316fdd/250x250-000000-80-0-0.jpg,https://www.deezer.com/album/9751930
305,Kool & The Gang,70763772,Ladies' Night,2018-08-10,0,https://cdn-images.dzcdn.net/images/cover/a358182fe3214060f434fce7507091bc/250x250-000000-80-0-0.jpg,https://www.deezer.com/album/70763772
305,Kool & The Gang,9824358,Everybody’s Dancin’ (Expanded Edition),1978-01-01,0,https://cdn-images.dzcdn.net/images/cover/f987a3f506128b4a612755c17f25be35/250x250-000000-80-0-0.jpg,https://www.deezer.com/album/9824358
305,Kool & The Gang,9824362,The Force (Expanded Edition),1977-01-01,0,https://cdn-images.dzcdn.net/images/cover/cb5aba7743f45bd3ab0c23d74b5b193f/250x250-000000-80-0-0.jpg,https://www.deezer.com/album/9824362
305,Kool & The Gang,1033417,Open Sesame (Expanded Edition),1976-01-01,0,https://cdn-images.dzcdn.net/images/cover/d645848460bb45f6c58f1d204242ef05/250x250-000000-80-0-0.jpg,https://www.deezer.com/album/1033417
305,Kool & The Gang,321201327,Love & Understanding,2009-12-17,0,https://cdn-images.dzcdn.net/images/cover/171ff944327b6df8dd6f7f15ec744373/250x250-000000-80-0-0.jpg,https://www.deezer.com/album/321201327
305,Kool & The Gang,8475563,Spirit Of The Boogie,2014-08-25,0,https://cdn-images.dzcdn.net/images/cover/f805dba77c25ad4c6328fd43eaca4dc4/250x250-000000-80-0-0.jpg,https://www.deezer.com/album/8475563
305,Kool & The Gang,212355,Light Of Worlds,2008-06-02,0,https://cdn-images.dzcdn.net/images/cover/7afa58e7b88bea970749197d1003201a/250x250-000000-80-0-0.jpg,https://www.deezer.com/album/212355
305,Kool & The Gang,212383,Wild And Peaceful,2008-03-06,0,https://cdn-images.dzcdn.net/images/cover/a17e49f7072cad3dc82f6594b793d2a7/250x250-000000-80-0-0.jpg,https://www.deezer.com/album/212383
305,Kool & The Gang,8449299,Music Is The Message,2014-08-22,0,https://cdn-images.dzcdn.net/images/cover/e58b42b79498c00fc9c64e61cac58203/250x250-000000-80-0-0.jpg,https://www.deezer.com/album/8449299
305,Kool & The Gang,8449303,Good Times,2014-08-25,0,https://cdn-images.dzcdn.net/images/cover/7e8f2ec1fc0ecf7d6ab13fd14091e283/250x250-000000-80-0-0.jpg,https://www.deezer.com/album/8449303
305,Kool & The Gang,9514550,Live At P.J.'s,1999-06-08,0,https://cdn-images.dzcdn.net/images/cover/148d89ee3848f7be0585192f1eb56fd0/250x250-000000-80-0-0.jpg,https://www.deezer.com/album/9514550
305,Kool & The Gang,9514544,Live At The Sex Machine,1996-09-24,0,https://cdn-images.dzcdn.net/images/cover/ce44150156339761ba17da7006bf23ec/250x250-000000-80-0-0.jpg,https://www.deezer.com/album/9514544
305,Kool & The Gang,8449361,Kool And The Gang,1970-01-01,0,https://cdn-images.dzcdn.net/images/cover/b28b03a3a2e3122a22c981732c3d3dc9/250x250-000000-80-0-0.jpg,https://www.deezer.com/album/8449361
305,Kool & The Gang,790043721,KOOL SUMMER,2025-07-25,0,https://cdn-images.dzcdn.net/images/cover/fca1e8bbb86c6cd6ae9515d37b73dcce/250x250-000000-80-0-0.jpg,https://www.deezer.com/album/790043721
305,Kool & The Gang,786246301,GET DOWN,2025-07-18,0,https://cdn-images.dzcdn.net/images/cover/9326215a850ae40b5340b11429209d73/250x250-000000-80-0-0.jpg,https://www.deezer.com/album/786246301
305,Kool & The Gang,775471601,Celebration (Dj Crazy Jersey Club Remix),2025-06-27,0,https://cdn-images.dzcdn.net/images/cover/b3601cd7cc87b670b6e152045ee262f6/250x250-000000-80-0-0.jpg,https://www.deezer.com/album/775471601
305,Kool & The Gang,768245221,get down on it,2025-06-13,0,https://cdn-images.dzcdn.net/images/cover/4220436eca6437acb712367f1faed84e/250x250-000000-80-0-0.jpg,https://www.deezer.com/album/768245221
305,Kool & The Gang,600770492,Movie Star (feat. Ami Miller),2024-06-21,0,https://cdn-images.dzcdn.net/images/cover/28947118c6a96f6eb71c355a0210f293/250x250-000000-80-0-0.jpg,https://www.deezer.com/album/600770492
305,Kool & The Gang,553310362,VIP (feat. Ami Miller),2024-03-15,0,https://cdn-images.dzcdn.net/images/cover/f28dbac38ad5140d48e0ae58e1632887/250x250-000000-80-0-0.jpg,https://www.deezer.com/album/553310362
305,Kool & The Gang,456589205,Let's Party (feat. Nolay) (Larizzle Remix),2023-07-11,0,https://cdn-images.dzcdn.net/images/cover/651a4e8ec8b57c3b87b8bab75937c7f8/250x250-000000-80-0-0.jpg,https://www.deezer.com/album/456589205
305,Kool & The Gang,448578885,We Are The Party,2023-06-22,0,https://cdn-images.dzcdn.net/images/cover/95ec24b6726f419d30f45cd05b9870da/250x250-000000-80-0-0.jpg,https://www.deezer.com/album/448578885
305,Kool & The Gang,362273017,Let's Party (feat. Sha Sha Jones),2022-10-14,0,https://cdn-images.dzcdn.net/images/cover/88d1a4d3ae0448ed8897dea596f89e89/250x250-000000-80-0-0.jpg,https://www.deezer.com/album/362273017
305,Kool & The Gang,490363225,Pursuit of Happiness (Rap Version),2021-07-09,0,https://cdn-images.dzcdn.net/images/cover/d7de3692a78486c3c68868e6430a6126/250x250-000000-80-0-0.jpg,https://www.deezer.com/album/490363225
305,Kool & The Gang,395959,Celebration / Morning Star,2009-09-21,0,https://cdn-images.dzcdn.net/images/cover/8c0b11871325d41ec7c06c982fa8db51/250x250-000000-80-0-0.jpg,https://www.deezer.com/album/395959
17,Usher,533954052,COMING HOME,2024-02-09,0,https://cdn-images.dzcdn.net/images/cover/5c275b1195254038af783eb3a677b3c2/250x250-000000-80-0-0.jpg,https://www.deezer.com/album/533954052
17,Usher,550340362,COMING HOME (Expanded Edition),2024-02-09,0,https://cdn-images.dzcdn.net/images/cover/5c275b1195254038af783eb3a677b3c2/250x250-000000-80-0-0.jpg,https://www.deezer.com/album/550340362
17,Usher,75395112,"""A""",2018-10-12,0,https://cdn-images.dzcdn.net/images/cover/90f76ba6c568ecd8812e1f160cbcd55d/250x250-000000-80-0-0.jpg,https://www.deezer.com/album/75395112
17,Usher,83255762,Hard II Love,2016-09-16,0,https://cdn-images.dzcdn.net/images/cover/bbcd049e7cb1e0955707a6e51b0790d4/250x250-000000-80-0-0.jpg,https://www.deezer.com/album/83255762
17,Usher,6130576,Numb Remixes,2012-11-20,0,https://cdn-images.dzcdn.net/images/cover/c4dfa8ba9b3ea7ee67dc0798e231faa9/250x250-000000-80-0-0.jpg,https://www.deezer.com/album/6130576
17,Usher,5492741,"""Scream"" Remixes",2012-08-13,0,https://cdn-images.dzcdn.net/images/cover/5b8c0828678b2e1de1240be27c2b9fc7/250x250-000000-80-0-0.jpg,https://www.deezer.com/album/5492741
17,Usher,83335612,Looking 4 Myself (Expanded Edition),2012-06-08,0,https://cdn-images.dzcdn.net/images/cover/adcd78c01e7cff0dcdc64dfcaaeb7b2a/250x250-000000-80-0-0.jpg,https://www.deezer.com/album/83335612
17,Usher,1441334,Versus,2010-08-24,0,https://cdn-images.dzcdn.net/images/cover/b5df072f3a995bb40c2f78f6c3e0fac7/250x250-000000-80-0-0.jpg,https://www.deezer.com/album/1441334
17,Usher,666627,DJ Got Us Fallin' In Love - Remixes EP,2010-09-24,0,https://cdn-images.dzcdn.net/images/cover/dce24a48f339b72c01ba4db7af7a929d/250x250-000000-80-0-0.jpg,https://www.deezer.com/album/666627
17,Usher,573906,OMG Remix EP,2010-06-05,0,https://cdn-images.dzcdn.net/images/cover/e6801086d29fea4e1a4461a5525902b7/250x250-000000-80-0-0.jpg,https://www.deezer.com/album/573906
17,Usher,1441339,Raymond v Raymond (Expanded Edition),2010-03-30,0,https://cdn-images.dzcdn.net/images/cover/f1aa5306342e4098b0cc8328bff78b75/250x250-000000-80-0-0.jpg,https://www.deezer.com/album/1441339
17,Usher,1435261,Here I Stand,2008-05-27,0,https://cdn-images.dzcdn.net/images/cover/4e12ebffaef7555770c0fc35f92be3b4/250x250-000000-80-0-0.jpg,https://www.deezer.com/album/1435261
17,Usher,1422551,Rhythm City Volume One: Caught Up,2005-03-08,0,https://cdn-images.dzcdn.net/images/cover/a715652e2a17bf4d63a1045f277284ec/250x250-000000-80-0-0.jpg,https://www.deezer.com/album/1422551
17,Usher,1261242,Confessions (Expanded Edition),2004-03-22,0,https://cdn-images.dzcdn.net/images/cover/b89c20012cccb051c8a4e04d98386f95/250x250-000000-80-0-0.jpg,https://www.deezer.com/album/1261242
17,Usher,660919221,Confessions (20th Anniversary Edition),2004-03-23,0,https://cdn-images.dzcdn.net/images/cover/2c5c535dab4001ae0a510173d848f4e8/250x250-000000-80-0-0.jpg,https://www.deezer.com/album/660919221
17,Usher,96550,Confessions,2004-03-20,0,https://cdn-images.dzcdn.net/images/cover/1a727988b4762a5bd8f05e064753d381/250x250-000000-80-0-0.jpg,https://www.deezer.com/album/96550
17,Usher,108303,8701,2001-01-01,0,https://cdn-images.dzcdn.net/images/cover/b1243a7f89bec5d034b82fec489f7221/250x250-000000-80-0-0.jpg,https://www.deezer.com/album/108303
17,Usher,110057,8701,2001-07-10,0,https://cdn-images.dzcdn.net/images/cover/b1243a7f89bec5d034b82fec489f7221/250x250-000000-80-0-0.jpg,https://www.deezer.com/album/110057
17,Usher,107937,Live,1999-01-01,0,https://cdn-images.dzcdn.net/images/cover/ac8dc2ce5277226d667e43a908e932bc/250x250-000000-80-0-0.jpg,https://www.deezer.com/album/107937
17,Usher,1421028,My Way,1997-09-16,0,https://cdn-images.dzcdn.net/images/cover/b74f9d26cdd371a826dbde0b488f6b79/250x250-000000-80-0-0.jpg,https://www.deezer.com/album/1421028
17,Usher,355815977,My Way (25th Anniversary Edition),2022-09-16,0,https://cdn-images.dzcdn.net/images/cover/ed2b422e8240cd4e7ef9c4b357a99688/250x250-000000-80-0-0.jpg,https://www.deezer.com/album/355815977
17,Usher,113974,Usher,1994-08-30,0,https://cdn-images.dzcdn.net/images/cover/7680f9a82c06501e3d98b8ff6712d074/250x250-000000-80-0-0.jpg,https://www.deezer.com/album/113974
17,Usher,634582961,SOS (Sex on Sight) (feat. USHER),2024-09-06,0,https://cdn-images.dzcdn.net/images/cover/d450d15f91b3894a0820ccaf035dbf87/250x250-000000-80-0-0.jpg,https://www.deezer.com/album/634582961
17,Usher,895906,More,2011-01-26,0,https://cdn-images.dzcdn.net/images/cover/3195d62f601a4004bb3abd7d3044df7a/250x250-000000-80-0-0.jpg,https://www.deezer.com/album/895906
17,Usher,1206263,Moving Mountains,2008-05-23,0,https://cdn-images.dzcdn.net/images/cover/b552489894cd2f4e4ae6cdc4baa2aec7/250x250-000000-80-0-0.jpg,https://www.deezer.com/album/1206263
17,Usher,77961,Love In This Club,2008-04-28,0,https://cdn-images.dzcdn.net/images/cover/ccb7141544b596acba12d59f2a12ea10/250x250-000000-80-0-0.jpg,https://www.deezer.com/album/77961
17,Usher,8832409,Usher: Rarities!,2014-10-03,0,https://cdn-images.dzcdn.net/images/cover/9835221fdcda67e41c9b88fbc9be33e5/250x250-000000-80-0-0.jpg,https://www.deezer.com/album/8832409
17,Usher,8832411,You Make Me Wanna... (Remix),1997-10-12,0,https://cdn-images.dzcdn.net/images/cover/6f44069cb33137d339ae565ed7dd6f14/250x250-000000-80-0-0.jpg,https://www.deezer.com/album/8832411
17,Usher,267271192,Comin' For X-Mas?,1995-12-11,0,https://cdn-images.dzcdn.net/images/cover/cce7d21a8e473386d0ffe9030f10f73f/250x250-000000-80-0-0.jpg,https://www.deezer.com/album/267271192
17,Usher,632563101,SOS (Sex on Sight) (feat. USHER),2024-08-27,0,https://cdn-images.dzcdn.net/images/cover/d450d15f91b3894a0820ccaf035dbf87/250x250-000000-80-0-0.jpg,https://www.deezer.com/album/632563101
17,Usher,544918362,Cold Blooded,2024-02-08,0,https://cdn-images.dzcdn.net/images/cover/5c275b1195254038af783eb3a677b3c2/250x250-000000-80-0-0.jpg,https://www.deezer.com/album/544918362
17,Usher,544918402,Coming Home,2024-02-08,0,https://cdn-images.dzcdn.net/images/cover/5c275b1195254038af783eb3a677b3c2/250x250-000000-80-0-0.jpg,https://www.deezer.com/album/544918402
17,Usher,544951192,A-Town Girl,2024-02-08,0,https://cdn-images.dzcdn.net/images/cover/5c275b1195254038af783eb3a677b3c2/250x250-000000-80-0-0.jpg,https://www.deezer.com/album/544951192
17,Usher,541779442,Ruin,2024-02-02,0,https://cdn-images.dzcdn.net/images/cover/5c275b1195254038af783eb3a677b3c2/250x250-000000-80-0-0.jpg,https://www.deezer.com/album/541779442
17,Usher,517923522,Risk It All (From the Original Motion Picture “The Color Purple”),2023-12-07,0,https://cdn-images.dzcdn.net/images/cover/cafa5fae369ef3e80c9361a90730e22b/250x250-000000-80-0-0.jpg,https://www.deezer.com/album/517923522
17,Usher,517781992,Standing Next to You (USHER Remix),2023-12-01,0,https://cdn-images.dzcdn.net/images/cover/d23625232fe6d481976ff719eeb748eb/250x250-000000-80-0-0.jpg,https://www.deezer.com/album/517781992
17,Usher,513544392,Good Good (Jax Jones Midnight Snacks Remix),2023-11-24,0,https://cdn-images.dzcdn.net/images/cover/b515403823e1142c48ec1ecb29f43d89/250x250-000000-80-0-0.jpg,https://www.deezer.com/album/513544392
17,Usher,485329445,Dientes,2023-09-15,0,https://cdn-images.dzcdn.net/images/cover/26c13be70022158b01bc8963f16f1526/250x250-000000-80-0-0.jpg,https://www.deezer.com/album/485329445
17,Usher,474545445,Boyfriend,2023-08-16,0,https://cdn-images.dzcdn.net/images/cover/eb56cc6a80210b1b63737ff28045c392/250x250-000000-80-0-0.jpg,https://www.deezer.com/album/474545445
17,Usher,464355115,Good Good,2023-08-04,0,https://cdn-images.dzcdn.net/images/cover/4a7ab5e2c79ace3abf4507018b629ef3/250x250-000000-80-0-0.jpg,https://www.deezer.com/album/464355115
17,Usher,413006927,GLU,2023-03-17,0,https://cdn-images.dzcdn.net/images/cover/b9b5dd31147a5ed05987c053e629f887/250x250-000000-80-0-0.jpg,https://www.deezer.com/album/413006927
17,Usher,199076312,Too Much (feat. Imanbek & Usher) (Alle Farben Remix),2021-01-22,0,https://cdn-images.dzcdn.net/images/cover/efdcee677c039d53d7dbf825527b5970/250x250-000000-80-0-0.jpg,https://www.deezer.com/album/199076312
17,Usher,179607752,Too Much (feat. Usher),2020-10-23,0,https://cdn-images.dzcdn.net/images/cover/724257ab148d697ad53bc47897365cdf/250x250-000000-80-0-0.jpg,https://www.deezer.com/album/179607752
17,Usher,177295052,This Day (feat. Kiana Ledé) (from the Netflix Original Motion Picture Jingle Jangle),2020-10-04,0,https://cdn-images.dzcdn.net/images/cover/fe46a3720fdd11753e07470658e279f0/250x250-000000-80-0-0.jpg,https://www.deezer.com/album/177295052
17,Usher,171413022,Bad Habits,2020-09-10,0,https://cdn-images.dzcdn.net/images/cover/e04b3324e30e261132a564550235672c/250x250-000000-80-0-0.jpg,https://www.deezer.com/album/171413022
17,Usher,156806502,I Cry,2020-06-26,0,https://cdn-images.dzcdn.net/images/cover/9c231bc68bde49dd23ac7bf8beae49c2/250x250-000000-80-0-0.jpg,https://www.deezer.com/album/156806502
17,Usher,154160952,California (from Songland) (feat. Tyga),2020-06-15,0,https://cdn-images.dzcdn.net/images/cover/b022a6ee12169d1a943ddddc589232ef/250x250-000000-80-0-0.jpg,https://www.deezer.com/album/154160952
17,Usher,148284942,Don't Waste My Time (feat. Ella Mai) (Da Sauce Remix),2020-05-15,0,https://cdn-images.dzcdn.net/images/cover/84f141a7ec3f40afd86e049b03c0b287/250x250-000000-80-0-0.jpg,https://www.deezer.com/album/148284942
17,Usher,140771012,SexBeat,2020-04-09,0,https://cdn-images.dzcdn.net/images/cover/22315526374fa24f2bd9af55c66c7718/250x250-000000-80-0-0.jpg,https://www.deezer.com/album/140771012
17,Usher,122660972,Don't Waste My Time (feat. Ella Mai),2019-12-13,0,https://cdn-images.dzcdn.net/images/cover/d713823ad399616eaca27a8b17cb8645/250x250-000000-80-0-0.jpg,https://www.deezer.com/album/122660972
17,Usher,109179942,LaLaLa,2019-09-10,0,https://cdn-images.dzcdn.net/images/cover/3fa7624c35d9534bfc4de439d4c65024/250x250-000000-80-0-0.jpg,https://www.deezer.com/album/109179942
17,Usher,14581308,Wait For It (from The Hamilton Mixtape),2016-11-18,0,https://cdn-images.dzcdn.net/images/cover/704f60cc9869c7a7791675ec0709afc1/250x250-000000-80-0-0.jpg,https://www.deezer.com/album/14581308
17,Usher,451865705,Still Got It,2016-06-06,0,https://cdn-images.dzcdn.net/images/cover/a0275f7663cdb2d1d819d6d5832c0330/250x250-000000-80-0-0.jpg,https://www.deezer.com/album/451865705
17,Usher,11466210,Chains (feat. Nas & Bibi Bourelly),2015-10-16,0,https://cdn-images.dzcdn.net/images/cover/b9620235875a67c18afa11289ebe0182/250x250-000000-80-0-0.jpg,https://www.deezer.com/album/11466210
17,Usher,9210405,I Don't Mind (feat. Juicy J),2014-11-21,0,https://cdn-images.dzcdn.net/images/cover/831886386c3441495a72e86ce8a713ff/250x250-000000-80-0-0.jpg,https://www.deezer.com/album/9210405
17,Usher,83233032,Clueless,2014-11-01,0,https://cdn-images.dzcdn.net/images/cover/a4f0557e9cae1b6f3a25f9a9d68ebb6d/250x250-000000-80-0-0.jpg,https://www.deezer.com/album/83233032
17,Usher,8090166,She Came II Give It II U (feat. Nicki Minaj),2014-07-08,0,https://cdn-images.dzcdn.net/images/cover/f6d57f6d2aca27cad83d8ac8a9c0e96b/250x250-000000-80-0-0.jpg,https://www.deezer.com/album/8090166
17,Usher,8049396,Good Kisser (Disclosure Remix),2014-07-03,0,https://cdn-images.dzcdn.net/images/cover/955e5da59a9bcc3fee8767f29f79c443/250x250-000000-80-0-0.jpg,https://www.deezer.com/album/8049396
17,Usher,7760408,Good Kisser,2014-05-05,0,https://cdn-images.dzcdn.net/images/cover/bbf4912817696d9945ea364abdd66959/250x250-000000-80-0-0.jpg,https://www.deezer.com/album/7760408
17,Usher,5884081,Climax (Kaskade Remix),2012-05-28,0,https://cdn-images.dzcdn.net/images/cover/bd60fe9bba9be0753eb9ceaec160594d/250x250-000000-80-0-0.jpg,https://www.deezer.com/album/5884081
17,Usher,714682,DJ Got Us Fallin' In Love (feat. Pitbull) (2 Darc Funky House Remix),2010-11-19,0,https://cdn-images.dzcdn.net/images/cover/e4c4ae6dd7413594a271e9ec31751496/250x250-000000-80-0-0.jpg,https://www.deezer.com/album/714682
17,Usher,714683,DJ Got Us Fallin' In Love (feat. Pitbull) (MK Ultras Mix),2010-11-19,0,https://cdn-images.dzcdn.net/images/cover/e4c4ae6dd7413594a271e9ec31751496/250x250-000000-80-0-0.jpg,https://www.deezer.com/album/714683
17,Usher,455138,Hey Daddy (Daddy's Home) (feat. Plies),2009-12-08,0,https://cdn-images.dzcdn.net/images/cover/4d0cfc3045de1a02a82eac380b143534/250x250-000000-80-0-0.jpg,https://www.deezer.com/album/455138
17,Usher,1205354,Love In This Club,2008-05-05,0,https://cdn-images.dzcdn.net/images/cover/e70d9b60bd5be15abc646a7c5047ff47/250x250-000000-80-0-0.jpg,https://www.deezer.com/album/1205354
17,Usher,1396412,Love In This Club (feat. Young Jeezy) (Jonesy Global Mix),2008-02-22,0,https://cdn-images.dzcdn.net/images/cover/e1efdd9ca826944b75f38065a83456f2/250x250-000000-80-0-0.jpg,https://www.deezer.com/album/1396412
17,Usher,76610,My Boo,2004-08-31,0,https://cdn-images.dzcdn.net/images/cover/4c81883cd6884abb66cee03c49d8bbba/250x250-000000-80-0-0.jpg,https://www.deezer.com/album/76610
17,Usher,1261235,Burn,2004-03-08,0,https://cdn-images.dzcdn.net/images/cover/793eee583171589439d74d446ba1c6c9/250x250-000000-80-0-0.jpg,https://www.deezer.com/album/1261235
17,Usher,8832437,Can U Help Me,2002-08-20,0,https://cdn-images.dzcdn.net/images/cover/da7e4d56bc026b72d7344d020b67ff31/250x250-000000-80-0-0.jpg,https://www.deezer.com/album/8832437
102,Chris Brown,510479581,11:11,2023-11-10,0,https://cdn-images.dzcdn.net/images/cover/86a3e89cfe9f242019cf5e551883a180/250x250-000000-80-0-0.jpg,https://www.deezer.com/album/510479581
102,Chris Brown,570960751,11:11 (Deluxe),2024-04-10,0,https://cdn-images.dzcdn.net/images/cover/d40b73f50ac9badee18d53685c838aba/250x250-000000-80-0-0.jpg,https://www.deezer.com/album/570960751
102,Chris Brown,333239977,Breezy (Deluxe),2022-07-08,0,https://cdn-images.dzcdn.net/images/cover/82e2e44b14cea994bedf4e6e56b2e4e2/250x250-000000-80-0-0.jpg,https://www.deezer.com/album/333239977
102,Chris Brown,333526397,Breezy (Deluxe),2022-07-07,0,https://cdn-images.dzcdn.net/images/cover/82e2e44b14cea994bedf4e6e56b2e4e2/250x250-000000-80-0-0.jpg,https://www.deezer.com/album/333526397
102,Chris Brown,329614387,Breezy,2022-06-24,0,https://cdn-images.dzcdn.net/images/cover/617ae48566e129cdac2b150c4f208c5f/250x250-000000-80-0-0.jpg,https://www.deezer.com/album/329614387
102,Chris Brown,376643007,BREEZY - It's Giving Christmas,2022-11-18,0,https://cdn-images.dzcdn.net/images/cover/82e2e44b14cea994bedf4e6e56b2e4e2/250x250-000000-80-0-0.jpg,https://www.deezer.com/album/376643007
102,Chris Brown,147015862,Slime & B,2020-05-05,0,https://cdn-images.dzcdn.net/images/cover/73de7f8b65c91c5cc28d5011e1480280/250x250-000000-80-0-0.jpg,https://www.deezer.com/album/147015862
102,Chris Brown,101516602,Indigo,2019-06-28,0,https://cdn-images.dzcdn.net/images/cover/a98490c02eb8ac45ceb373543b50ec0e/250x250-000000-80-0-0.jpg,https://www.deezer.com/album/101516602
102,Chris Brown,112877252,Indigo (Extended),2019-10-04,0,https://cdn-images.dzcdn.net/images/cover/2487714abac4e2c7be5e70e9b06ced1f/250x250-000000-80-0-0.jpg,https://www.deezer.com/album/112877252
102,Chris Brown,53105092,Heartbreak On A Full Moon Deluxe Edition: Cuffing Season - 12 Days Of Christmas,2017-12-13,0,https://cdn-images.dzcdn.net/images/cover/2d0dc2ecefe96bf6331878e8a1be6f92/250x250-000000-80-0-0.jpg,https://www.deezer.com/album/53105092
102,Chris Brown,50415642,Heartbreak on a Full Moon,2017-10-31,0,https://cdn-images.dzcdn.net/images/cover/a561f551fd51e1c30a9a8c30e7f17c30/250x250-000000-80-0-0.jpg,https://www.deezer.com/album/50415642
102,Chris Brown,58921372,Before the Trap: Nights In Tarzana,2018-02-07,0,https://cdn-images.dzcdn.net/images/cover/a48e5a9dc3a3011745274bf87a2b1402/250x250-000000-80-0-0.jpg,https://www.deezer.com/album/58921372
102,Chris Brown,11990790,Royalty (Deluxe Version),2015-12-18,0,https://cdn-images.dzcdn.net/images/cover/5f322ed89444218edd17863d9154db11/250x250-000000-80-0-0.jpg,https://www.deezer.com/album/11990790
102,Chris Brown,10666316,Fun (Remixes) (feat. Chris Brown),2015-06-23,0,https://cdn-images.dzcdn.net/images/cover/8e60c9cefe412c0ea13e1634c92fa18c/250x250-000000-80-0-0.jpg,https://www.deezer.com/album/10666316
102,Chris Brown,9637530,Fan of A Fan The Album (Expanded Edition),2015-02-20,0,https://cdn-images.dzcdn.net/images/cover/5d0c305608276997df5d561a9a74cbf5/250x250-000000-80-0-0.jpg,https://www.deezer.com/album/9637530
102,Chris Brown,90252422,X (Expanded Edition),2014-09-16,0,https://cdn-images.dzcdn.net/images/cover/3fa9c43f6d2ba567ad5a6129d4544e84/250x250-000000-80-0-0.jpg,https://www.deezer.com/album/90252422
102,Chris Brown,90252342,Fortune (Expanded Edition),2012-07-03,0,https://cdn-images.dzcdn.net/images/cover/a70ce82dce17547aa960fcc86fbb9946/250x250-000000-80-0-0.jpg,https://www.deezer.com/album/90252342
102,Chris Brown,91107952,F.A.M.E. (Expanded Edition),2011-03-22,0,https://cdn-images.dzcdn.net/images/cover/a27c9214747933ad7a1270b73176c8ce/250x250-000000-80-0-0.jpg,https://www.deezer.com/album/91107952
102,Chris Brown,90977272,Graffiti (Expanded Edition),2009-12-08,0,https://cdn-images.dzcdn.net/images/cover/0cb9c05998a0ed1734a3bd6ae5359fcc/250x250-000000-80-0-0.jpg,https://www.deezer.com/album/90977272
102,Chris Brown,1205849,Chris Brown,2006-02-04,0,https://cdn-images.dzcdn.net/images/cover/2ab54c7e1839b47f3d2361776a20b2f0/250x250-000000-80-0-0.jpg,https://www.deezer.com/album/1205849
102,Chris Brown,7027232,Chris Brown (Expanded Edition),2006-02-04,0,https://cdn-images.dzcdn.net/images/cover/7cac77f62765a1cffa38128a38ccc464/250x250-000000-80-0-0.jpg,https://www.deezer.com/album/7027232
102,Chris Brown,186255582,Run It!,2005-06-30,0,https://cdn-images.dzcdn.net/images/cover/63b5c97788924c65ab8bbfc95467cc68/250x250-000000-80-0-0.jpg,https://www.deezer.com/album/186255582
102,Chris Brown,8307828,Don't Judge Me Remixes,2012-11-27,0,https://cdn-images.dzcdn.net/images/cover/f01075c4e39a7e4f80c3f26883d4b608/250x250-000000-80-0-0.jpg,https://www.deezer.com/album/8307828
102,Chris Brown,704083,Deuces Remix,2010-11-02,0,https://cdn-images.dzcdn.net/images/cover/0866a29c192d87dcf5caac1beac9e748/250x250-000000-80-0-0.jpg,https://www.deezer.com/album/704083
102,Chris Brown,94856262,Crawl EP,2010-03-15,0,https://cdn-images.dzcdn.net/images/cover/6732d73552e2279de26840c068ad22fb/250x250-000000-80-0-0.jpg,https://www.deezer.com/album/94856262
102,Chris Brown,1441069,Forever,2008-04-29,0,https://cdn-images.dzcdn.net/images/cover/b9f145c66ba4a43fefdfb4924af61dcc/250x250-000000-80-0-0.jpg,https://www.deezer.com/album/1441069
102,Chris Brown,1387254,With You,2008-03-14,0,https://cdn-images.dzcdn.net/images/cover/d922a028fce986aae17fb24385d23aa6/250x250-000000-80-0-0.jpg,https://www.deezer.com/album/1387254
102,Chris Brown,71432,Kiss Kiss,2007-10-15,0,https://cdn-images.dzcdn.net/images/cover/2c763dab5b47be8ad6434fa8ec1b551d/250x250-000000-80-0-0.jpg,https://www.deezer.com/album/71432
102,Chris Brown,72721,Wall To Wall,2007-05-29,0,https://cdn-images.dzcdn.net/images/cover/e62b6177662b7baff70817ffc1e4f103/250x250-000000-80-0-0.jpg,https://www.deezer.com/album/72721
102,Chris Brown,186252432,Gimme That,2006-04-11,0,https://cdn-images.dzcdn.net/images/cover/387fb7afb717cd3d0ba93ba7cf3496f8/250x250-000000-80-0-0.jpg,https://www.deezer.com/album/186252432
102,Chris Brown,792547221,It Depends (feat. Bryson Tiller),2025-07-25,0,https://cdn-images.dzcdn.net/images/cover/bcd51a5cad0408cb8731ef304969ac97/250x250-000000-80-0-0.jpg,https://www.deezer.com/album/792547221
102,Chris Brown,835937172,It Depends (feat. Bryson Tiller),2025-07-23,0,https://cdn-images.dzcdn.net/images/cover/bcd51a5cad0408cb8731ef304969ac97/250x250-000000-80-0-0.jpg,https://www.deezer.com/album/835937172
102,Chris Brown,789282041,Momma,2025-07-17,0,https://cdn-images.dzcdn.net/images/cover/06962237a2e06a5373580fb58e957dff/250x250-000000-80-0-0.jpg,https://www.deezer.com/album/789282041
102,Chris Brown,769925451,Holy Blindfold,2025-06-13,0,https://cdn-images.dzcdn.net/images/cover/fc9f751cb8631fb11ca92603e108c7c0/250x250-000000-80-0-0.jpg,https://www.deezer.com/album/769925451
102,Chris Brown,729427111,Use Me,2025-03-28,0,https://cdn-images.dzcdn.net/images/cover/126690a527c22c6cdacf78e2bfca97c5/250x250-000000-80-0-0.jpg,https://www.deezer.com/album/729427111
102,Chris Brown,727331741,MUTT (CB REMIX),2025-03-21,0,https://cdn-images.dzcdn.net/images/cover/0f756fde5571d87af84b110bdd795bc0/250x250-000000-80-0-0.jpg,https://www.deezer.com/album/727331741
102,Chris Brown,663761321,How We Roll (Major League DJz & Yumbs Mix),2023-12-15,0,https://cdn-images.dzcdn.net/images/cover/f47d532abeeed18b552ddb338eb19b07/250x250-000000-80-0-0.jpg,https://www.deezer.com/album/663761321
102,Chris Brown,509617171,Nightmares (feat. Byron Messia),2023-11-07,0,https://cdn-images.dzcdn.net/images/cover/8b27b46480c1c59193b80f1993dd6374/250x250-000000-80-0-0.jpg,https://www.deezer.com/album/509617171
102,Chris Brown,661921051,How We Roll (Remix),2023-11-03,0,https://cdn-images.dzcdn.net/images/cover/5d2e4f90878c724f60cec9ceb29f89da/250x250-000000-80-0-0.jpg,https://www.deezer.com/album/661921051
102,Chris Brown,501980711,Sensational (feat. Davido & Lojay),2025-01-09,0,https://cdn-images.dzcdn.net/images/cover/e8b1b523f139f23bac60bc70528f386a/250x250-000000-80-0-0.jpg,https://www.deezer.com/album/501980711
102,Chris Brown,661923771,How We Roll,2023-09-22,0,https://cdn-images.dzcdn.net/images/cover/508322183882949da779be853abda667/250x250-000000-80-0-0.jpg,https://www.deezer.com/album/661923771
102,Chris Brown,661922441,How We Roll (Versions),2023-09-22,0,https://cdn-images.dzcdn.net/images/cover/508322183882949da779be853abda667/250x250-000000-80-0-0.jpg,https://www.deezer.com/album/661922441
102,Chris Brown,456415095,Summer Too Hot,2025-01-09,0,https://cdn-images.dzcdn.net/images/cover/8b947b79f6a8b11198f91b7e5cf3886a/250x250-000000-80-0-0.jpg,https://www.deezer.com/album/456415095
102,Chris Brown,453988205,Summer Too Hot,2025-01-09,0,https://cdn-images.dzcdn.net/images/cover/8b947b79f6a8b11198f91b7e5cf3886a/250x250-000000-80-0-0.jpg,https://www.deezer.com/album/453988205
102,Chris Brown,453990695,Summer Too Hot,2025-01-09,0,https://cdn-images.dzcdn.net/images/cover/8b947b79f6a8b11198f91b7e5cf3886a/250x250-000000-80-0-0.jpg,https://www.deezer.com/album/453990695
102,Chris Brown,446202565,Don't Give It Away,2023-06-02,0,https://cdn-images.dzcdn.net/images/cover/e8341c7d7a9076c739c95f27afcb160d/250x250-000000-80-0-0.jpg,https://www.deezer.com/album/446202565
102,Chris Brown,409607697,How Does It Feel,2025-01-09,0,https://cdn-images.dzcdn.net/images/cover/f6b69e197f0c9c478851fadd39def6d1/250x250-000000-80-0-0.jpg,https://www.deezer.com/album/409607697
102,Chris Brown,382662497,Do You Mind,2023-01-06,0,https://cdn-images.dzcdn.net/images/cover/011747b62c06879b88169de25b0ce577/250x250-000000-80-0-0.jpg,https://www.deezer.com/album/382662497
102,Chris Brown,385406247,Nasty,2022-12-16,0,https://cdn-images.dzcdn.net/images/cover/072f59297f2a374601a7e37069f99491/250x250-000000-80-0-0.jpg,https://www.deezer.com/album/385406247
102,Chris Brown,376227667,It's Giving Christmas,2025-01-09,0,https://cdn-images.dzcdn.net/images/cover/9a155e1301bea76d5666401e3e920222/250x250-000000-80-0-0.jpg,https://www.deezer.com/album/376227667
102,Chris Brown,354067247,Under The Influence,2022-09-06,0,https://cdn-images.dzcdn.net/images/cover/e94fe6026058a6093d6599d574c51c42/250x250-000000-80-0-0.jpg,https://www.deezer.com/album/354067247
102,Chris Brown,327799917,Call Me Every Day (feat. Wizkid),2025-01-10,0,https://cdn-images.dzcdn.net/images/cover/cc269116fe4da8b1054a18ef7f1e39a8/250x250-000000-80-0-0.jpg,https://www.deezer.com/album/327799917
102,Chris Brown,305888987,WE (Warm Embrace),2025-01-10,0,https://cdn-images.dzcdn.net/images/cover/d98426be533382167830eca1c472f528/250x250-000000-80-0-0.jpg,https://www.deezer.com/album/305888987
102,Chris Brown,304869547,Time N Affection,2022-03-24,0,https://cdn-images.dzcdn.net/images/cover/447b70058b21cc7c969c82d0278ed118/250x250-000000-80-0-0.jpg,https://www.deezer.com/album/304869547
102,Chris Brown,286529762,Iffy,2022-01-14,0,https://cdn-images.dzcdn.net/images/cover/ea8d7124546faeba7c5ea11bd30867ca/250x250-000000-80-0-0.jpg,https://www.deezer.com/album/286529762
102,Chris Brown,286531452,Iffy,2022-01-13,0,https://cdn-images.dzcdn.net/images/cover/ea8d7124546faeba7c5ea11bd30867ca/250x250-000000-80-0-0.jpg,https://www.deezer.com/album/286531452
102,Chris Brown,280640711,Goodbye,2021-12-17,0,https://cdn-images.dzcdn.net/images/cover/b7a69e27c169533f8b50f46479e1263b/250x250-000000-80-0-0.jpg,https://www.deezer.com/album/280640711
102,Chris Brown,266464572,Get Back,2021-10-29,0,https://cdn-images.dzcdn.net/images/cover/b1ad6f2f83045411d0388d22ccc07301/250x250-000000-80-0-0.jpg,https://www.deezer.com/album/266464572
102,Chris Brown,235770372,Baddest,2021-06-11,0,https://cdn-images.dzcdn.net/images/cover/2e17cca29dcff005bf153ff52a60a1d0/250x250-000000-80-0-0.jpg,https://www.deezer.com/album/235770372
102,Chris Brown,232497582,Rain Down (feat. PnB Rock & Latto),2021-06-04,0,https://cdn-images.dzcdn.net/images/cover/34a276a84c89c06237d68442296e7aba/250x250-000000-80-0-0.jpg,https://www.deezer.com/album/232497582
102,Chris Brown,230051182,Track Star (Remix 2.0),2021-05-18,0,https://cdn-images.dzcdn.net/images/cover/fd8f6cea8651488991ea74523ceb3f44/250x250-000000-80-0-0.jpg,https://www.deezer.com/album/230051182
102,Chris Brown,206883982,BABY,2021-03-12,0,https://cdn-images.dzcdn.net/images/cover/3d3ae694545d11c4536fda89dc53f039/250x250-000000-80-0-0.jpg,https://www.deezer.com/album/206883982
102,Chris Brown,208480962,"Go Crazy (Remix) (feat. Young Thug, Future, Lil Durk & Latto)",2021-02-19,0,https://cdn-images.dzcdn.net/images/cover/14d15c768f405ee42d7a9edb9d219f11/250x250-000000-80-0-0.jpg,https://www.deezer.com/album/208480962
102,Chris Brown,208480932,"Go Crazy (Remix) (feat. Young Thug, Future, Lil Durk & Latto)",2021-02-18,0,https://cdn-images.dzcdn.net/images/cover/d472a80ade0b59cc0fd545346f247261/250x250-000000-80-0-0.jpg,https://www.deezer.com/album/208480932
102,Chris Brown,203531202,Provide (feat. Chris Brown & Mark Morrison),2021-02-05,0,https://cdn-images.dzcdn.net/images/cover/bf12d75e79157cf4a5b39563e96b9e20/250x250-000000-80-0-0.jpg,https://www.deezer.com/album/203531202
102,Chris Brown,161715342,Put In Work,2020-07-24,0,https://cdn-images.dzcdn.net/images/cover/c148f1819a53e56307316cf2c2c21465/250x250-000000-80-0-0.jpg,https://www.deezer.com/album/161715342
102,Chris Brown,143197132,Wake Up Dead,2020-04-24,0,https://cdn-images.dzcdn.net/images/cover/5b89ea8a317fb805898ce5bc7bf7192b/250x250-000000-80-0-0.jpg,https://www.deezer.com/album/143197132
102,Chris Brown,143195372,Wake Up Dead,2020-04-23,0,https://cdn-images.dzcdn.net/images/cover/f186b1e4c00de294079b298f73e3275e/250x250-000000-80-0-0.jpg,https://www.deezer.com/album/143195372
102,Chris Brown,119385022,Something Real,2019-11-22,0,https://cdn-images.dzcdn.net/images/cover/27c7d5ca270884ea2ecee0a9ded53e3f/250x250-000000-80-0-0.jpg,https://www.deezer.com/album/119385022
102,Chris Brown,104223712,Blow My Mind,2019-07-26,0,https://cdn-images.dzcdn.net/images/cover/9b38babe761ad3914bfd843b8c199555/250x250-000000-80-0-0.jpg,https://www.deezer.com/album/104223712
102,Chris Brown,98710422,Haute (feat. J Balvin & Chris Brown),2019-06-05,0,https://cdn-images.dzcdn.net/images/cover/a9225a8bf9aac262647f075ccc9bbd09/250x250-000000-80-0-0.jpg,https://www.deezer.com/album/98710422
102,Chris Brown,94345462,Light It Up,2019-04-25,0,https://cdn-images.dzcdn.net/images/cover/cb2010bb57fd5f1678ad58857a54363e/250x250-000000-80-0-0.jpg,https://www.deezer.com/album/94345462
102,Chris Brown,86096872,Just Let Go,2019-01-30,0,https://cdn-images.dzcdn.net/images/cover/90c0d6b022fec07ff1ebd70aa5db44c7/250x250-000000-80-0-0.jpg,https://www.deezer.com/album/86096872
102,Chris Brown,69958712,Fairytale,2018-08-10,0,https://cdn-images.dzcdn.net/images/cover/5928e3ea1861e3dd133d0c2c19e927a6/250x250-000000-80-0-0.jpg,https://www.deezer.com/album/69958712
102,Chris Brown,68709141,Attention,2018-07-24,0,https://cdn-images.dzcdn.net/images/cover/94f652cabfbf49a2bc30c8daa37928ba/250x250-000000-80-0-0.jpg,https://www.deezer.com/album/68709141
102,Chris Brown,62634792,I Don't Die,2018-05-02,0,https://cdn-images.dzcdn.net/images/cover/d88a32a126d8cf86073a2aaa4106e103/250x250-000000-80-0-0.jpg,https://www.deezer.com/album/62634792
102,Chris Brown,57672102,Stranger Things,2018-02-25,0,https://cdn-images.dzcdn.net/images/cover/d88a32a126d8cf86073a2aaa4106e103/250x250-000000-80-0-0.jpg,https://www.deezer.com/album/57672102
102,Chris Brown,54248342,Partyin' Next Door,2018-01-08,0,https://cdn-images.dzcdn.net/images/cover/32d7425d1d7416f8e72a421becdd1fef/250x250-000000-80-0-0.jpg,https://www.deezer.com/album/54248342
102,Chris Brown,47131092,Flipmode,2017-09-01,0,https://cdn-images.dzcdn.net/images/cover/f2eae4c88d74633ff69c8ff93e5f23bc/250x250-000000-80-0-0.jpg,https://www.deezer.com/album/47131092
102,Chris Brown,108257092,Come Back,2017-08-07,0,https://cdn-images.dzcdn.net/images/cover/86efda4aeedef111128fb6a122d3073c/250x250-000000-80-0-0.jpg,https://www.deezer.com/album/108257092
102,Chris Brown,108257362,Burn My Name,2017-08-07,0,https://cdn-images.dzcdn.net/images/cover/4f1e771f4275d802287e4adb2896ca9c/250x250-000000-80-0-0.jpg,https://www.deezer.com/album/108257362
102,Chris Brown,420322057,Come Back,2017-07-31,0,https://cdn-images.dzcdn.net/images/cover/ec46e4cd5283128ef262b2d99ab5ceae/250x250-000000-80-0-0.jpg,https://www.deezer.com/album/420322057
102,Chris Brown,108257032,Famous,2017-07-21,0,https://cdn-images.dzcdn.net/images/cover/de03188c54e3d61a6c35732ae384ac24/250x250-000000-80-0-0.jpg,https://www.deezer.com/album/108257032
102,Chris Brown,108257112,Cherry Red Vans,2017-07-21,0,https://cdn-images.dzcdn.net/images/cover/a222c82cd559f63038eb2180baa5c7d6/250x250-000000-80-0-0.jpg,https://www.deezer.com/album/108257112
102,Chris Brown,420322107,New Gang,2017-07-21,0,https://cdn-images.dzcdn.net/images/cover/60e71077d04b22d4aa9093d7a7e8f0b4/250x250-000000-80-0-0.jpg,https://www.deezer.com/album/420322107
102,Chris Brown,42707531,Welcome To My Life (feat. Cal Scruby),2017-06-09,0,https://cdn-images.dzcdn.net/images/cover/d76b798c34b642965ca1a0b09b3742cb/250x250-000000-80-0-0.jpg,https://www.deezer.com/album/42707531
102,Chris Brown,823536071,Bruk Off Yuh Back,2017-03-21,0,https://cdn-images.dzcdn.net/images/cover/c46d596b684643e3aef75fa5155385d7/250x250-000000-80-0-0.jpg,https://www.deezer.com/album/823536071
102,Chris Brown,108257002,Famous,2016-11-21,0,https://cdn-images.dzcdn.net/images/cover/5f5cd10d26eca98fcd554d8a4268dd1f/250x250-000000-80-0-0.jpg,https://www.deezer.com/album/108257002
102,Chris Brown,12913768,"Back To Sleep (Legends Remix) (feat. Tank, R.Kelly & Anthony Hamilton)",2016-04-20,0,https://cdn-images.dzcdn.net/images/cover/529adc192a093f9c8aadbbc3248fd370/250x250-000000-80-0-0.jpg,https://www.deezer.com/album/12913768
102,Chris Brown,12749260,Paradise (Radio Edit),2016-03-31,0,https://cdn-images.dzcdn.net/images/cover/2aac39305754d3d3dfd5bd03da002fac/250x250-000000-80-0-0.jpg,https://www.deezer.com/album/12749260
102,Chris Brown,12502314,Back To Sleep REMIX (feat. Usher & ZAYN),2016-02-26,0,https://cdn-images.dzcdn.net/images/cover/271cd2e7a1ee4fd1c5dc9a82e9830975/250x250-000000-80-0-0.jpg,https://www.deezer.com/album/12502314
102,Chris Brown,12330454,Who's Gonna (NOBODY) Remix (feat. Keith Sweat),2016-02-05,0,https://cdn-images.dzcdn.net/images/cover/49aa4bb1590322b85fa8a5d49b5edfcf/250x250-000000-80-0-0.jpg,https://www.deezer.com/album/12330454
102,Chris Brown,11848330,Wrist (feat. Solo Lucci),2015-12-04,0,https://cdn-images.dzcdn.net/images/cover/49aa4bb1590322b85fa8a5d49b5edfcf/250x250-000000-80-0-0.jpg,https://www.deezer.com/album/11848330
102,Chris Brown,11801936,Fine By Me,2015-11-27,0,https://cdn-images.dzcdn.net/images/cover/e092a683fb1dda2c3a582e2cfaf4a2b5/250x250-000000-80-0-0.jpg,https://www.deezer.com/album/11801936
102,Chris Brown,11642486,Back To Sleep,2015-11-09,0,https://cdn-images.dzcdn.net/images/cover/a86406931206c95a9bd427ddb8cd8702/250x250-000000-80-0-0.jpg,https://www.deezer.com/album/11642486
102,Chris Brown,11227054,Zero,2015-09-18,0,https://cdn-images.dzcdn.net/images/cover/745dc0013d46875531b2c863699c401a/250x250-000000-80-0-0.jpg,https://www.deezer.com/album/11227054
102,Chris Brown,9723578,Ayo (Jason Nevins Remix),2015-01-06,0,https://cdn-images.dzcdn.net/images/cover/5d0c305608276997df5d561a9a74cbf5/250x250-000000-80-0-0.jpg,https://www.deezer.com/album/9723578
102,Chris Brown,9909966,Five More Hours,2015-01-01,0,https://cdn-images.dzcdn.net/images/cover/d6aa8cdc60d6d7c54e7d6ce40a0b5803/250x250-000000-80-0-0.jpg,https://www.deezer.com/album/9909966
102,Chris Brown,8760401,New Flame (feat. Usher) (Dave Audé Remix),2014-06-30,0,https://cdn-images.dzcdn.net/images/cover/bb7c38240beb95d9a27dfbdd6806bd8e/250x250-000000-80-0-0.jpg,https://www.deezer.com/album/8760401
102,Chris Brown,94857322,Loyal (East & West Coast Versions),2013-12-19,0,https://cdn-images.dzcdn.net/images/cover/a381dfb4d1097adcfec29d16cc4b2efc/250x250-000000-80-0-0.jpg,https://www.deezer.com/album/94857322
102,Chris Brown,4622281,Don't Wake Me Up,2012-07-20,0,https://cdn-images.dzcdn.net/images/cover/431f9fea8a4eca409f1cd91523581ec4/250x250-000000-80-0-0.jpg,https://www.deezer.com/album/4622281
102,Chris Brown,90995632,Next To You,2011-06-21,0,https://cdn-images.dzcdn.net/images/cover/358228f308cd755e5a18f996944dc6f8/250x250-000000-80-0-0.jpg,https://www.deezer.com/album/90995632
102,Chris Brown,1127499,International Love (feat. Chris Brown),2011-05-27,0,https://cdn-images.dzcdn.net/images/cover/ea3070f449c5ed63a2ac9229486fe781/250x250-000000-80-0-0.jpg,https://www.deezer.com/album/1127499
102,Chris Brown,91105032,All About You,2011-03-22,0,https://cdn-images.dzcdn.net/images/cover/a27c9214747933ad7a1270b73176c8ce/250x250-000000-80-0-0.jpg,https://www.deezer.com/album/91105032
102,Chris Brown,90184302,Yeah 3x Remixes,2011-03-11,0,https://cdn-images.dzcdn.net/images/cover/65a2dcf0064c92108b9c8a31fac0baaa/250x250-000000-80-0-0.jpg,https://www.deezer.com/album/90184302
102,Chris Brown,503128,Crawl,2009-11-23,0,https://cdn-images.dzcdn.net/images/cover/6732d73552e2279de26840c068ad22fb/250x250-000000-80-0-0.jpg,https://www.deezer.com/album/503128
102,Chris Brown,94857332,I Can Transform Ya EP,2009-11-16,0,https://cdn-images.dzcdn.net/images/cover/04c3f383fad0d631040db6d02f0bc892/250x250-000000-80-0-0.jpg,https://www.deezer.com/album/94857332
102,Chris Brown,1389645,Dreamer,2008-08-07,0,https://cdn-images.dzcdn.net/images/cover/b8fc93392bd3fdeb86193883af0c39c7/250x250-000000-80-0-0.jpg,https://www.deezer.com/album/1389645
102,Chris Brown,497585,Forever,2008-06-13,0,https://cdn-images.dzcdn.net/images/cover/ce62a9b483cb66a655f1e88482309ea5/250x250-000000-80-0-0.jpg,https://www.deezer.com/album/497585
102,Chris Brown,497289,With You,2008-03-21,0,https://cdn-images.dzcdn.net/images/cover/9cff41a700b73b0a81a0bb9b871cbf7d/250x250-000000-80-0-0.jpg,https://www.deezer.com/album/497289
102,Chris Brown,72206,Yo (Excuse Me Miss),2006-05-01,0,https://cdn-images.dzcdn.net/images/cover/3a5423201c37d9d8c547b79e1017cb84/250x250-000000-80-0-0.jpg,https://www.deezer.com/album/72206
102,Chris Brown,72171,Yo (Excuse Me Miss),2006-04-24,0,https://cdn-images.dzcdn.net/images/cover/6b224c1966efd391201923aedfeb71dc/250x250-000000-80-0-0.jpg,https://www.deezer.com/album/72171
102,Chris Brown,75023,Run It!,2006-02-20,0,https://cdn-images.dzcdn.net/images/cover/7cd4769bd9365503c87cba53808af383/250x250-000000-80-0-0.jpg,https://www.deezer.com/album/75023
102,Chris Brown,75017,Run It!,2006-01-30,0,https://cdn-images.dzcdn.net/images/cover/08715753a44fedb76cb597ed4b1b9c2f/250x250-000000-80-0-0.jpg,https://www.deezer.com/album/75017
102,Chris Brown,75022,Run It!,2006-01-27,0,https://cdn-images.dzcdn.net/images/cover/d1242f514f8c540a3cb0e68a74a43fd1/250x250-000000-80-0-0.jpg,https://www.deezer.com/album/75022
102,Chris Brown,186240752,Yo (Excuse Me Miss),2005-11-29,0,https://cdn-images.dzcdn.net/images/cover/a3371a934c108178b2df2c694b65da47/250x250-000000-80-0-0.jpg,https://www.deezer.com/album/186240752
202,Sade,2794121,Bring Me Home - Live 2011,2012-05-22,0,https://cdn-images.dzcdn.net/images/cover/4439a90df371efed6bc0e59be2fabcec/250x250-000000-80-0-0.jpg,https://www.deezer.com/album/2794121
202,Sade,976951,The Ultimate Collection,2011-05-09,0,https://cdn-images.dzcdn.net/images/cover/e2fd836cedf9336dc5c725dc3c4df5e0/250x250-000000-80-0-0.jpg,https://www.deezer.com/album/976951
202,Sade,476400,Soldier of Love,2010-02-09,0,https://cdn-images.dzcdn.net/images/cover/61af1d624218570dbe3df385ea753727/250x250-000000-80-0-0.jpg,https://www.deezer.com/album/476400
202,Sade,162461262,Lovers Live,2001-01-01,0,https://cdn-images.dzcdn.net/images/cover/c051f6017d2c5e300fdf7ce2d37acf04/250x250-000000-80-0-0.jpg,https://www.deezer.com/album/162461262
202,Sade,162463212,Lovers Rock,2000-01-11,0,https://cdn-images.dzcdn.net/images/cover/d4ed440e5f542ab14d4956584197f5b7/250x250-000000-80-0-0.jpg,https://www.deezer.com/album/162463212
202,Sade,162472242,The Best of Sade,1997-12-10,0,https://cdn-images.dzcdn.net/images/cover/336e00b554c028d58b7c432c38581997/250x250-000000-80-0-0.jpg,https://www.deezer.com/album/162472242
202,Sade,162461132,Love Deluxe,1997-12-10,0,https://cdn-images.dzcdn.net/images/cover/975b8e921822b6e01de1663ef02cee08/250x250-000000-80-0-0.jpg,https://www.deezer.com/album/162461132
202,Sade,162463232,Stronger Than Pride,1988-10-28,0,https://cdn-images.dzcdn.net/images/cover/1b194a1d296a2b9ad9184fb6bc8ce615/250x250-000000-80-0-0.jpg,https://www.deezer.com/album/162463232
202,Sade,162463222,Promise,1988-09-16,0,https://cdn-images.dzcdn.net/images/cover/0c504a53a501020e1dc78849ab5f23e6/250x250-000000-80-0-0.jpg,https://www.deezer.com/album/162463222
202,Sade,162457162,Diamond Life,1984-07-16,0,https://cdn-images.dzcdn.net/images/cover/45443734d0de7e2f8ee2933992a14899/250x250-000000-80-0-0.jpg,https://www.deezer.com/album/162457162
202,Sade,474946535,Like A Tattoo,2023-09-14,0,https://cdn-images.dzcdn.net/images/cover/c16c835ccef1b3023ef425a3e2ae7987/250x250-000000-80-0-0.jpg,https://www.deezer.com/album/474946535
202,Sade,77060652,"The Big Unknown (From ""Widows"")",2018-11-10,0,https://cdn-images.dzcdn.net/images/cover/a624df1dba2e0f719e44d31f2d4b129e/250x250-000000-80-0-0.jpg,https://www.deezer.com/album/77060652
202,Sade,58335292,"Flower of the Universe (From Disney's ""A Wrinkle in Time"")",2018-03-07,0,https://cdn-images.dzcdn.net/images/cover/04954dfa2da9d5ffd3681c0ab0936869/250x250-000000-80-0-0.jpg,https://www.deezer.com/album/58335292
202,Sade,563938,Babyfather (Radio Edit),2010-06-04,0,https://cdn-images.dzcdn.net/images/cover/8903bee5b0d3442614bbfd428046f13b/250x250-000000-80-0-0.jpg,https://www.deezer.com/album/563938
362326,Khalid,833312011,after the sun goes down,2025-10-10,0,https://cdn-images.dzcdn.net/images/cover/7ae229086ac1da7c0298c7afa00aaf33/250x250-000000-80-0-0.jpg,https://www.deezer.com/album/833312011
362326,Khalid,818776121,in plain sight (the remixes),2025-08-13,0,https://cdn-images.dzcdn.net/images/cover/2c50eca94b8fac5c92c48d6caefd1cef/250x250-000000-80-0-0.jpg,https://www.deezer.com/album/818776121
362326,Khalid,679507771,Sincere (Deluxe),2025-01-09,0,https://cdn-images.dzcdn.net/images/cover/c73a12800a11289dd7c17db0010a2b5f/250x250-000000-80-0-0.jpg,https://www.deezer.com/album/679507771
362326,Khalid,680093701,Sincere (Deluxe),2025-01-09,0,https://cdn-images.dzcdn.net/images/cover/c73a12800a11289dd7c17db0010a2b5f/250x250-000000-80-0-0.jpg,https://www.deezer.com/album/680093701
362326,Khalid,622014021,Sincere,2024-08-02,0,https://cdn-images.dzcdn.net/images/cover/bb531a2f1f684e02fee5ed5a2217c34e/250x250-000000-80-0-0.jpg,https://www.deezer.com/album/622014021
362326,Khalid,273780002,Scenic Drive (The Tape),2021-12-03,0,https://cdn-images.dzcdn.net/images/cover/736751b068707475afccef526dc202bc/250x250-000000-80-0-0.jpg,https://www.deezer.com/album/273780002
362326,Khalid,92014022,Free Spirit,2019-04-05,0,https://cdn-images.dzcdn.net/images/cover/33e55d078f7231db6a9ebbd4ba276911/250x250-000000-80-0-0.jpg,https://www.deezer.com/album/92014022
362326,Khalid,15498596,American Teen,2017-03-03,0,https://cdn-images.dzcdn.net/images/cover/7fa1597e86f5b4283ea316f2ddb54008/250x250-000000-80-0-0.jpg,https://www.deezer.com/album/15498596
362326,Khalid,75536372,Suncity,2018-10-18,0,https://cdn-images.dzcdn.net/images/cover/21d6ad62350c96f41a137febb1e80d1a/250x250-000000-80-0-0.jpg,https://www.deezer.com/album/75536372
362326,Khalid,825598041,out of body,2025-09-26,0,https://cdn-images.dzcdn.net/images/cover/30355437e824a34825daed73b3353ea9/250x250-000000-80-0-0.jpg,https://www.deezer.com/album/825598041
362326,Khalid,816626801,nobody (make me feel),2025-09-19,0,https://cdn-images.dzcdn.net/images/cover/7604aa4bb96b1e470daba63f0de8b45f/250x250-000000-80-0-0.jpg,https://www.deezer.com/album/816626801
362326,Khalid,799230121,in plain sight,2025-08-15,0,https://cdn-images.dzcdn.net/images/cover/2c50eca94b8fac5c92c48d6caefd1cef/250x250-000000-80-0-0.jpg,https://www.deezer.com/album/799230121
362326,Khalid,748878691,All I Know (Ely Oaks Remix),2025-05-09,0,https://cdn-images.dzcdn.net/images/cover/0db306a1756b969a2821f53eb4b914a5/250x250-000000-80-0-0.jpg,https://www.deezer.com/album/748878691
362326,Khalid,747813001,All I Know (Piano Version),2025-05-02,0,https://cdn-images.dzcdn.net/images/cover/69a1d72b4e070361c587a525cb570de3/250x250-000000-80-0-0.jpg,https://www.deezer.com/album/747813001
362326,Khalid,729416261,All I Know,2025-04-04,0,https://cdn-images.dzcdn.net/images/cover/b4fd726bca90c9247d6e1f505e871d12/250x250-000000-80-0-0.jpg,https://www.deezer.com/album/729416261
362326,Khalid,683166791,Make It Up To You (feat. Ayra Starr),2024-12-12,0,https://cdn-images.dzcdn.net/images/cover/c73a12800a11289dd7c17db0010a2b5f/250x250-000000-80-0-0.jpg,https://www.deezer.com/album/683166791
362326,Khalid,649028661,Owe To You - A COLORS SHOW,2025-01-09,0,https://cdn-images.dzcdn.net/images/cover/76f802751dc538e53564bb567674807b/250x250-000000-80-0-0.jpg,https://www.deezer.com/album/649028661
362326,Khalid,619118831,Heatstroke,2025-01-09,0,https://cdn-images.dzcdn.net/images/cover/bb531a2f1f684e02fee5ed5a2217c34e/250x250-000000-80-0-0.jpg,https://www.deezer.com/album/619118831
362326,Khalid,616409611,Ground,2025-01-09,0,https://cdn-images.dzcdn.net/images/cover/bb531a2f1f684e02fee5ed5a2217c34e/250x250-000000-80-0-0.jpg,https://www.deezer.com/album/616409611
362326,Khalid,597431772,Adore U,2025-01-09,0,https://cdn-images.dzcdn.net/images/cover/27f62d2c57c1fd1561b2af1686426348/250x250-000000-80-0-0.jpg,https://www.deezer.com/album/597431772
362326,Khalid,582892822,Please Don't Fall In Love With Me,2025-01-09,0,https://cdn-images.dzcdn.net/images/cover/fb5362ccac3fa68cbc1bb502a9e1a8c5/250x250-000000-80-0-0.jpg,https://www.deezer.com/album/582892822
362326,Khalid,567819151,Please Don't Fall In Love With Me,2025-01-09,0,https://cdn-images.dzcdn.net/images/cover/fb5362ccac3fa68cbc1bb502a9e1a8c5/250x250-000000-80-0-0.jpg,https://www.deezer.com/album/567819151
362326,Khalid,446202135,Be The One (Alternative Versions),2023-06-02,0,https://cdn-images.dzcdn.net/images/cover/3f8605c804a28436f362bd69d6696631/250x250-000000-80-0-0.jpg,https://www.deezer.com/album/446202135
362326,Khalid,437932607,Be The One (Paul Woolford Remix),2023-05-12,0,https://cdn-images.dzcdn.net/images/cover/3f8605c804a28436f362bd69d6696631/250x250-000000-80-0-0.jpg,https://www.deezer.com/album/437932607
362326,Khalid,434511957,Favorite Song (Remix),2023-05-05,0,https://cdn-images.dzcdn.net/images/cover/1a7a8dc3431d32bfa3a19f44c8528fc5/250x250-000000-80-0-0.jpg,https://www.deezer.com/album/434511957
362326,Khalid,429589407,Be The One,2023-04-20,0,https://cdn-images.dzcdn.net/images/cover/e8a4b0958e5caab62501f40d329cedc6/250x250-000000-80-0-0.jpg,https://www.deezer.com/album/429589407
362326,Khalid,418115307,Softest Touch,2025-01-09,0,https://cdn-images.dzcdn.net/images/cover/a56f72192985d81c3666e1fe6c23c651/250x250-000000-80-0-0.jpg,https://www.deezer.com/album/418115307
362326,Khalid,412139557,The Hard Way,2023-03-10,0,https://cdn-images.dzcdn.net/images/cover/3a5b154b42ced861cd268f1e5289088b/250x250-000000-80-0-0.jpg,https://www.deezer.com/album/412139557
362326,Khalid,404730387,We Go Down Together,2023-02-10,0,https://cdn-images.dzcdn.net/images/cover/7832a7d35689d63e053b4cee0bdbbf64/250x250-000000-80-0-0.jpg,https://www.deezer.com/album/404730387
362326,Khalid,372565687,Not Alone (from Devotion),2022-11-11,0,https://cdn-images.dzcdn.net/images/cover/9410d5fbc840eae4b1cd147ac86e40b2/250x250-000000-80-0-0.jpg,https://www.deezer.com/album/372565687
362326,Khalid,356848217,Satellite,2025-01-10,0,https://cdn-images.dzcdn.net/images/cover/e36005b8aefc9c56ea6a1582e43630a9/250x250-000000-80-0-0.jpg,https://www.deezer.com/album/356848217
362326,Khalid,347061107,Numb (DJ YUKI Remix),2022-08-26,0,https://cdn-images.dzcdn.net/images/cover/eb69ee6365977a064b2a0db69119ee99/250x250-000000-80-0-0.jpg,https://www.deezer.com/album/347061107
362326,Khalid,341935747,Numb (Alok Remix),2022-08-12,0,https://cdn-images.dzcdn.net/images/cover/1404575b80b730b4dddfc00428b79664/250x250-000000-80-0-0.jpg,https://www.deezer.com/album/341935747
362326,Khalid,323834857,Numb,2022-06-10,0,https://cdn-images.dzcdn.net/images/cover/dc14f17c1652df0ab86ff2b271fbba0a/250x250-000000-80-0-0.jpg,https://www.deezer.com/album/323834857
362326,Khalid,337478677,Numb (KC Lights Remix),2022-06-07,0,https://cdn-images.dzcdn.net/images/cover/1daa53fef8441a8639621450b2d15f2a/250x250-000000-80-0-0.jpg,https://www.deezer.com/album/337478677
362326,Khalid,309410247,Skyline,2025-01-10,0,https://cdn-images.dzcdn.net/images/cover/f7da03a3922291f48bb6de8727e90ec5/250x250-000000-80-0-0.jpg,https://www.deezer.com/album/309410247
362326,Khalid,298198042,Last Call,2025-01-10,0,https://cdn-images.dzcdn.net/images/cover/d42860450345172153115a5c42eb06b0/250x250-000000-80-0-0.jpg,https://www.deezer.com/album/298198042
362326,Khalid,275264372,Fall in Love at Christmas (Remixes),2021-12-03,0,https://cdn-images.dzcdn.net/images/cover/ee093d46d5fe56d1095f6de7e028cb4e/250x250-000000-80-0-0.jpg,https://www.deezer.com/album/275264372
362326,Khalid,265202732,Fall in Love at Christmas,2021-11-05,0,https://cdn-images.dzcdn.net/images/cover/ab35ad2d012cbab6aaf40a8e19e6ecd6/250x250-000000-80-0-0.jpg,https://www.deezer.com/album/265202732
362326,Khalid,265254442,Present,2021-10-22,0,https://cdn-images.dzcdn.net/images/cover/1ee1d3ec3b275c07990f106755993290/250x250-000000-80-0-0.jpg,https://www.deezer.com/album/265254442
362326,Khalid,244424762,New Normal,2021-07-21,0,https://cdn-images.dzcdn.net/images/cover/016651333fcb35eec5b36fd49d62b189/250x250-000000-80-0-0.jpg,https://www.deezer.com/album/244424762
362326,Khalid,235644492,working,2021-06-17,0,https://cdn-images.dzcdn.net/images/cover/eabea2ecc08843b300f1b1a0c20cac36/250x250-000000-80-0-0.jpg,https://www.deezer.com/album/235644492
362326,Khalid,219568402,Otra Noche Sin Ti,2021-04-09,0,https://cdn-images.dzcdn.net/images/cover/27cbb0ccda458676f3877415074a72c4/250x250-000000-80-0-0.jpg,https://www.deezer.com/album/219568402
362326,Khalid,211746242,Feels (feat. Khalid),2021-03-12,0,https://cdn-images.dzcdn.net/images/cover/03a6df3e6d099603857abbb7f9fd0c90/250x250-000000-80-0-0.jpg,https://www.deezer.com/album/211746242
362326,Khalid,158264952,Be Like That (feat. Swae Lee & Khalid),2020-07-10,0,https://cdn-images.dzcdn.net/images/cover/38e2269175ff2e12c381265395ce9d31/250x250-000000-80-0-0.jpg,https://www.deezer.com/album/158264952
362326,Khalid,153299942,Experience,2020-06-19,0,https://cdn-images.dzcdn.net/images/cover/ff90293b439e153d7654648e48e6bcc7/250x250-000000-80-0-0.jpg,https://www.deezer.com/album/153299942
362326,Khalid,136085542,Eleven (feat. Summer Walker),2020-05-01,0,https://cdn-images.dzcdn.net/images/cover/613d7579897f93676b97c377c3318cbb/250x250-000000-80-0-0.jpg,https://www.deezer.com/album/136085542
362326,Khalid,143243102,Know Your Worth (feat. Davido & Tems),2020-04-23,0,https://cdn-images.dzcdn.net/images/cover/6233b002023b8914609a3d879b7817a4/250x250-000000-80-0-0.jpg,https://www.deezer.com/album/143243102
362326,Khalid,129053642,Know Your Worth,2020-02-04,0,https://cdn-images.dzcdn.net/images/cover/34cb1dcadca75c2d57a4a2bcb2d9f0fd/250x250-000000-80-0-0.jpg,https://www.deezer.com/album/129053642
362326,Khalid,125575592,Eleven,2020-01-09,0,https://cdn-images.dzcdn.net/images/cover/32794e39f44821acc9359fcd9d07745c/250x250-000000-80-0-0.jpg,https://www.deezer.com/album/125575592
362326,Khalid,118701832,Up All Night,2019-11-14,0,https://cdn-images.dzcdn.net/images/cover/06b66adefc3e8813db19bd0b9f23ab27/250x250-000000-80-0-0.jpg,https://www.deezer.com/album/118701832
362326,Khalid,115407692,Trigger,2019-10-24,0,https://cdn-images.dzcdn.net/images/cover/a5cb60a182d5df68d5721df9fa75c02b/250x250-000000-80-0-0.jpg,https://www.deezer.com/album/115407692
362326,Khalid,105749322,Right Back (feat. A Boogie Wit Da Hoodie),2019-08-13,0,https://cdn-images.dzcdn.net/images/cover/576e4a230af52e4462b23a68db43f9b8/250x250-000000-80-0-0.jpg,https://www.deezer.com/album/105749322
362326,Khalid,105324252,Seasons,2019-08-09,0,https://cdn-images.dzcdn.net/images/cover/d396aba295a64ef2b16a0599a790cd9c/250x250-000000-80-0-0.jpg,https://www.deezer.com/album/105324252
362326,Khalid,93216712,Talk REMIX,2019-04-12,0,https://cdn-images.dzcdn.net/images/cover/4d236cd1f73503daeb1925380f119196/250x250-000000-80-0-0.jpg,https://www.deezer.com/album/93216712
362326,Khalid,92987112,Talk (Alle Farben Remix),2019-04-04,0,https://cdn-images.dzcdn.net/images/cover/42188c594d6fa295032a4590bf8d6ca6/250x250-000000-80-0-0.jpg,https://www.deezer.com/album/92987112
362326,Khalid,93499892,Talk (Jarami Remix),2019-04-04,0,https://cdn-images.dzcdn.net/images/cover/5d4db3efb74cf7379022359c14a6da3b/250x250-000000-80-0-0.jpg,https://www.deezer.com/album/93499892
362326,Khalid,92010542,Don't Pretend,2019-04-03,0,https://cdn-images.dzcdn.net/images/cover/33e55d078f7231db6a9ebbd4ba276911/250x250-000000-80-0-0.jpg,https://www.deezer.com/album/92010542
362326,Khalid,90765162,Self,2019-03-28,0,https://cdn-images.dzcdn.net/images/cover/33e55d078f7231db6a9ebbd4ba276911/250x250-000000-80-0-0.jpg,https://www.deezer.com/album/90765162
362326,Khalid,91082942,Talk (Disclosure VIP),2019-03-27,0,https://cdn-images.dzcdn.net/images/cover/030db664cb7c39ad1aa56fe0e320ff6f/250x250-000000-80-0-0.jpg,https://www.deezer.com/album/91082942
362326,Khalid,89337812,My Bad,2019-03-07,0,https://cdn-images.dzcdn.net/images/cover/33e55d078f7231db6a9ebbd4ba276911/250x250-000000-80-0-0.jpg,https://www.deezer.com/album/89337812
362326,Khalid,86137952,Talk (feat. Disclosure),2019-02-07,0,https://cdn-images.dzcdn.net/images/cover/f350b1fd2563c5f582d10914f8cbbe42/250x250-000000-80-0-0.jpg,https://www.deezer.com/album/86137952
362326,Khalid,86005652,Better (Rennie! Remix),2019-02-01,0,https://cdn-images.dzcdn.net/images/cover/025dbe7e5bb7d9575cfd8000e119381f/250x250-000000-80-0-0.jpg,https://www.deezer.com/album/86005652
362326,Khalid,83677992,Saturday Nights REMIX,2019-01-11,0,https://cdn-images.dzcdn.net/images/cover/7ea08ec55ca90b512ab1cc34703cb1dd/250x250-000000-80-0-0.jpg,https://www.deezer.com/album/83677992
362326,Khalid,82024062,Better (noclue? Remix),2018-12-21,0,https://cdn-images.dzcdn.net/images/cover/b1ba1c41de5dbf5ad09f0a8312f87521/250x250-000000-80-0-0.jpg,https://www.deezer.com/album/82024062
362326,Khalid,82415212,Better (Jayvon Remix),2018-12-19,0,https://cdn-images.dzcdn.net/images/cover/eae2886511d16b6cea5afb3f0faa5742/250x250-000000-80-0-0.jpg,https://www.deezer.com/album/82415212
362326,Khalid,72890222,Better,2018-09-14,0,https://cdn-images.dzcdn.net/images/cover/4f2649c6080ad6519118b5d76798897a/250x250-000000-80-0-0.jpg,https://www.deezer.com/album/72890222
362326,Khalid,69991772,Eastside (Acoustic),2018-08-17,0,https://cdn-images.dzcdn.net/images/cover/e8be6546fcf6cf6629bd5b25cb8e4721/250x250-000000-80-0-0.jpg,https://www.deezer.com/album/69991772
362326,Khalid,67820782,Eastside,2018-07-12,0,https://cdn-images.dzcdn.net/images/cover/3ef48b681b594d6b3e36dced51207f69/250x250-000000-80-0-0.jpg,https://www.deezer.com/album/67820782
362326,Khalid,66455302,OTW (feat. 6LACK & Ty Dolla $ign) (BURNS Version),2018-06-29,0,https://cdn-images.dzcdn.net/images/cover/f67354962ddec40cd9b2683ef06234f8/250x250-000000-80-0-0.jpg,https://www.deezer.com/album/66455302
362326,Khalid,66455292,OTW (feat. 6LACK & Ty Dolla $ign) (BURNS Version),2018-06-28,0,https://cdn-images.dzcdn.net/images/cover/f67354962ddec40cd9b2683ef06234f8/250x250-000000-80-0-0.jpg,https://www.deezer.com/album/66455292
362326,Khalid,61726332,OTW (feat. 6LACK & Ty Dolla $ign),2018-04-20,0,https://cdn-images.dzcdn.net/images/cover/cc7165f2a838a7f066947fba99822f0e/250x250-000000-80-0-0.jpg,https://www.deezer.com/album/61726332
362326,Khalid,61392882,lovely,2018-04-19,0,https://cdn-images.dzcdn.net/images/cover/910033ba5cd64291a921061c8e8ba85a/250x250-000000-80-0-0.jpg,https://www.deezer.com/album/61392882
362326,Khalid,56784102,Love Lies,2018-02-14,0,https://cdn-images.dzcdn.net/images/cover/5fa933d7f3523f7249129d0675dd8893/250x250-000000-80-0-0.jpg,https://www.deezer.com/album/56784102
362326,Khalid,65414902,Love Lies (Rick Ross Remix),2018-02-13,0,https://cdn-images.dzcdn.net/images/cover/a3c20b1578dd62cab2c271ecd9d9f273/250x250-000000-80-0-0.jpg,https://www.deezer.com/album/65414902
362326,Khalid,63387062,Love Lies (Snakehips Remix),2018-02-12,0,https://cdn-images.dzcdn.net/images/cover/9d86f8088631c96569e77d61b7bd3dd0/250x250-000000-80-0-0.jpg,https://www.deezer.com/album/63387062
362326,Khalid,56626202,Location (Remix) (feat. Jorja Smith & Wretch 32),2018-02-09,0,https://cdn-images.dzcdn.net/images/cover/236d195701fa3404c90b0b272c701666/250x250-000000-80-0-0.jpg,https://www.deezer.com/album/56626202
362326,Khalid,53461732,Thunder / Young Dumb & Broke (Medley),2017-12-20,0,https://cdn-images.dzcdn.net/images/cover/6fb3c054f61fbe1a280dd096684baaeb/250x250-000000-80-0-0.jpg,https://www.deezer.com/album/53461732
362326,Khalid,15441760,American Teen,2017-11-01,0,https://cdn-images.dzcdn.net/images/cover/7fa1597e86f5b4283ea316f2ddb54008/250x250-000000-80-0-0.jpg,https://www.deezer.com/album/15441760
362326,Khalid,50319392,Silence (Blonde Remix),2017-10-24,0,https://cdn-images.dzcdn.net/images/cover/8e52d30aa850b6887e48a6b31d4d8b67/250x250-000000-80-0-0.jpg,https://www.deezer.com/album/50319392
362326,Khalid,50321062,Silence (Rude Kid Remix),2017-10-24,0,https://cdn-images.dzcdn.net/images/cover/b414b8e2abff31c5ac126fc135360546/250x250-000000-80-0-0.jpg,https://www.deezer.com/album/50321062
362326,Khalid,49527362,Silence (Tiësto's Big Room Remix),2017-10-13,0,https://cdn-images.dzcdn.net/images/cover/02637657475936de4e4e4b41495b913c/250x250-000000-80-0-0.jpg,https://www.deezer.com/album/49527362
362326,Khalid,49527412,Silence (Illenium Remix),2017-10-12,0,https://cdn-images.dzcdn.net/images/cover/eb3cfb5554ec24ddfbe1239cb3c74028/250x250-000000-80-0-0.jpg,https://www.deezer.com/album/49527412
362326,Khalid,49527422,Silence (SUMR CAMP Remix),2017-10-12,0,https://cdn-images.dzcdn.net/images/cover/d06dc343b9cbac7624c097dbc75538aa/250x250-000000-80-0-0.jpg,https://www.deezer.com/album/49527422
362326,Khalid,49527452,Silence (Slushii Remix),2017-10-12,0,https://cdn-images.dzcdn.net/images/cover/078a86f75e40f2de47332680863a0f26/250x250-000000-80-0-0.jpg,https://www.deezer.com/album/49527452
362326,Khalid,46768762,Why Don't You Come On,2017-08-29,0,https://cdn-images.dzcdn.net/images/cover/2e2f3696cd97c45eeb81e6610562f3cf/250x250-000000-80-0-0.jpg,https://www.deezer.com/album/46768762
362326,Khalid,42808751,Young Dumb & Broke REMIX (feat. Rae Sremmurd & Lil Yachty),2017-06-07,0,https://cdn-images.dzcdn.net/images/cover/6b037bda067fd92bdf93b23501acea3f/250x250-000000-80-0-0.jpg,https://www.deezer.com/album/42808751
362326,Khalid,39494031,Let's Go (Remix) (feat. GoldLink),2017-04-19,0,https://cdn-images.dzcdn.net/images/cover/1573eec35d5b93f924d9496f1f9c4b53/250x250-000000-80-0-0.jpg,https://www.deezer.com/album/39494031
362326,Khalid,15676936,Location (feat. Lil Wayne & Kehlani) (Remix),2017-03-17,0,https://cdn-images.dzcdn.net/images/cover/33ade49bdccb6b547afffa3612655d14/250x250-000000-80-0-0.jpg,https://www.deezer.com/album/15676936
362326,Khalid,15252937,Shot Down,2017-02-03,0,https://cdn-images.dzcdn.net/images/cover/7fa1597e86f5b4283ea316f2ddb54008/250x250-000000-80-0-0.jpg,https://www.deezer.com/album/15252937
362326,Khalid,15166425,Location (feat. Little Simz),2017-01-26,0,https://cdn-images.dzcdn.net/images/cover/4834f9c876f13e94fe9f2daf1a2fe278/250x250-000000-80-0-0.jpg,https://www.deezer.com/album/15166425
362326,Khalid,15047409,Saved,2017-01-13,0,https://cdn-images.dzcdn.net/images/cover/d35c012bf9631776c0ffca0d890acc95/250x250-000000-80-0-0.jpg,https://www.deezer.com/album/15047409
362326,Khalid,14831295,Coaster,2016-12-16,0,https://cdn-images.dzcdn.net/images/cover/1127b76bb01c015d1cbc811e206c0076/250x250-000000-80-0-0.jpg,https://www.deezer.com/album/14831295
362326,Khalid,14713660,Reasons,2016-12-02,0,https://cdn-images.dzcdn.net/images/cover/794d50382e869733bf7a17962b0dbbc2/250x250-000000-80-0-0.jpg,https://www.deezer.com/album/14713660
362326,Khalid,14406598,Hopeless,2016-10-27,0,https://cdn-images.dzcdn.net/images/cover/277e6b787adee5bd6b2bde6d2c58c72b/250x250-000000-80-0-0.jpg,https://www.deezer.com/album/14406598
362326,Khalid,14025824,Let's Go,2016-09-12,0,https://cdn-images.dzcdn.net/images/cover/cb8989d2f881778b9a3b03eb4ca98db0/250x250-000000-80-0-0.jpg,https://www.deezer.com/album/14025824
362326,Khalid,13890604,Location,2016-08-26,0,https://cdn-images.dzcdn.net/images/cover/fc86425164a5ac2c7f14701ebb4bfe5b/250x250-000000-80-0-0.jpg,https://www.deezer.com/album/13890604
54079802,Angelcy,743405191,Obligée,2025-05-02,0,https://cdn-images.dzcdn.net/images/cover/5b39cde9b932aba582a2fe4b733fe63b/250x250-000000-80-0-0.jpg,https://www.deezer.com/album/743405191
54079802,Angelcy,665871461,Pimenté,2025-05-08,0,https://cdn-images.dzcdn.net/images/cover/9fdb3caa6b943e60f52ed92f952dd211/250x250-000000-80-0-0.jpg,https://www.deezer.com/album/665871461
54079802,Angelcy,743405241,Give Me,2025-05-08,0,https://cdn-images.dzcdn.net/images/cover/5b39cde9b932aba582a2fe4b733fe63b/250x250-000000-80-0-0.jpg,https://www.deezer.com/album/743405241
54079802,Angelcy,743405251,Mauvais Djo,2025-05-08,0,https://cdn-images.dzcdn.net/images/cover/5b39cde9b932aba582a2fe4b733fe63b/250x250-000000-80-0-0.jpg,https://www.deezer.com/album/743405251
54079802,Angelcy,743405231,Bara,2025-05-06,0,https://cdn-images.dzcdn.net/images/cover/5b39cde9b932aba582a2fe4b733fe63b/250x250-000000-80-0-0.jpg,https://www.deezer.com/album/743405231
54079802,Angelcy,721403211,Loveur,2025-03-21,0,https://cdn-images.dzcdn.net/images/cover/c4f7e5700198ee2d81c429dc1ed99331/250x250-000000-80-0-0.jpg,https://www.deezer.com/album/721403211
54079802,Angelcy,665871471,Pas de Ralentir,2025-02-14,0,https://cdn-images.dzcdn.net/images/cover/238147a73c2db8251fbc48be9208ff3b/250x250-000000-80-0-0.jpg,https://www.deezer.com/album/665871471
54079802,Angelcy,647651971,T'essaies Pas,2024-10-25,0,https://cdn-images.dzcdn.net/images/cover/cd762207637470bf399aa96791f48311/250x250-000000-80-0-0.jpg,https://www.deezer.com/album/647651971
54079802,Angelcy,566144201,Trop Canon,2024-04-19,0,https://cdn-images.dzcdn.net/images/cover/cebcb52451909eca9f4d20a7ce6bbd25/250x250-000000-80-0-0.jpg,https://www.deezer.com/album/566144201
54079802,Angelcy,479558805,Tudo Bem,2023-09-01,0,https://cdn-images.dzcdn.net/images/cover/b456f0be18f3022d3aa85f955bc52283/250x250-000000-80-0-0.jpg,https://www.deezer.com/album/479558805
54079802,Angelcy,423373367,JAMAIS,2023-04-21,0,https://cdn-images.dzcdn.net/images/cover/8872a5bee447877963ec333cddd04493/250x250-000000-80-0-0.jpg,https://www.deezer.com/album/423373367
54079802,Angelcy,384051017,Money,2022-12-16,0,https://cdn-images.dzcdn.net/images/cover/f9ac156cc83812153d48059b9bd1f4d4/250x250-000000-80-0-0.jpg,https://www.deezer.com/album/384051017
54079802,Angelcy,351041547,Dans ma tête,2022-09-09,0,https://cdn-images.dzcdn.net/images/cover/2913d46b677fde6ad03a947dd9d53c9f/250x250-000000-80-0-0.jpg,https://www.deezer.com/album/351041547
54079802,Angelcy,306645547,Trop fait,2022-04-29,0,https://cdn-images.dzcdn.net/images/cover/0c01089995f0200a237d42ba4f7c61a2/250x250-000000-80-0-0.jpg,https://www.deezer.com/album/306645547
54079802,Angelcy,240032802,T'as la dalle,2021-07-09,0,https://cdn-images.dzcdn.net/images/cover/c1322bc54ddbd68f722bed44245f0e80/250x250-000000-80-0-0.jpg,https://www.deezer.com/album/240032802
54079802,Angelcy,227945922,Laisser faire,2021-05-07,0,https://cdn-images.dzcdn.net/images/cover/c6f1470653736d93b3c6f5725a29bb2f/250x250-000000-80-0-0.jpg,https://www.deezer.com/album/227945922
54079802,Angelcy,204269162,Marrakech,2021-02-07,0,https://cdn-images.dzcdn.net/images/cover/251db76ccc57cb1a0a8b76cf7196f312/250x250-000000-80-0-0.jpg,https://www.deezer.com/album/204269162
54079802,Angelcy,157907062,C'est Dead,2020-07-04,0,https://cdn-images.dzcdn.net/images/cover/745896ccab00736db2419fe435e099bb/250x250-000000-80-0-0.jpg,https://www.deezer.com/album/157907062
54079802,Angelcy,145459952,Mère à Palais,2020-05-02,0,https://cdn-images.dzcdn.net/images/cover/5b1a0c0916709532104f6f5448ec895e/250x250-000000-80-0-0.jpg,https://www.deezer.com/album/145459952
54079802,Angelcy,124410292,Sans effet,2019-12-22,0,https://cdn-images.dzcdn.net/images/cover/20b7c498fa0de8f7b2429c1e20d62baa/250x250-000000-80-0-0.jpg,https://www.deezer.com/album/124410292
54079802,Angelcy,105697792,T’as capté,2019-08-01,0,https://cdn-images.dzcdn.net/images/cover/5b0092c048273f78cc790bd8c1a9f24b/250x250-000000-80-0-0.jpg,https://www.deezer.com/album/105697792
54079802,Angelcy,78604812,Pour toi,2018-11-14,0,https://cdn-images.dzcdn.net/images/cover/2b79f13a8d9cb4f1016f850fddd1b19e/250x250-000000-80-0-0.jpg,https://www.deezer.com/album/78604812
2945,Otis Redding,173478042,The Best Of Otis Redding,2020-09-04,0,https://cdn-images.dzcdn.net/images/cover/d75db3caafd7ec8155fcd0915612ba01/250x250-000000-80-0-0.jpg,https://www.deezer.com/album/173478042
2945,Otis Redding,62846452,Dock of the Bay Sessions,2018-05-18,0,https://cdn-images.dzcdn.net/images/cover/539e2e0041a338e69e2aa4b3469470f7/250x250-000000-80-0-0.jpg,https://www.deezer.com/album/62846452
2945,Otis Redding,41236141,Stax Classics,2017-05-19,0,https://cdn-images.dzcdn.net/images/cover/974b4f525b818aa79b5d3c3781f6dd2f/250x250-000000-80-0-0.jpg,https://www.deezer.com/album/41236141
2945,Otis Redding,14344136,Live At The Whisky A Go Go: The Complete Recordings,2016-10-21,0,https://cdn-images.dzcdn.net/images/cover/153fd09978ac8cb5bfb159f89bb14be0/250x250-000000-80-0-0.jpg,https://www.deezer.com/album/14344136
2945,Otis Redding,15733294,Live At The Whisky A Go Go,2017-03-24,0,https://cdn-images.dzcdn.net/images/cover/f976d83db42895684502383751049057/250x250-000000-80-0-0.jpg,https://www.deezer.com/album/15733294
2945,Otis Redding,11601892,Soul Manifesto: 1964-1970,2015-10-30,0,https://cdn-images.dzcdn.net/images/cover/eadb5ac9144c293e1d3d105ee8e2e463/250x250-000000-80-0-0.jpg,https://www.deezer.com/album/11601892
2945,Otis Redding,7377121,The King of Soul,2013-02-03,0,https://cdn-images.dzcdn.net/images/cover/94985e417e5f6942ef2cb5634e274e93/250x250-000000-80-0-0.jpg,https://www.deezer.com/album/7377121
2945,Otis Redding,6345626,Lonely & Blue: The Deepest Soul of Otis Redding,2013-03-04,0,https://cdn-images.dzcdn.net/images/cover/04541caddadb202b62ba2adbd9c08524/250x250-000000-80-0-0.jpg,https://www.deezer.com/album/6345626
2945,Otis Redding,1487664,Original Album Series,2012-01-13,0,https://cdn-images.dzcdn.net/images/cover/b9a7809b798b0c4a975507f27aec72d1/250x250-000000-80-0-0.jpg,https://www.deezer.com/album/1487664
2945,Otis Redding,262190,Live in London And Paris,2008-01-01,0,https://cdn-images.dzcdn.net/images/cover/a7149671dc97e601c6eca199e90ae9c4/250x250-000000-80-0-0.jpg,https://www.deezer.com/album/262190
2945,Otis Redding,338890,Pure Southern Soul,2007-10-29,0,https://cdn-images.dzcdn.net/images/cover/8c5d789f65880c54c610854f6beed380/250x250-000000-80-0-0.jpg,https://www.deezer.com/album/338890
2945,Otis Redding,83271,Definitive Soul: Otis Redding,2007-02-05,0,https://cdn-images.dzcdn.net/images/cover/6612e8ffd91e34ea65745edaf7d20b9a/250x250-000000-80-0-0.jpg,https://www.deezer.com/album/83271
2945,Otis Redding,124135,Stax Profiles: Otis Redding,2006-01-01,0,https://cdn-images.dzcdn.net/images/cover/fe221705162ef934da5f02f9f8e77581/250x250-000000-80-0-0.jpg,https://www.deezer.com/album/124135
2945,Otis Redding,431555,Love Songs,1998-01-09,0,https://cdn-images.dzcdn.net/images/cover/3939359d57609c87cb8765daaa87bdfb/250x250-000000-80-0-0.jpg,https://www.deezer.com/album/431555
2945,Otis Redding,86264,The Very Best of Otis Redding,1992-11-06,0,https://cdn-images.dzcdn.net/images/cover/ac17de35627fc356ae1330c9971d2540/250x250-000000-80-0-0.jpg,https://www.deezer.com/album/86264
2945,Otis Redding,179614632,Remember Me,2007-09-20,0,https://cdn-images.dzcdn.net/images/cover/b23c10f515422b9e3e44339777a2a9bb/250x250-000000-80-0-0.jpg,https://www.deezer.com/album/179614632
2945,Otis Redding,382037,Love Man,1992-05-12,0,https://cdn-images.dzcdn.net/images/cover/07595e49b6721b0e7fe4e0f67c510d78/250x250-000000-80-0-0.jpg,https://www.deezer.com/album/382037
2945,Otis Redding,2492261,In Person at the Whiskey a Go Go,1968-10-01,0,https://cdn-images.dzcdn.net/images/cover/f40584afd0ae539842ae582c55da0eb5/250x250-000000-80-0-0.jpg,https://www.deezer.com/album/2492261
2945,Otis Redding,6228210,The Immortal Otis Redding,1991-10-08,0,https://cdn-images.dzcdn.net/images/cover/4f75215f9da9cd40a3278372228157d4/250x250-000000-80-0-0.jpg,https://www.deezer.com/album/6228210
2945,Otis Redding,9214449,The Dock of the Bay (Mono),2014-12-08,0,https://cdn-images.dzcdn.net/images/cover/e32d56c61a5914589c57cfd71c5f312e/250x250-000000-80-0-0.jpg,https://www.deezer.com/album/9214449
2945,Otis Redding,273467,The Dock of the Bay,1991-10-08,0,https://cdn-images.dzcdn.net/images/cover/232b6f924f755af54f69b6aaae39c8ea/250x250-000000-80-0-0.jpg,https://www.deezer.com/album/273467
2945,Otis Redding,608923,Live in Europe,1991-10-08,0,https://cdn-images.dzcdn.net/images/cover/1008b6d8edbea2a80489ff64e6529ce1/250x250-000000-80-0-0.jpg,https://www.deezer.com/album/608923
2945,Otis Redding,3801141,King & Queen,2001-09-10,0,https://cdn-images.dzcdn.net/images/cover/8a8772fa00bb7043bc19cd253399de5c/250x250-000000-80-0-0.jpg,https://www.deezer.com/album/3801141
2945,Otis Redding,101996,Complete & Unbelievable: The Otis Redding Dictionary of Soul,1991-05-28,0,https://cdn-images.dzcdn.net/images/cover/b9a7809b798b0c4a975507f27aec72d1/250x250-000000-80-0-0.jpg,https://www.deezer.com/album/101996
2945,Otis Redding,14229168,Complete & Unbelievable: The Otis Redding Dictionary of Soul (50th Anniversary Edition),2016-10-07,0,https://cdn-images.dzcdn.net/images/cover/24d88d135979b6f236774611f7044d06/250x250-000000-80-0-0.jpg,https://www.deezer.com/album/14229168
2945,Otis Redding,512858,The Soul Album,1991-05-28,0,https://cdn-images.dzcdn.net/images/cover/d3cc0a075c34a7a7d3123c8b8f1bfdbb/250x250-000000-80-0-0.jpg,https://www.deezer.com/album/512858
2945,Otis Redding,92678,Otis Blue: Otis Redding Sings Soul (Collector's Edition),2008-04-21,0,https://cdn-images.dzcdn.net/images/cover/b323f1d9b6e9adc24b8f45aa7526b851/250x250-000000-80-0-0.jpg,https://www.deezer.com/album/92678
2945,Otis Redding,6327489,Otis Blue,2008-07-15,0,https://cdn-images.dzcdn.net/images/cover/9ae37786add946c264df1a50345fc1ff/250x250-000000-80-0-0.jpg,https://www.deezer.com/album/6327489
2945,Otis Redding,8725989,Otis Blue (Mono),2008-07-15,0,https://cdn-images.dzcdn.net/images/cover/461d6093a08e32ce56094feea2d46cbb/250x250-000000-80-0-0.jpg,https://www.deezer.com/album/8725989
2945,Otis Redding,121230,Tell the Truth,1992-05-15,0,https://cdn-images.dzcdn.net/images/cover/9ff78200fb8e02cc834942e54bc21921/250x250-000000-80-0-0.jpg,https://www.deezer.com/album/121230
2945,Otis Redding,121231,The Great Otis Redding Sings Soul Ballads,2016-02-05,0,https://cdn-images.dzcdn.net/images/cover/29ab41e3c272d79340ab0931d72f6c19/250x250-000000-80-0-0.jpg,https://www.deezer.com/album/121231
2945,Otis Redding,89438,Pain in My Heart,2019-02-11,0,https://cdn-images.dzcdn.net/images/cover/dabf356bc788628754715b0ef95aeee8/250x250-000000-80-0-0.jpg,https://www.deezer.com/album/89438
2945,Otis Redding,291518672,Try a Little Tenderness (Crazy Cousinz Remix),2022-02-11,0,https://cdn-images.dzcdn.net/images/cover/5046156b0063d2ab35d6a94dc141723a/250x250-000000-80-0-0.jpg,https://www.deezer.com/album/291518672
2945,Otis Redding,261794712,Hard to Handle (DJ Spinna Remixes),2021-10-08,0,https://cdn-images.dzcdn.net/images/cover/abca8a0f7a296382d49b90efb5cebe31/250x250-000000-80-0-0.jpg,https://www.deezer.com/album/261794712
2945,Otis Redding,255691812,Tramp (Korky Buchek Remix),2021-09-09,0,https://cdn-images.dzcdn.net/images/cover/db8a0fc0fc7b87a8b3954441037898d9/250x250-000000-80-0-0.jpg,https://www.deezer.com/album/255691812
2945,Otis Redding,6072564,Merry Christmas Baby / White Christmas,2012-11-19,0,https://cdn-images.dzcdn.net/images/cover/57ccbee73c132bc0fd53668ba12fafac/250x250-000000-80-0-0.jpg,https://www.deezer.com/album/6072564
2945,Otis Redding,369490,(Sittin' On) the Dock of the Bay / Sweet Lorene,2009-07-03,0,https://cdn-images.dzcdn.net/images/cover/30461204d0f9afbbda4462f609f73617/250x250-000000-80-0-0.jpg,https://www.deezer.com/album/369490
2945,Otis Redding,270248912,(Sittin' on) The Dock of the Bay (Remixed),2021-11-12,0,https://cdn-images.dzcdn.net/images/cover/8c36144e1a1c6a6d030a4986a45cb2d8/250x250-000000-80-0-0.jpg,https://www.deezer.com/album/270248912
16745,Estelle,750654521,Stay Alta,2025-05-23,0,https://cdn-images.dzcdn.net/images/cover/62bf62854cb6fe12dc400ce65a087297/250x250-000000-80-0-0.jpg,https://www.deezer.com/album/750654521
16745,Estelle,458405055,lofi chill vibes with estelle,2023-07-19,0,https://cdn-images.dzcdn.net/images/cover/f3a361cf445044572d9fcfad940fb48a/250x250-000000-80-0-0.jpg,https://www.deezer.com/album/458405055
16745,Estelle,72280872,Lovers Rock,2018-09-07,0,https://cdn-images.dzcdn.net/images/cover/1ee5944966f8044f22c57b634967abb4/250x250-000000-80-0-0.jpg,https://www.deezer.com/album/72280872
16745,Estelle,65450012,True Romance,2015-02-16,0,https://cdn-images.dzcdn.net/images/cover/644ccd3266b627f9a5b52fe0a6b13570/250x250-000000-80-0-0.jpg,https://www.deezer.com/album/65450012
16745,Estelle,376666827,Back to Love (Remixes),2012-10-22,0,https://cdn-images.dzcdn.net/images/cover/b97529ab041e066d2cb1f131995d731f/250x250-000000-80-0-0.jpg,https://www.deezer.com/album/376666827
16745,Estelle,376608157,All of Me,2012-02-24,0,https://cdn-images.dzcdn.net/images/cover/8e0234851900d3bd727666c286734e6b/250x250-000000-80-0-0.jpg,https://www.deezer.com/album/376608157
16745,Estelle,376743547,All of Me (Deluxe Version),2012-02-24,0,https://cdn-images.dzcdn.net/images/cover/969859d4c8da6cb0f1e149e089996a4d/250x250-000000-80-0-0.jpg,https://www.deezer.com/album/376743547
16745,Estelle,376661517,Freak (Remixes),2010-04-27,0,https://cdn-images.dzcdn.net/images/cover/824f94260e94142f2620f623132e289b/250x250-000000-80-0-0.jpg,https://www.deezer.com/album/376661517
16745,Estelle,599708372,Shine (Deluxe),2008-03-31,0,https://cdn-images.dzcdn.net/images/cover/1a0cc3e44de41b5a40b03921e6d19132/250x250-000000-80-0-0.jpg,https://www.deezer.com/album/599708372
16745,Estelle,376621717,Shine,2008-03-28,0,https://cdn-images.dzcdn.net/images/cover/7271f109626c0bde9faa563014d5f404/250x250-000000-80-0-0.jpg,https://www.deezer.com/album/376621717
16745,Estelle,236715162,The 18th Day...,2009-06-16,0,https://cdn-images.dzcdn.net/images/cover/372ec761158cac9bb7872d2c98bf8452/250x250-000000-80-0-0.jpg,https://www.deezer.com/album/236715162
16745,Estelle,720736321,New Direction,2025-03-28,0,https://cdn-images.dzcdn.net/images/cover/bb5f4e87c62e0599dedb0558d17117de/250x250-000000-80-0-0.jpg,https://www.deezer.com/album/720736321
16745,Estelle,376612887,Back to Love,2011-12-02,0,https://cdn-images.dzcdn.net/images/cover/8b4da6b09f763e0f7c0e3b3ef8d603c9/250x250-000000-80-0-0.jpg,https://www.deezer.com/album/376612887
16745,Estelle,376600887,Live @ Livedemo Berlin 5 Years Anniversary,2008-06-13,0,https://cdn-images.dzcdn.net/images/cover/45db54684cfdcdb5b4d8bc9ba34485c9/250x250-000000-80-0-0.jpg,https://www.deezer.com/album/376600887
16745,Estelle,376656747,American Boy (Remixes),2008-03-24,0,https://cdn-images.dzcdn.net/images/cover/8bd21fa60a788b868b0e810bb947ca87/250x250-000000-80-0-0.jpg,https://www.deezer.com/album/376656747
16745,Estelle,376721027, Live: London Sessions,2008-03-04,0,https://cdn-images.dzcdn.net/images/cover/1242fb9bcaf604d7fe698b0afcc08587/250x250-000000-80-0-0.jpg,https://www.deezer.com/album/376721027
16745,Estelle,826781071,D-Nice Presents: TONIGHT,2025-09-24,0,https://cdn-images.dzcdn.net/images/cover/624dd8c20f84508ef6121ef43a710d4d/250x250-000000-80-0-0.jpg,https://www.deezer.com/album/826781071
16745,Estelle,797496271,What You Won't Be,2025-08-01,0,https://cdn-images.dzcdn.net/images/cover/2ca08edbac61862bcd14aece974af428/250x250-000000-80-0-0.jpg,https://www.deezer.com/album/797496271
16745,Estelle,706623781,Love On Love,2025-02-28,0,https://cdn-images.dzcdn.net/images/cover/6b474dc40128da95fcb0dde955bf4f6a/250x250-000000-80-0-0.jpg,https://www.deezer.com/album/706623781
16745,Estelle,639279021,Fire,2024-10-18,0,https://cdn-images.dzcdn.net/images/cover/7d7d8342d936ade18f80467f88ff284d/250x250-000000-80-0-0.jpg,https://www.deezer.com/album/639279021
16745,Estelle,636201681,Oh I,2024-08-30,0,https://cdn-images.dzcdn.net/images/cover/0f7cb4d3e540c89d3efc2adb1e38ea4b/250x250-000000-80-0-0.jpg,https://www.deezer.com/album/636201681
16745,Estelle,577386071,American Boy (Remixes 2024),2024-05-22,0,https://cdn-images.dzcdn.net/images/cover/75ee58913a0e057a68772e2a546c5eae/250x250-000000-80-0-0.jpg,https://www.deezer.com/album/577386071
16745,Estelle,420804887,"Self-Love (feat. Estelle, Chantay Savage & J. Ivy)",2023-04-28,0,https://cdn-images.dzcdn.net/images/cover/237fc54f8dc2b11986adcb64759cb545/250x250-000000-80-0-0.jpg,https://www.deezer.com/album/420804887
16745,Estelle,750960881,Self Love,2023-04-28,0,https://cdn-images.dzcdn.net/images/cover/3c9e4666afa9ae9a47a90ba37f1bc8d5/250x250-000000-80-0-0.jpg,https://www.deezer.com/album/750960881
16745,Estelle,421330967,Freeway (with Estelle),2023-04-07,0,https://cdn-images.dzcdn.net/images/cover/3d6f69a91ebf6d75e6a5fe9dea440908/250x250-000000-80-0-0.jpg,https://www.deezer.com/album/421330967
16745,Estelle,353046067,American Boy (Brooks Remix),2019-06-14,0,https://cdn-images.dzcdn.net/images/cover/1cd35cf53b2e4921ce4313fedaf549d3/250x250-000000-80-0-0.jpg,https://www.deezer.com/album/353046067
16745,Estelle,345840717,American Boy (Lost Frequencies Remix),2019-04-01,0,https://cdn-images.dzcdn.net/images/cover/a4b0b07ba7265897a54442a1143b63c0/250x250-000000-80-0-0.jpg,https://www.deezer.com/album/345840717
16745,Estelle,71176202,Sweetly,2018-08-24,0,https://cdn-images.dzcdn.net/images/cover/b37e6b0015ab7e4b3d5f8b82ba76e7ac/250x250-000000-80-0-0.jpg,https://www.deezer.com/album/71176202
16745,Estelle,71184662,So Easy (feat. Luke James),2018-08-24,0,https://cdn-images.dzcdn.net/images/cover/b37e6b0015ab7e4b3d5f8b82ba76e7ac/250x250-000000-80-0-0.jpg,https://www.deezer.com/album/71184662
16745,Estelle,67103102,Better,2018-07-13,0,https://cdn-images.dzcdn.net/images/cover/4efc3fd2572dab4dc2447c4ecfe25eaf/250x250-000000-80-0-0.jpg,https://www.deezer.com/album/67103102
16745,Estelle,42532041,Love Like Ours (feat. Tarrus Riley),2017-06-16,0,https://cdn-images.dzcdn.net/images/cover/73d33763e6c29d41bf0bf1b01a241d01/250x250-000000-80-0-0.jpg,https://www.deezer.com/album/42532041
16745,Estelle,209735642,Woman's World,2017-05-17,0,https://cdn-images.dzcdn.net/images/cover/5befbbffb40154ad007eeeb4102a0c24/250x250-000000-80-0-0.jpg,https://www.deezer.com/album/209735642
16745,Estelle,376604157,Wonderful Life (Remixes),2012-10-22,0,https://cdn-images.dzcdn.net/images/cover/237ddd981ffe3d7b09f55eb742067d5c/250x250-000000-80-0-0.jpg,https://www.deezer.com/album/376604157
16745,Estelle,376645127,Thank You,2011-10-04,0,https://cdn-images.dzcdn.net/images/cover/fc2accec633fa1926733d100ecea51ee/250x250-000000-80-0-0.jpg,https://www.deezer.com/album/376645127
16745,Estelle,343894557,Break My Heart,2011-04-26,0,https://cdn-images.dzcdn.net/images/cover/37676525dadc2a6ec8cec6ace07fa816/250x250-000000-80-0-0.jpg,https://www.deezer.com/album/343894557
16745,Estelle,376680457,Fall in Love (Remixes),2010-09-21,0,https://cdn-images.dzcdn.net/images/cover/f032b36dd2809c3b70acadad63750f94/250x250-000000-80-0-0.jpg,https://www.deezer.com/album/376680457
16745,Estelle,343895037,Fall in Love,2010-06-29,0,https://cdn-images.dzcdn.net/images/cover/8cedad66f0dcdd3557b60392e6241560/250x250-000000-80-0-0.jpg,https://www.deezer.com/album/343895037
16745,Estelle,376608897,Fall in Love,2010-06-21,0,https://cdn-images.dzcdn.net/images/cover/97a4671c5883a34b527a5419bcbc918c/250x250-000000-80-0-0.jpg,https://www.deezer.com/album/376608897
16745,Estelle,376605847,All Day Long (Blue Skies),2010-03-08,0,https://cdn-images.dzcdn.net/images/cover/4ae3caad9ad38d446da86f053d087551/250x250-000000-80-0-0.jpg,https://www.deezer.com/album/376605847
16745,Estelle,343870027,Freak,2010-02-26,0,https://cdn-images.dzcdn.net/images/cover/824f94260e94142f2620f623132e289b/250x250-000000-80-0-0.jpg,https://www.deezer.com/album/343870027
16745,Estelle,376651097,Star (Crystal Light Mix),2009-03-03,0,https://cdn-images.dzcdn.net/images/cover/2ded2000c72eb4dab7c87edf8c712169/250x250-000000-80-0-0.jpg,https://www.deezer.com/album/376651097
16745,Estelle,376656217,Come Over,2008-11-14,0,https://cdn-images.dzcdn.net/images/cover/93513dd8a3028f1ef8b2eccf13295ec1/250x250-000000-80-0-0.jpg,https://www.deezer.com/album/376656217
16745,Estelle,343872707,Pretty Please (Love Me),2008-09-15,0,https://cdn-images.dzcdn.net/images/cover/87408c82d743a6038a8925421102324a/250x250-000000-80-0-0.jpg,https://www.deezer.com/album/343872707
16745,Estelle,376605897,No Substitute Love,2008-09-05,0,https://cdn-images.dzcdn.net/images/cover/66e873c54ac289c6df2578005797e92c/250x250-000000-80-0-0.jpg,https://www.deezer.com/album/376605897
16745,Estelle,376608107,No Substitute Love,2008-06-27,0,https://cdn-images.dzcdn.net/images/cover/2c12df9070c1eb9818d520dc331c0619/250x250-000000-80-0-0.jpg,https://www.deezer.com/album/376608107
16745,Estelle,376608147,Wait a Minute (Just a Touch) (Remixes),2008-03-25,0,https://cdn-images.dzcdn.net/images/cover/4afbd6c918fd5140314544ef712fb83c/250x250-000000-80-0-0.jpg,https://www.deezer.com/album/376608147
16745,Estelle,343867647,American Boy,2008-01-29,0,https://cdn-images.dzcdn.net/images/cover/fe5574a48d2d32c98484bd42e8406c7c/250x250-000000-80-0-0.jpg,https://www.deezer.com/album/343867647
16745,Estelle,376605807,Shine,2007-11-26,0,https://cdn-images.dzcdn.net/images/cover/1242fb9bcaf604d7fe698b0afcc08587/250x250-000000-80-0-0.jpg,https://www.deezer.com/album/376605807
629,Fugees,99129,Greatest Hits,2005-10-14,0,https://cdn-images.dzcdn.net/images/cover/db06562348299fb5b3bd9d0d8f5233d7/250x250-000000-80-0-0.jpg,https://www.deezer.com/album/99129
629,Fugees,1435460,The Score (Expanded Edition),1996-02-13,0,https://cdn-images.dzcdn.net/images/cover/cbc404543f45cf93465906b61ec85687/250x250-000000-80-0-0.jpg,https://www.deezer.com/album/1435460
629,Fugees,93144412,The Score,1996-04-02,0,https://cdn-images.dzcdn.net/images/cover/cbc404543f45cf93465906b61ec85687/250x250-000000-80-0-0.jpg,https://www.deezer.com/album/93144412
629,Fugees,111801,Blunted On Reality,1994-02-01,0,https://cdn-images.dzcdn.net/images/cover/be8dfea7453509800e48a8a40eeafd5c/250x250-000000-80-0-0.jpg,https://www.deezer.com/album/111801
629,Fugees,74369,Take It Easy,2005-11-21,0,https://cdn-images.dzcdn.net/images/cover/c1d40e14a1a423c1ef0ea3bd5be64baf/250x250-000000-80-0-0.jpg,https://www.deezer.com/album/74369
629,Fugees,7011851,Take It Easy,2005-09-22,0,https://cdn-images.dzcdn.net/images/cover/09c61a5268559b3e39a1bcff6d2bcf38/250x250-000000-80-0-0.jpg,https://www.deezer.com/album/7011851
248,"Earth, Wind & Fire",61504292,September,2018-04-17,0,https://cdn-images.dzcdn.net/images/cover/18f41ecd3781fb96bffa2b0b49955db5/250x250-000000-80-0-0.jpg,https://www.deezer.com/album/61504292
248,"Earth, Wind & Fire",8962097,Holiday,2014-10-17,0,https://cdn-images.dzcdn.net/images/cover/d1ac73ec42ea945989031debf2091736/250x250-000000-80-0-0.jpg,https://www.deezer.com/album/8962097
248,"Earth, Wind & Fire",11253872,The Classic Christmas Album,2015-10-02,0,https://cdn-images.dzcdn.net/images/cover/5732759a3ef9e0fe5a8bfa87e21fc5ff/250x250-000000-80-0-0.jpg,https://www.deezer.com/album/11253872
248,"Earth, Wind & Fire",7490419,"The Essential Earth, Wind & Fire",2014-03-21,0,https://cdn-images.dzcdn.net/images/cover/08f2ebd136c65e440125a4a53b054628/250x250-000000-80-0-0.jpg,https://www.deezer.com/album/7490419
248,"Earth, Wind & Fire",90732652,"Constellations: The Universe of Earth, Wind & Fire",2012-06-12,0,https://cdn-images.dzcdn.net/images/cover/ebfe3c69d114d9593a9930f203ad7c72/250x250-000000-80-0-0.jpg,https://www.deezer.com/album/90732652
248,"Earth, Wind & Fire",530232,Illumination,2010-04-05,0,https://cdn-images.dzcdn.net/images/cover/4b47fa094026933cb2aef51906c4c4c1/250x250-000000-80-0-0.jpg,https://www.deezer.com/album/530232
248,"Earth, Wind & Fire",13943544,Illumination,2010-04-05,0,https://cdn-images.dzcdn.net/images/cover/a9f097df31b8b3fb97d8d89333ce7a47/250x250-000000-80-0-0.jpg,https://www.deezer.com/album/13943544
248,"Earth, Wind & Fire",11418702,The Promise,2014-06-10,0,https://cdn-images.dzcdn.net/images/cover/c36bfa674dd0fe9fab6f733042cf04d1/250x250-000000-80-0-0.jpg,https://www.deezer.com/album/11418702
248,"Earth, Wind & Fire",609944,"The Essential Earth, Wind & Fire 3.0",2010-08-27,0,https://cdn-images.dzcdn.net/images/cover/2a987986a43a12e255708b556026b399/250x250-000000-80-0-0.jpg,https://www.deezer.com/album/609944
248,"Earth, Wind & Fire",6752415,That's The Way Of The World: Alive In '75,2002-04-17,0,https://cdn-images.dzcdn.net/images/cover/b221a66381bd7374912db0446ada30d6/250x250-000000-80-0-0.jpg,https://www.deezer.com/album/6752415
248,"Earth, Wind & Fire",72325,Les Indispensables,2001-01-01,0,https://cdn-images.dzcdn.net/images/cover/b9b228511c7b6e3be6ee6b5b798626c3/250x250-000000-80-0-0.jpg,https://www.deezer.com/album/72325
248,"Earth, Wind & Fire",99274,Les indispensables,2001-01-01,0,https://cdn-images.dzcdn.net/images/cover/f8013c4b2df1b6b89854d33b45cf8092/250x250-000000-80-0-0.jpg,https://www.deezer.com/album/99274
248,"Earth, Wind & Fire",90536042,Greatest Hits,2008-04-08,0,https://cdn-images.dzcdn.net/images/cover/c61b4c3bc029d351f4e69be4c4d0a5e4/250x250-000000-80-0-0.jpg,https://www.deezer.com/album/90536042
248,"Earth, Wind & Fire",112872,Elements Of Love: The Ballads,1996-05-01,0,https://cdn-images.dzcdn.net/images/cover/f816c6f6f8f1099b6c969a166f83e758/250x250-000000-80-0-0.jpg,https://www.deezer.com/album/112872
248,"Earth, Wind & Fire",70966,Ultimate Earth Wind & Fire,2008-03-31,0,https://cdn-images.dzcdn.net/images/cover/5336b7dbdf01f764ecad77f057e09c98/250x250-000000-80-0-0.jpg,https://www.deezer.com/album/70966
248,"Earth, Wind & Fire",13955478,Millennium,1993-09-14,0,https://cdn-images.dzcdn.net/images/cover/80bb217eda18cc33854c61760a9eeaf5/250x250-000000-80-0-0.jpg,https://www.deezer.com/album/13955478
248,"Earth, Wind & Fire",90536342,The Eternal Dance,1992-09-08,0,https://cdn-images.dzcdn.net/images/cover/7a95636723a30afd3665501f83d60bb5/250x250-000000-80-0-0.jpg,https://www.deezer.com/album/90536342
248,"Earth, Wind & Fire",97655,The Eternal Dance,1992-09-02,0,https://cdn-images.dzcdn.net/images/cover/af6239f4b007a4f6889b95fe30e82c10/250x250-000000-80-0-0.jpg,https://www.deezer.com/album/97655
248,"Earth, Wind & Fire",1466380,Heritage,1990-02-14,0,https://cdn-images.dzcdn.net/images/cover/0a60408bbc286da1fa1016d534178304/250x250-000000-80-0-0.jpg,https://www.deezer.com/album/1466380
248,"Earth, Wind & Fire",2606721,Touch The World,2012-05-01,0,https://cdn-images.dzcdn.net/images/cover/b8eec3fe73ee59b6ef787dcf5d168de1/250x250-000000-80-0-0.jpg,https://www.deezer.com/album/2606721
248,"Earth, Wind & Fire",12919886,Electric Universe (Expanded Edition),2016-04-22,0,https://cdn-images.dzcdn.net/images/cover/e74816b4bbdb8a8dd1791e49b38c8217/250x250-000000-80-0-0.jpg,https://www.deezer.com/album/12919886
248,"Earth, Wind & Fire",116612,Powerlight,1983-08-01,0,https://cdn-images.dzcdn.net/images/cover/ff447eb5a1bb2ca280cc95402ad7a43f/250x250-000000-80-0-0.jpg,https://www.deezer.com/album/116612
248,"Earth, Wind & Fire",2606691,Raise!,1981-11-14,0,https://cdn-images.dzcdn.net/images/cover/7fb42454a4875274e1e30a5a185a985c/250x250-000000-80-0-0.jpg,https://www.deezer.com/album/2606691
248,"Earth, Wind & Fire",2606661,Faces,1980-10-14,0,https://cdn-images.dzcdn.net/images/cover/082bb4b778ed5c552cdf87d3d387978e/250x250-000000-80-0-0.jpg,https://www.deezer.com/album/2606661
248,"Earth, Wind & Fire",77330,I Am,2004-02-24,0,https://cdn-images.dzcdn.net/images/cover/29cf5d139f40cf4b84426282ffb6954a/250x250-000000-80-0-0.jpg,https://www.deezer.com/album/77330
248,"Earth, Wind & Fire",2606651,I Am,2012-05-01,0,https://cdn-images.dzcdn.net/images/cover/e192f4eaf270f9f36ccc59264fb05c7c/250x250-000000-80-0-0.jpg,https://www.deezer.com/album/2606651
248,"Earth, Wind & Fire",90719592,"The Best Of Earth, Wind & Fire Vol. 1",1978-11-23,0,https://cdn-images.dzcdn.net/images/cover/d738053b8b98f90389ba6a0656ca0f8a/250x250-000000-80-0-0.jpg,https://www.deezer.com/album/90719592
248,"Earth, Wind & Fire",2606641,All 'N All,1977-11-21,0,https://cdn-images.dzcdn.net/images/cover/520f929e8c164bd873ea8fcbe7242f8e/250x250-000000-80-0-0.jpg,https://www.deezer.com/album/2606641
248,"Earth, Wind & Fire",2606611,Spirit,2012-05-01,0,https://cdn-images.dzcdn.net/images/cover/046d95cc7f555a76f521abe20983cf41/250x250-000000-80-0-0.jpg,https://www.deezer.com/album/2606611
248,"Earth, Wind & Fire",2606581,Gratitude,1975-11-11,0,https://cdn-images.dzcdn.net/images/cover/70d8fdd174c1ae1ec18de69b909d61c9/250x250-000000-80-0-0.jpg,https://www.deezer.com/album/2606581
248,"Earth, Wind & Fire",1444091,That's The Way Of The World,1975-03-15,0,https://cdn-images.dzcdn.net/images/cover/dced85766846f9faa3f097f092941f36/250x250-000000-80-0-0.jpg,https://www.deezer.com/album/1444091
248,"Earth, Wind & Fire",753337,Open Our Eyes,1993-09-10,0,https://cdn-images.dzcdn.net/images/cover/182bac666d76550d25fa2a01f2eb7ccd/250x250-000000-80-0-0.jpg,https://www.deezer.com/album/753337
248,"Earth, Wind & Fire",2606561,Open Our Eyes,1974-03-25,0,https://cdn-images.dzcdn.net/images/cover/81753f0046b1ae081f8acf0eea42fb63/250x250-000000-80-0-0.jpg,https://www.deezer.com/album/2606561
248,"Earth, Wind & Fire",2606511,Head To The Sky,1973-05-01,0,https://cdn-images.dzcdn.net/images/cover/1a46f5072494cea29d64d9e3d04cfdc4/250x250-000000-80-0-0.jpg,https://www.deezer.com/album/2606511
248,"Earth, Wind & Fire",2606521,Last Days and Time,1972-10-01,0,https://cdn-images.dzcdn.net/images/cover/505d7681e120209f6f96647e75b8fdce/250x250-000000-80-0-0.jpg,https://www.deezer.com/album/2606521
248,"Earth, Wind & Fire",513058,The Need Of Love,1997-02-28,0,https://cdn-images.dzcdn.net/images/cover/3d204d25a4d418a1fdc97dea26554e57/250x250-000000-80-0-0.jpg,https://www.deezer.com/album/513058
248,"Earth, Wind & Fire",613575,"Earth, Wind & Fire",1997-02-28,0,https://cdn-images.dzcdn.net/images/cover/b22d17b0290b08c0ebd84a53c68d6837/250x250-000000-80-0-0.jpg,https://www.deezer.com/album/613575
248,"Earth, Wind & Fire",515128162,Turn To Love (Live St Louis '74),2023-12-01,0,https://cdn-images.dzcdn.net/images/cover/77871028b13812bd5b4a1c14b373b199/250x250-000000-80-0-0.jpg,https://www.deezer.com/album/515128162
248,"Earth, Wind & Fire",476132755,Elements Of The Universe (Live New York City '73),2023-08-08,0,https://cdn-images.dzcdn.net/images/cover/ba5f4d9bff35a33c923d67e4058d2e3d/250x250-000000-80-0-0.jpg,https://www.deezer.com/album/476132755
248,"Earth, Wind & Fire",251540872,You Want My Love,2021-08-20,0,https://cdn-images.dzcdn.net/images/cover/4b2a1d27694389877a2b58a084d4dee3/250x250-000000-80-0-0.jpg,https://www.deezer.com/album/251540872
248,"Earth, Wind & Fire",11675146,September,2015-11-13,0,https://cdn-images.dzcdn.net/images/cover/a569042084fde40c903153f0142fc034/250x250-000000-80-0-0.jpg,https://www.deezer.com/album/11675146
248,"Earth, Wind & Fire",171988632,September (The Eric Kupper Remixes),2020-09-17,0,https://cdn-images.dzcdn.net/images/cover/1b08ca06434bba05562b8f5280014575/250x250-000000-80-0-0.jpg,https://www.deezer.com/album/171988632
248,"Earth, Wind & Fire",412209757,September (sped up + slowed),1978-11-18,0,https://cdn-images.dzcdn.net/images/cover/18f41ecd3781fb96bffa2b0b49955db5/250x250-000000-80-0-0.jpg,https://www.deezer.com/album/412209757
3933641,Wizkid,747685621,Best of WizKid (Mixtape),2025-04-24,0,https://cdn-images.dzcdn.net/images/cover/7b7ed21b5712e26c0c41d2e117815b39/250x250-000000-80-0-0.jpg,https://www.deezer.com/album/747685621
3933641,Wizkid,672212461,Morayo,2024-11-22,0,https://cdn-images.dzcdn.net/images/cover/2538836fe7ba780c5a3a4c04aef4fac5/250x250-000000-80-0-0.jpg,https://www.deezer.com/album/672212461
3933641,Wizkid,371608557,"More Love, Less Ego",2022-11-11,0,https://cdn-images.dzcdn.net/images/cover/e4286ac8a38829b6cf5d225c311bccf7/250x250-000000-80-0-0.jpg,https://www.deezer.com/album/371608557
3933641,Wizkid,178248742,Made In Lagos,2020-10-29,0,https://cdn-images.dzcdn.net/images/cover/ee712ec0084d50159ae6564de833ce12/250x250-000000-80-0-0.jpg,https://www.deezer.com/album/178248742
3933641,Wizkid,254027212,Made In Lagos: Deluxe Edition,2021-08-27,0,https://cdn-images.dzcdn.net/images/cover/ad33274548de3455303618bb650b6d86/250x250-000000-80-0-0.jpg,https://www.deezer.com/album/254027212
3933641,Wizkid,49791962,Revolution Mixtape,2017-10-12,0,https://cdn-images.dzcdn.net/images/cover/8ebf33bb63e5a4da492d3b18c41c49f1/250x250-000000-80-0-0.jpg,https://www.deezer.com/album/49791962
3933641,Wizkid,44431111,Sounds From The Other Side,2017-07-14,0,https://cdn-images.dzcdn.net/images/cover/a8dc47ce1fd807b1814e8171a91c1fc9/250x250-000000-80-0-0.jpg,https://www.deezer.com/album/44431111
3933641,Wizkid,319781177,Ayo,2017-09-17,0,https://cdn-images.dzcdn.net/images/cover/9be0538ebbb9c6fd3dcb74844e7e2e2a/250x250-000000-80-0-0.jpg,https://www.deezer.com/album/319781177
3933641,Wizkid,524283692,S2,2023-12-22,0,https://cdn-images.dzcdn.net/images/cover/24a4bbe1d6d25c216426e42587156a04/250x250-000000-80-0-0.jpg,https://www.deezer.com/album/524283692
3933641,Wizkid,55526952,Like This (The Remixes),2017-03-31,0,https://cdn-images.dzcdn.net/images/cover/9d245e6f0feef9722b6769d1649c2ee9/250x250-000000-80-0-0.jpg,https://www.deezer.com/album/55526952
3933641,Wizkid,13925326,10Mins Mix Naija 101,2016-08-29,0,https://cdn-images.dzcdn.net/images/cover/144fcdbb75cfd6c40c25b491cd61ec0e/250x250-000000-80-0-0.jpg,https://www.deezer.com/album/13925326
3933641,Wizkid,799334441,Lighter (Wizkid Extended),2025-08-22,0,https://cdn-images.dzcdn.net/images/cover/c5cb2359f6f31b42c47dfb6aa2ed4f80/250x250-000000-80-0-0.jpg,https://www.deezer.com/album/799334441
3933641,Wizkid,796094871,Lighter (Hypaton Remix),2025-08-08,0,https://cdn-images.dzcdn.net/images/cover/203051157480f153c9802ec9b1c585f4/250x250-000000-80-0-0.jpg,https://www.deezer.com/album/796094871
3933641,Wizkid,781915141,One Condition,2025-07-25,0,https://cdn-images.dzcdn.net/images/cover/e53dccb976a98d09db9a195ce84162f2/250x250-000000-80-0-0.jpg,https://www.deezer.com/album/781915141
3933641,Wizkid,792997091,DYNAMITE,2025-07-24,0,https://cdn-images.dzcdn.net/images/cover/b9de2c8e816295f124dd7b227f7fa668/250x250-000000-80-0-0.jpg,https://www.deezer.com/album/792997091
3933641,Wizkid,774328331,Lighter,2025-06-27,0,https://cdn-images.dzcdn.net/images/cover/5af7edab0f073e0fe72e657ce4db9a8d/250x250-000000-80-0-0.jpg,https://www.deezer.com/album/774328331
3933641,Wizkid,739775811,Kai!,2025-04-28,0,https://cdn-images.dzcdn.net/images/cover/6e7abbf5e01a1098d4c87eb7f5876232/250x250-000000-80-0-0.jpg,https://www.deezer.com/album/739775811
3933641,Wizkid,744166411,Gimme Dat,2025-04-25,0,https://cdn-images.dzcdn.net/images/cover/2e52f4bf8bdb05c98002b714669ee2c2/250x250-000000-80-0-0.jpg,https://www.deezer.com/album/744166411
3933641,Wizkid,710266491,Trouble,2025-02-14,0,https://cdn-images.dzcdn.net/images/cover/f9135972ed618ea86b92e44d65ab97e4/250x250-000000-80-0-0.jpg,https://www.deezer.com/album/710266491
3933641,Wizkid,669411741,Kese (Dance),2024-11-15,0,https://cdn-images.dzcdn.net/images/cover/b83e12a893bcd9bca6f6e84283dbedaa/250x250-000000-80-0-0.jpg,https://www.deezer.com/album/669411741
3933641,Wizkid,657721931,Piece of My Heart (feat. Brent Faiyaz),2024-10-18,0,https://cdn-images.dzcdn.net/images/cover/23dec0c82a7bb91327d048b0019004bd/250x250-000000-80-0-0.jpg,https://www.deezer.com/album/657721931
3933641,Wizkid,621615591,Work Me Out,2024-07-30,0,https://cdn-images.dzcdn.net/images/cover/b57f5c66223ecac8a03b90f8996c38ad/250x250-000000-80-0-0.jpg,https://www.deezer.com/album/621615591
3933641,Wizkid,544692432,One Love (Bob Marley: One Love - Music Inspired By The Film),2024-02-14,0,https://cdn-images.dzcdn.net/images/cover/ec91c9f741208370ed9ab6b9029e90cc/250x250-000000-80-0-0.jpg,https://www.deezer.com/album/544692432
3933641,Wizkid,504784191,Money Dey,2023-11-24,0,https://cdn-images.dzcdn.net/images/cover/88f84395acfcf1a8e8472dbdf4c9a581/250x250-000000-80-0-0.jpg,https://www.deezer.com/album/504784191
3933641,Wizkid,458681345,LOJU,2023-06-30,0,https://cdn-images.dzcdn.net/images/cover/313938ed0142dc72cae297965232511a/250x250-000000-80-0-0.jpg,https://www.deezer.com/album/458681345
3933641,Wizkid,438664727,Blessings,2023-05-12,0,https://cdn-images.dzcdn.net/images/cover/b1ef902b943efe1e70424ecf9c65aeb7/250x250-000000-80-0-0.jpg,https://www.deezer.com/album/438664727
3933641,Wizkid,370154657,Money & Love,2022-10-27,0,https://cdn-images.dzcdn.net/images/cover/e4286ac8a38829b6cf5d225c311bccf7/250x250-000000-80-0-0.jpg,https://www.deezer.com/album/370154657
3933641,Wizkid,352618347,Bad To Me,2022-09-13,0,https://cdn-images.dzcdn.net/images/cover/ec446ac1b021f7777dec6ebbc990404f/250x250-000000-80-0-0.jpg,https://www.deezer.com/album/352618347
3933641,Wizkid,327799917,Call Me Every Day (feat. Wizkid),2025-01-10,0,https://cdn-images.dzcdn.net/images/cover/cc269116fe4da8b1054a18ef7f1e39a8/250x250-000000-80-0-0.jpg,https://www.deezer.com/album/327799917
3933641,Wizkid,251484092,Essence (feat. Justin Bieber & Tems),2021-08-13,0,https://cdn-images.dzcdn.net/images/cover/743c86530e795fa9bfd12143838de467/250x250-000000-80-0-0.jpg,https://www.deezer.com/album/251484092
3933641,Wizkid,172645652,No Stress,2020-09-17,0,https://cdn-images.dzcdn.net/images/cover/31566a105920b61a40e268a4b8997791/250x250-000000-80-0-0.jpg,https://www.deezer.com/album/172645652
3933641,Wizkid,166405662,Consider II,2020-09-03,0,https://cdn-images.dzcdn.net/images/cover/e80e0c2c18d96a59bbd21d9433a68fc6/250x250-000000-80-0-0.jpg,https://www.deezer.com/album/166405662
3933641,Wizkid,160034342,Smile (feat. H.E.R.),2020-07-16,0,https://cdn-images.dzcdn.net/images/cover/753e4f19f71e0bf6f2687dc7353f9d0e/250x250-000000-80-0-0.jpg,https://www.deezer.com/album/160034342
3933641,Wizkid,192050912,Gbese 2.0,2020-07-02,0,https://cdn-images.dzcdn.net/images/cover/694d1555b05e483f95bf9c4db66ccc8e/250x250-000000-80-0-0.jpg,https://www.deezer.com/album/192050912
3933641,Wizkid,142255592,Escape,2020-04-24,0,https://cdn-images.dzcdn.net/images/cover/57e2a08afe270616a4668f76e0dd10e8/250x250-000000-80-0-0.jpg,https://www.deezer.com/album/142255592
3933641,Wizkid,345696267,Arizona,2020-01-31,0,https://cdn-images.dzcdn.net/images/cover/d03b87f745c4501f81aed956d3457177/250x250-000000-80-0-0.jpg,https://www.deezer.com/album/345696267
3933641,Wizkid,114978412,G Love,2019-10-18,0,https://cdn-images.dzcdn.net/images/cover/3ad80c87ce453b537cff1123fbb6cf04/250x250-000000-80-0-0.jpg,https://www.deezer.com/album/114978412
3933641,Wizkid,102141302,Joro,2019-09-30,0,https://cdn-images.dzcdn.net/images/cover/b1eb19b96a5e2985053b8bef3138498f/250x250-000000-80-0-0.jpg,https://www.deezer.com/album/102141302
3933641,Wizkid,110238502,Ghetto Love,2019-09-13,0,https://cdn-images.dzcdn.net/images/cover/fbd02009ab39c3b54e8c09fc3f6ebfca/250x250-000000-80-0-0.jpg,https://www.deezer.com/album/110238502
3933641,Wizkid,101018562,Totori,2019-06-30,0,https://cdn-images.dzcdn.net/images/cover/75b1090ea3e3c3521e8d82009a8b1b7d/250x250-000000-80-0-0.jpg,https://www.deezer.com/album/101018562
3933641,Wizkid,351082277,Consider,2019-04-19,0,https://cdn-images.dzcdn.net/images/cover/7980bfd284d3b85ee4c6507e9a07d35d/250x250-000000-80-0-0.jpg,https://www.deezer.com/album/351082277
3933641,Wizkid,642876141,Tokyo,2018-12-07,0,https://cdn-images.dzcdn.net/images/cover/e69dd4d4edd04c1ebe71381a6ec8e9d0/250x250-000000-80-0-0.jpg,https://www.deezer.com/album/642876141
3933641,Wizkid,77529212,Bad Energy (Stay Far Away Remix),2018-11-02,0,https://cdn-images.dzcdn.net/images/cover/37ba7ace071e2b480e513d64cf1bc5bf/250x250-000000-80-0-0.jpg,https://www.deezer.com/album/77529212
3933641,Wizkid,74053252,Master Groove,2018-10-01,0,https://cdn-images.dzcdn.net/images/cover/55d36c90b729e72ea0258824b8fc1c45/250x250-000000-80-0-0.jpg,https://www.deezer.com/album/74053252
3933641,Wizkid,74053362,Fever,2018-09-30,0,https://cdn-images.dzcdn.net/images/cover/f4b6e3fe68fe1e1f8bcc5749bddf2955/250x250-000000-80-0-0.jpg,https://www.deezer.com/album/74053362
3933641,Wizkid,71116212,To The Max,2018-08-24,0,https://cdn-images.dzcdn.net/images/cover/1b68c20134d87c3ae2e36197906b2bc8/250x250-000000-80-0-0.jpg,https://www.deezer.com/album/71116212
3933641,Wizkid,66154942,Energy (Stay Far Away),2018-06-20,0,https://cdn-images.dzcdn.net/images/cover/6e62f1aa8eaa95453cf72d68597dbfae/250x250-000000-80-0-0.jpg,https://www.deezer.com/album/66154942
3933641,Wizkid,62659432,KANA,2018-05-04,0,https://cdn-images.dzcdn.net/images/cover/81b302f950caef7e10cf377769407ff4/250x250-000000-80-0-0.jpg,https://www.deezer.com/album/62659432
3933641,Wizkid,57818672,Nowo,2018-02-26,0,https://cdn-images.dzcdn.net/images/cover/7498fe9018c0f5133ccf398df5edaac2/250x250-000000-80-0-0.jpg,https://www.deezer.com/album/57818672
3933641,Wizkid,51698182,Manya,2017-11-15,0,https://cdn-images.dzcdn.net/images/cover/2743eaf3ad111a1da4f940966bfea480/250x250-000000-80-0-0.jpg,https://www.deezer.com/album/51698182
3933641,Wizkid,43412331,Naughty Ride (feat. Major Lazer),2017-06-23,0,https://cdn-images.dzcdn.net/images/cover/9de9e849832ed17613f5000742142882/250x250-000000-80-0-0.jpg,https://www.deezer.com/album/43412331
3933641,Wizkid,42765621,African Bad Gyal (feat. Chris Brown),2017-06-09,0,https://cdn-images.dzcdn.net/images/cover/9de9e849832ed17613f5000742142882/250x250-000000-80-0-0.jpg,https://www.deezer.com/album/42765621
3933641,Wizkid,15802660,Come Closer (feat. Drake),2017-03-31,0,https://cdn-images.dzcdn.net/images/cover/18e2a836169d9104959e633694424136/250x250-000000-80-0-0.jpg,https://www.deezer.com/album/15802660
3933641,Wizkid,15496724,Sweet Love,2017-03-01,0,https://cdn-images.dzcdn.net/images/cover/4ca885d43f5cbce89c18378bef6e2eab/250x250-000000-80-0-0.jpg,https://www.deezer.com/album/15496724
3933641,Wizkid,14904597,Daddy Yo,2016-12-23,0,https://cdn-images.dzcdn.net/images/cover/67f3f7f1569391b1a3aa1acec5e1b34a/250x250-000000-80-0-0.jpg,https://www.deezer.com/album/14904597
3933641,Wizkid,55528352,Like This,2016-08-05,0,https://cdn-images.dzcdn.net/images/cover/a95ad39eeab8749be5d4d8c7d4458615/250x250-000000-80-0-0.jpg,https://www.deezer.com/album/55528352
3933641,Wizkid,13492373,"Shabba (feat. Chris Brown, Trey Songz & French Montana) - Single",2016-07-01,0,https://cdn-images.dzcdn.net/images/cover/52aaf8d9543055de50ad706b112e4d40/250x250-000000-80-0-0.jpg,https://www.deezer.com/album/13492373
3933641,Wizkid,577276231,Oshe,2016-03-09,0,https://cdn-images.dzcdn.net/images/cover/9e690f892e99400b94ab1f7401ed8868/250x250-000000-80-0-0.jpg,https://www.deezer.com/album/577276231
3933641,Wizkid,684183831,With You (Remix),2016-01-26,0,https://cdn-images.dzcdn.net/images/cover/428a25e5d59ffecc94fd9d04a73a6651/250x250-000000-80-0-0.jpg,https://www.deezer.com/album/684183831
3933641,Wizkid,11925584,Final (Baba Nla) - Single,2015-12-10,0,https://cdn-images.dzcdn.net/images/cover/3cda4cca35e5a322d6ad9e71c49dbecf/250x250-000000-80-0-0.jpg,https://www.deezer.com/album/11925584
3933641,Wizkid,405697467,Kabelai,2015-05-04,0,https://cdn-images.dzcdn.net/images/cover/7ef90161aa38d16fad8b39dcbc3fdd35/250x250-000000-80-0-0.jpg,https://www.deezer.com/album/405697467
3933641,Wizkid,8756177,Drop (feat. Wale),2014-07-25,0,https://cdn-images.dzcdn.net/images/cover/b4d47d40a4e7b3bedf17af8383529a34/250x250-000000-80-0-0.jpg,https://www.deezer.com/album/8756177
3933641,Wizkid,327187127,One Question,2014-02-14,0,https://cdn-images.dzcdn.net/images/cover/96e5cf60bcde0b55c2d68dcc6b5ec901/250x250-000000-80-0-0.jpg,https://www.deezer.com/album/327187127
3933641,Wizkid,327185437,On Top Your Matter,2014-01-01,0,https://cdn-images.dzcdn.net/images/cover/5956f4fdf351532267e5538e2373615b/250x250-000000-80-0-0.jpg,https://www.deezer.com/album/327185437
3933641,Wizkid,327186017,Roll It (Remix),2014-01-01,0,https://cdn-images.dzcdn.net/images/cover/fe49e7cab29f0c49d471416c4d181e8f/250x250-000000-80-0-0.jpg,https://www.deezer.com/album/327186017
3933641,Wizkid,7155296,Won Gbo Mi,2013-12-28,0,https://cdn-images.dzcdn.net/images/cover/91e5873ad7db11bc3e39d4cdbc652655/250x250-000000-80-0-0.jpg,https://www.deezer.com/album/7155296
3933641,Wizkid,10198620,Eledumare,2013-12-17,0,https://cdn-images.dzcdn.net/images/cover/7fa2fa4a984b1bf0c0fa5c1fee64397f/250x250-000000-80-0-0.jpg,https://www.deezer.com/album/10198620
3933641,Wizkid,327186467,Jaiye Jaiye,2013-11-01,0,https://cdn-images.dzcdn.net/images/cover/022426a926bc2f38da080d86e690b6be/250x250-000000-80-0-0.jpg,https://www.deezer.com/album/327186467
3933641,Wizkid,327185547,Thank You,2012-12-07,0,https://cdn-images.dzcdn.net/images/cover/775bc227126df51e07eb21b43b106670/250x250-000000-80-0-0.jpg,https://www.deezer.com/album/327185547
174,Whitney Houston,663209571,The Concert for a New South Africa (Durban) (Live),2024-11-08,0,https://cdn-images.dzcdn.net/images/cover/e98a783709bebfd81792acad86edd930/250x250-000000-80-0-0.jpg,https://www.deezer.com/album/663209571
174,Whitney Houston,418782957,I Go To The Rock: The Gospel Music Of Whitney Houston,2023-03-24,0,https://cdn-images.dzcdn.net/images/cover/20a58a57273ca96824c866952689ec5a/250x250-000000-80-0-0.jpg,https://www.deezer.com/album/418782957
174,Whitney Houston,400941747,Don't Cry For Me (The Remixes),2023-02-03,0,https://cdn-images.dzcdn.net/images/cover/a70ea0e5e6cfefbc0925428024e7e932/250x250-000000-80-0-0.jpg,https://www.deezer.com/album/400941747
174,Whitney Houston,386468787,"I Wanna Dance With Somebody (The Movie: Whitney New, Classic and Reimagined)",2022-12-16,0,https://cdn-images.dzcdn.net/images/cover/0a9ca37020494e89898c68f617ca396a/250x250-000000-80-0-0.jpg,https://www.deezer.com/album/386468787
174,Whitney Houston,51387972,I Wish You Love: More From The Bodyguard,2017-11-17,0,https://cdn-images.dzcdn.net/images/cover/98d8a89a2b37c248340b1db790bba21f/250x250-000000-80-0-0.jpg,https://www.deezer.com/album/51387972
174,Whitney Houston,8985823,Whitney Houston Live: Her Greatest Performances,2014-11-10,0,https://cdn-images.dzcdn.net/images/cover/71f18ecc50a34231f7beb25dff590d1f/250x250-000000-80-0-0.jpg,https://www.deezer.com/album/8985823
174,Whitney Houston,250932152,I Will Always Love You: The Best Of Whitney Houston,2021-01-01,0,https://cdn-images.dzcdn.net/images/cover/161f3d08bc535518f89426855ed1b191/250x250-000000-80-0-0.jpg,https://www.deezer.com/album/250932152
174,Whitney Houston,6053832,I Will Always Love You: The Best Of Whitney Houston,2012-11-09,0,https://cdn-images.dzcdn.net/images/cover/f42261e2e41371834d9a0120c399f665/250x250-000000-80-0-0.jpg,https://www.deezer.com/album/6053832
174,Whitney Houston,1576320,Love Don't Hurt People,2011-01-17,0,https://cdn-images.dzcdn.net/images/cover/a22f2edfd96e2dd2bb89acf1d0504246/250x250-000000-80-0-0.jpg,https://www.deezer.com/album/1576320
174,Whitney Houston,438520,Million Dollar Bill Remixes,2009-11-06,0,https://cdn-images.dzcdn.net/images/cover/b0951ff19397f69a8528053948ffd22c/250x250-000000-80-0-0.jpg,https://www.deezer.com/album/438520
174,Whitney Houston,112897462,I Look To You,2009-08-28,0,https://cdn-images.dzcdn.net/images/cover/3030bed3993801c4de11d40711bef712/250x250-000000-80-0-0.jpg,https://www.deezer.com/album/112897462
174,Whitney Houston,271640,The Ultimate Collection,2016-12-13,0,https://cdn-images.dzcdn.net/images/cover/cb81cd5eb9bb712855b071085c3c5457/250x250-000000-80-0-0.jpg,https://www.deezer.com/album/271640
174,Whitney Houston,73404,Dance Vault Mixes - My Love Is Your Love,2006-07-11,0,https://cdn-images.dzcdn.net/images/cover/4fd9aa78d5438d9597dc4e4edc3337df/250x250-000000-80-0-0.jpg,https://www.deezer.com/album/73404
174,Whitney Houston,73446,"Dance Vault Mixes - Same Script, Different Cast",2006-07-04,0,https://cdn-images.dzcdn.net/images/cover/cbcbdea6f43acfc5eed46644fdaf4886/250x250-000000-80-0-0.jpg,https://www.deezer.com/album/73446
174,Whitney Houston,73447,Dance Vault Mixes -Step By Step,2006-07-04,0,https://cdn-images.dzcdn.net/images/cover/96971f76074eeb481907b82cadb06188/250x250-000000-80-0-0.jpg,https://www.deezer.com/album/73447
174,Whitney Houston,73402,Dance Vault Mixes - I'm Every Woman/Who Do You Love,2006-06-06,0,https://cdn-images.dzcdn.net/images/cover/f32845e2f27a7b50a2012a15c61def68/250x250-000000-80-0-0.jpg,https://www.deezer.com/album/73402
174,Whitney Houston,73355,Dance Vault Remixes - I Learned from the Best,2006-05-02,0,https://cdn-images.dzcdn.net/images/cover/4c58fe0f905794d650e4c14ef5f11d0b/250x250-000000-80-0-0.jpg,https://www.deezer.com/album/73355
174,Whitney Houston,220453,Dance Vault Remixes - It's Not Right But It's Okay,2006-05-02,0,https://cdn-images.dzcdn.net/images/cover/7b4f3812207263eacc32077c424fd8a9/250x250-000000-80-0-0.jpg,https://www.deezer.com/album/220453
174,Whitney Houston,8815209,Dance Vault Mixes - Queen Of The Night,2014-10-07,0,https://cdn-images.dzcdn.net/images/cover/cbcbdea6f43acfc5eed46644fdaf4886/250x250-000000-80-0-0.jpg,https://www.deezer.com/album/8815209
174,Whitney Houston,1208832,One Wish / The Holiday Album,2003-11-18,0,https://cdn-images.dzcdn.net/images/cover/bd5e8f01282110d880b1a68ae4c3e1ff/250x250-000000-80-0-0.jpg,https://www.deezer.com/album/1208832
174,Whitney Houston,268083602,One Wish (The Holiday Album) (Deluxe Version),2003-11-18,0,https://cdn-images.dzcdn.net/images/cover/5635b1ba4481b8b957084189dc896b7f/250x250-000000-80-0-0.jpg,https://www.deezer.com/album/268083602
174,Whitney Houston,1422883,Love That Man,2003-06-03,0,https://cdn-images.dzcdn.net/images/cover/2eb440974398e22d40ea5c49bcda91be/250x250-000000-80-0-0.jpg,https://www.deezer.com/album/1422883
174,Whitney Houston,1421995,Just Whitney,1998-12-30,0,https://cdn-images.dzcdn.net/images/cover/b85f53945c8e0c3429c823dbaaebaad8/250x250-000000-80-0-0.jpg,https://www.deezer.com/album/1421995
174,Whitney Houston,771244231,Whitney The Greatest Hits,2000-05-16,0,https://cdn-images.dzcdn.net/images/cover/7ec060322714f071dad7877f64f742d7/250x250-000000-80-0-0.jpg,https://www.deezer.com/album/771244231
174,Whitney Houston,4622251,Dance Vault Mixes - The Unreleased Mixes (Special Collector's Box Set),2006-07-11,0,https://cdn-images.dzcdn.net/images/cover/d588ac157db94f28510e6b8e7433c214/250x250-000000-80-0-0.jpg,https://www.deezer.com/album/4622251
174,Whitney Houston,107854,My Love Is Your Love,1998-11-16,0,https://cdn-images.dzcdn.net/images/cover/5116544ed84bc468877d02fcfe4bf8f6/250x250-000000-80-0-0.jpg,https://www.deezer.com/album/107854
174,Whitney Houston,107847,The Preacher's Wife,1996-11-25,0,https://cdn-images.dzcdn.net/images/cover/b3f90d1f90378200ab20badd145c8121/250x250-000000-80-0-0.jpg,https://www.deezer.com/album/107847
174,Whitney Houston,708692,The Bodyguard - Original Soundtrack Album,1992-11-16,0,https://cdn-images.dzcdn.net/images/cover/d071ab8d81111be6434c2f2cf372ab13/250x250-000000-80-0-0.jpg,https://www.deezer.com/album/708692
174,Whitney Houston,469615135,I'm Your Baby Tonight (EP),1990-11-06,0,https://cdn-images.dzcdn.net/images/cover/b5da4b50fa5de016a3ba25d998c20522/250x250-000000-80-0-0.jpg,https://www.deezer.com/album/469615135
174,Whitney Houston,753328,I'm Your Baby Tonight,2007-02-27,0,https://cdn-images.dzcdn.net/images/cover/ae3c96eda6ff123bf537b78387d4a11d/250x250-000000-80-0-0.jpg,https://www.deezer.com/album/753328
174,Whitney Houston,248940842,So Emotional (Remixes),1987-10-12,0,https://cdn-images.dzcdn.net/images/cover/ecb5ebce6a55fb0ec36d8e75021f3b72/250x250-000000-80-0-0.jpg,https://www.deezer.com/album/248940842
174,Whitney Houston,7530488,Whitney,1987-12-16,0,https://cdn-images.dzcdn.net/images/cover/26b5030b971a5fd363f82cad8cff7453/250x250-000000-80-0-0.jpg,https://www.deezer.com/album/7530488
174,Whitney Houston,168633822,Whitney Dancin' Special,1986-11-01,0,https://cdn-images.dzcdn.net/images/cover/22caa31293d98edec1bacc4528351514/250x250-000000-80-0-0.jpg,https://www.deezer.com/album/168633822
174,Whitney Houston,121439,Whitney Houston,1985-04-29,0,https://cdn-images.dzcdn.net/images/cover/e5712b346f0ca0f167da8ffd7588db3f/250x250-000000-80-0-0.jpg,https://www.deezer.com/album/121439
174,Whitney Houston,474982,Whitney Houston (The Deluxe Anniversary Edition),1985-02-14,0,https://cdn-images.dzcdn.net/images/cover/ac85bc3f01075fd854ff04f4446a7d6e/250x250-000000-80-0-0.jpg,https://www.deezer.com/album/474982
174,Whitney Houston,8824059,Try It On My Own (Thunderpuss Club Anthem Mix),2014-10-14,0,https://cdn-images.dzcdn.net/images/cover/ed125f7d132f3e6b94c0add01daa745b/250x250-000000-80-0-0.jpg,https://www.deezer.com/album/8824059
174,Whitney Houston,438517,I Didn't Know My Own Strength Remixes,2009-11-06,0,https://cdn-images.dzcdn.net/images/cover/2222c8dddae28721f2aeae74bdd9e3b4/250x250-000000-80-0-0.jpg,https://www.deezer.com/album/438517
174,Whitney Houston,73457,Dance Vault Mixes - Heartbreak Hotel (feat. Faith Evans & Kelly Price),2006-07-04,0,https://cdn-images.dzcdn.net/images/cover/93749394ac232393c421a8e5126c3091/250x250-000000-80-0-0.jpg,https://www.deezer.com/album/73457
174,Whitney Houston,73401,Dance Vault Mixes - Love Will Save The Day,2006-06-06,0,https://cdn-images.dzcdn.net/images/cover/c9fed8fdaa85bf556d13d3d4b4c1839f/250x250-000000-80-0-0.jpg,https://www.deezer.com/album/73401
174,Whitney Houston,98403,VH1 Divas Live 1999 - Whitney Houston,1999-11-01,0,https://cdn-images.dzcdn.net/images/cover/ecb38b065ff81bdcea79da573fb787f3/250x250-000000-80-0-0.jpg,https://www.deezer.com/album/98403
174,Whitney Houston,654442151,"I Have Nothing (Live in Kings Park Stadium, Durban, South Africa - November 8, 1994)",2024-10-15,0,https://cdn-images.dzcdn.net/images/cover/e98a783709bebfd81792acad86edd930/250x250-000000-80-0-0.jpg,https://www.deezer.com/album/654442151
174,Whitney Houston,641444231,"Love Will Save the Day (Live in Kings Park Stadium, Durban, South Africa - November 8, 1994)",2024-09-17,0,https://cdn-images.dzcdn.net/images/cover/e98a783709bebfd81792acad86edd930/250x250-000000-80-0-0.jpg,https://www.deezer.com/album/641444231
174,Whitney Houston,395194247,Don't Cry For Me (Thunderpuss Reunion Remix),2023-01-18,0,https://cdn-images.dzcdn.net/images/cover/0dc7e1e85e05c4013e8fccc4ddac622c/250x250-000000-80-0-0.jpg,https://www.deezer.com/album/395194247
174,Whitney Houston,331256547,I Wanna Dance with Somebody (Who Loves Me) (David Solomon Remix),2022-07-08,0,https://cdn-images.dzcdn.net/images/cover/e95c16fb7466bcd41ef949c846d47ebc/250x250-000000-80-0-0.jpg,https://www.deezer.com/album/331256547
174,Whitney Houston,258824392,How Will I Know,2021-09-24,0,https://cdn-images.dzcdn.net/images/cover/83174b2c8d4a3d73286e0cb879023c5a/250x250-000000-80-0-0.jpg,https://www.deezer.com/album/258824392
174,Whitney Houston,201760302,The Star Spangled Banner (feat. The Florida Orchestra) (Live from Super Bowl XXV),2021-01-27,0,https://cdn-images.dzcdn.net/images/cover/fa4d755fc9d9743d36def4cda5b2170f/250x250-000000-80-0-0.jpg,https://www.deezer.com/album/201760302
174,Whitney Houston,101343482,Higher Love,2019-06-28,0,https://cdn-images.dzcdn.net/images/cover/5f45ec14c6cc67e1428a60e3548be46c/250x250-000000-80-0-0.jpg,https://www.deezer.com/album/101343482
174,Whitney Houston,9555662,How Will I Know (Oliver Nelson Remix),2015-01-27,0,https://cdn-images.dzcdn.net/images/cover/4419c63f624cc872597d13ae450147bb/250x250-000000-80-0-0.jpg,https://www.deezer.com/album/9555662
174,Whitney Houston,8815207,Try It On My Own (Pound Boys Mix),2014-10-14,0,https://cdn-images.dzcdn.net/images/cover/3cdf06bbcfb2e23a20f882cdd5488722/250x250-000000-80-0-0.jpg,https://www.deezer.com/album/8815207
174,Whitney Houston,438521,I Look To You Remixes,2009-11-06,0,https://cdn-images.dzcdn.net/images/cover/937f859ea71bb7c89d284af1dd815e44/250x250-000000-80-0-0.jpg,https://www.deezer.com/album/438521
174,Whitney Houston,8815217,Whatchulookinat (feat. P. Diddy),2002-09-17,0,https://cdn-images.dzcdn.net/images/cover/131508ba4db19fe35a16a9c998377654/250x250-000000-80-0-0.jpg,https://www.deezer.com/album/8815217
174,Whitney Houston,1391466,The Star Spangled Banner/America The Beautiful,1991-02-12,0,https://cdn-images.dzcdn.net/images/cover/cfea17d688a0d56fbf9f5ff857e1430e/250x250-000000-80-0-0.jpg,https://www.deezer.com/album/1391466
174,Whitney Houston,249265532,Feels So Good / Takin' A Chance,1990-11-06,0,https://cdn-images.dzcdn.net/images/cover/6801bc82dca6069afacdbbb9510d5bc1/250x250-000000-80-0-0.jpg,https://www.deezer.com/album/249265532
174,Whitney Houston,249009192,Didn't We Almost Have It All,1987-08-13,0,https://cdn-images.dzcdn.net/images/cover/6ee1f587407edd0502492b722548ad7b/250x250-000000-80-0-0.jpg,https://www.deezer.com/album/249009192
4651129,Curtis Harding,753398561,Departures & Arrivals: Adventures of Captain Curt,2025-09-05,0,https://cdn-images.dzcdn.net/images/cover/05b5d8a71ca184429f2708dfc99d67e6/250x250-000000-80-0-0.jpg,https://www.deezer.com/album/753398561
4651129,Curtis Harding,247979822,If Words Were Flowers,2021-11-05,0,https://cdn-images.dzcdn.net/images/cover/21f924f0df4b7eb2e9282c2fa32093e9/250x250-000000-80-0-0.jpg,https://www.deezer.com/album/247979822
4651129,Curtis Harding,49039712,Face Your Fear,2017-10-27,0,https://cdn-images.dzcdn.net/images/cover/8ca5b6b7095325ee9bb0cfe1a4dbbf0f/250x250-000000-80-0-0.jpg,https://www.deezer.com/album/49039712
4651129,Curtis Harding,43865811,Soul Power,2014-05-06,0,https://cdn-images.dzcdn.net/images/cover/ffc61b118a96debbf0624b30bf7cdcd3/250x250-000000-80-0-0.jpg,https://www.deezer.com/album/43865811
4651129,Curtis Harding,730021871,There She Goes,2025-04-23,0,https://cdn-images.dzcdn.net/images/cover/31b4f2bc9b64c24c74ff607a39e206b0/250x250-000000-80-0-0.jpg,https://www.deezer.com/album/730021871
4651129,Curtis Harding,236090052,I Won't Let You Down,2021-07-07,0,https://cdn-images.dzcdn.net/images/cover/46602d696e749273d826a4eb50af1d66/250x250-000000-80-0-0.jpg,https://www.deezer.com/album/236090052
4651129,Curtis Harding,224895672,Hopeful,2021-05-18,0,https://cdn-images.dzcdn.net/images/cover/ea94ed1232c6286201b1687f400da71c/250x250-000000-80-0-0.jpg,https://www.deezer.com/album/224895672
4651129,Curtis Harding,76609082,Where We Are (Single),2018-10-26,0,https://cdn-images.dzcdn.net/images/cover/811c64788ea9b8ebfa672df53711d6a1/250x250-000000-80-0-0.jpg,https://www.deezer.com/album/76609082
4651129,Curtis Harding,63993212,It's Not Over (Single),2018-06-05,0,https://cdn-images.dzcdn.net/images/cover/93db17601112a957e096cd943d44871e/250x250-000000-80-0-0.jpg,https://www.deezer.com/album/63993212
4651129,Curtis Harding,43870171,On And On (Edit),2017-06-27,0,https://cdn-images.dzcdn.net/images/cover/fd058c3d90586dc927e68a227763b879/250x250-000000-80-0-0.jpg,https://www.deezer.com/album/43870171
1342,Ray Charles,522485322,Ray Charles Essentials: The Greatest Feel Good Jazz and Soul Hits,2024-01-05,0,https://cdn-images.dzcdn.net/images/cover/47606d896e54236181874de539cb49f0/250x250-000000-80-0-0.jpg,https://www.deezer.com/album/522485322
1342,Ray Charles,233023502,True Genius,2021-09-10,0,https://cdn-images.dzcdn.net/images/cover/8e0e1e3f2854791bb4915ea74ea64b0a/250x250-000000-80-0-0.jpg,https://www.deezer.com/album/233023502
1342,Ray Charles,85668652,The Atlantic Hits,2019-02-08,0,https://cdn-images.dzcdn.net/images/cover/7020eaa832efba71f069a4cf2a241c81/250x250-000000-80-0-0.jpg,https://www.deezer.com/album/85668652
1342,Ray Charles,14577990,The Best Of,2016-12-16,0,https://cdn-images.dzcdn.net/images/cover/0080b664e4bc65b156d7aa38bc78d2ee/250x250-000000-80-0-0.jpg,https://www.deezer.com/album/14577990
1342,Ray Charles,14101528,The Atlantic Studio Albums in Mono (Remaster),2016-09-23,0,https://cdn-images.dzcdn.net/images/cover/0ea17ad3748a3b1b69db8897e1eac793/250x250-000000-80-0-0.jpg,https://www.deezer.com/album/14101528
1342,Ray Charles,7844741,I Believe to my Soul - Best of,2014-06-09,0,https://cdn-images.dzcdn.net/images/cover/276d3bdc82fb10dd5906c2f9969ff55d/250x250-000000-80-0-0.jpg,https://www.deezer.com/album/7844741
1342,Ray Charles,1487659,Original Album Series,2012-01-13,0,https://cdn-images.dzcdn.net/images/cover/e9e244d0ace145d5650a1d4f8b2dd049/250x250-000000-80-0-0.jpg,https://www.deezer.com/album/1487659
1342,Ray Charles,83261,Definitive Soul: Ray Charles,2007-02-05,0,https://cdn-images.dzcdn.net/images/cover/b9c56b26f517014c0709757afa2b32a4/250x250-000000-80-0-0.jpg,https://www.deezer.com/album/83261
1342,Ray Charles,83616702,The Essential Blue Archive: The Soul of a Man,2007-01-26,0,https://cdn-images.dzcdn.net/images/cover/bc46ca78ed8a21ad9b79420d9e87c7f0/250x250-000000-80-0-0.jpg,https://www.deezer.com/album/83616702
1342,Ray Charles,360782,Pure Genius: The Complete Atlantic Recordings 1952-1959,2005-09-20,0,https://cdn-images.dzcdn.net/images/cover/ca7481e005d666ada86a86d65a3dd07f/250x250-000000-80-0-0.jpg,https://www.deezer.com/album/360782
1342,Ray Charles,73962,Friendship,2005-07-11,0,https://cdn-images.dzcdn.net/images/cover/d6571e32d4b2bba30d9a047a69c578b7/250x250-000000-80-0-0.jpg,https://www.deezer.com/album/73962
1342,Ray Charles,90197,The Great Hits of Ray Charles Recorded on 8-Track Stereo,2005-01-18,0,https://cdn-images.dzcdn.net/images/cover/dad44ed3c601bebe7398dce9456ea826/250x250-000000-80-0-0.jpg,https://www.deezer.com/album/90197
1342,Ray Charles,72031,Collections,2006-01-01,0,https://cdn-images.dzcdn.net/images/cover/338185e646ae98de368c2a3accfedacd/250x250-000000-80-0-0.jpg,https://www.deezer.com/album/72031
1342,Ray Charles,81320,The Best of Ray Charles: The Atlantic Years,1994-07-05,0,https://cdn-images.dzcdn.net/images/cover/921af5e3064dd6b15e7ebdf95ebe42e9/250x250-000000-80-0-0.jpg,https://www.deezer.com/album/81320
1342,Ray Charles,1209038,Friendship,1992-09-09,0,https://cdn-images.dzcdn.net/images/cover/10c97e0307d80982929275f1821fecf5/250x250-000000-80-0-0.jpg,https://www.deezer.com/album/1209038
1342,Ray Charles,344489,The Birth of Soul,1991-09-24,0,https://cdn-images.dzcdn.net/images/cover/49f12fe2d23a60cc33a15d6e3a3a441c/250x250-000000-80-0-0.jpg,https://www.deezer.com/album/344489
1342,Ray Charles,101567,Ray Charles & Friends / Super Hits,2006-01-01,0,https://cdn-images.dzcdn.net/images/cover/5133538914c8e273589a634f2bf035ad/250x250-000000-80-0-0.jpg,https://www.deezer.com/album/101567
1342,Ray Charles,112682,Ray Charles & Friends/Super Hits,1998-02-17,0,https://cdn-images.dzcdn.net/images/cover/5133538914c8e273589a634f2bf035ad/250x250-000000-80-0-0.jpg,https://www.deezer.com/album/112682
1342,Ray Charles,395182,Soul Brothers/Soul Meeting,1989-02-14,0,https://cdn-images.dzcdn.net/images/cover/767834da90578f5c732cfa750d7a9b4b/250x250-000000-80-0-0.jpg,https://www.deezer.com/album/395182
1342,Ray Charles,82985,Ray Charles Live (Ray Charles),2008-01-21,0,https://cdn-images.dzcdn.net/images/cover/72c040d28fb132ad916886ece3f0c8b2/250x250-000000-80-0-0.jpg,https://www.deezer.com/album/82985
1342,Ray Charles,90262,The Ray Charles Story Volume 4,2005-01-18,0,https://cdn-images.dzcdn.net/images/cover/7c1033e59c0b3518a2f50ef8420d1cdc/250x250-000000-80-0-0.jpg,https://www.deezer.com/album/90262
1342,Ray Charles,90216,The Ray Charles Story Volume 1,2005-01-18,0,https://cdn-images.dzcdn.net/images/cover/4dff64569c25553d65c79d4ae49f3bf5/250x250-000000-80-0-0.jpg,https://www.deezer.com/album/90216
1342,Ray Charles,90237,The Ray Charles Story Volume 2,2005-01-18,0,https://cdn-images.dzcdn.net/images/cover/85e1f70b97bbcc927e952e44b5b207ee/250x250-000000-80-0-0.jpg,https://www.deezer.com/album/90237
1342,Ray Charles,90256,The Ray Charles Story Volume 3,2005-01-18,0,https://cdn-images.dzcdn.net/images/cover/2e9a38ded8b33b3b1d51a57a9d2bb99e/250x250-000000-80-0-0.jpg,https://www.deezer.com/album/90256
1342,Ray Charles,90318,The Genius Sings the Blues,2011-10-01,0,https://cdn-images.dzcdn.net/images/cover/0ea17ad3748a3b1b69db8897e1eac793/250x250-000000-80-0-0.jpg,https://www.deezer.com/album/90318
1342,Ray Charles,8864365,The Genius Sings the Blues (Mono),2011-10-01,0,https://cdn-images.dzcdn.net/images/cover/c4b6d046391640f84a5024b87c65eed0/250x250-000000-80-0-0.jpg,https://www.deezer.com/album/8864365
1342,Ray Charles,90166,The Genius After Hours,2005-01-18,0,https://cdn-images.dzcdn.net/images/cover/98bf222df44ab227f1d26fe0e112c199/250x250-000000-80-0-0.jpg,https://www.deezer.com/album/90166
1342,Ray Charles,90162,Ray Charles In Person,2005-01-18,0,https://cdn-images.dzcdn.net/images/cover/bb07ae8c197e1d150c063cadd55ed843/250x250-000000-80-0-0.jpg,https://www.deezer.com/album/90162
1342,Ray Charles,111953562,The Genius Hits the Road,2019-09-20,0,https://cdn-images.dzcdn.net/images/cover/9374a58336bd2cf42e2312e08fb5143e/250x250-000000-80-0-0.jpg,https://www.deezer.com/album/111953562
1342,Ray Charles,90182,The Genius Of Ray Charles,1975-06-24,0,https://cdn-images.dzcdn.net/images/cover/11a3d8893fef85dde13313f7a95dd542/250x250-000000-80-0-0.jpg,https://www.deezer.com/album/90182
1342,Ray Charles,90276,What'd I Say,2005-01-18,0,https://cdn-images.dzcdn.net/images/cover/933ac99bcf5676740ed8a669bd9ef54b/250x250-000000-80-0-0.jpg,https://www.deezer.com/album/90276
1342,Ray Charles,90292,Yes Indeed!,2005-01-18,0,https://cdn-images.dzcdn.net/images/cover/33955461a126b6266fc49adfa0d93c4d/250x250-000000-80-0-0.jpg,https://www.deezer.com/album/90292
1342,Ray Charles,5667761,Ray Charles At Newport,2012-05-08,0,https://cdn-images.dzcdn.net/images/cover/4332c03264fd14006893b8f52d98d127/250x250-000000-80-0-0.jpg,https://www.deezer.com/album/5667761
1342,Ray Charles,111954172,Soul Brothers,2012-08-23,0,https://cdn-images.dzcdn.net/images/cover/50d984dcd486287682f9f33d82d8f41b/250x250-000000-80-0-0.jpg,https://www.deezer.com/album/111954172
1342,Ray Charles,497760,The Great Ray Charles,1987-04-14,0,https://cdn-images.dzcdn.net/images/cover/ba9361c3c91ce1ead218a0271939201b/250x250-000000-80-0-0.jpg,https://www.deezer.com/album/497760
1342,Ray Charles,90153,"Ray Charles (aka: Hallelujah, I Love Her So)",2005-01-18,0,https://cdn-images.dzcdn.net/images/cover/d4e478dc78e148408065a771da8c6cc3/250x250-000000-80-0-0.jpg,https://www.deezer.com/album/90153
1342,Ray Charles,87311,Ray (International),2005-03-23,0,https://cdn-images.dzcdn.net/images/cover/5e1a0ffbf4f06dc794557cc4529eecc1/250x250-000000-80-0-0.jpg,https://www.deezer.com/album/87311
1342,Ray Charles,392092,What'd I Say (Pt.1 & 2) (Digital 45),2009-09-15,0,https://cdn-images.dzcdn.net/images/cover/395d69d680317c03fe4e6b130367e6b0/250x250-000000-80-0-0.jpg,https://www.deezer.com/album/392092
1342,Ray Charles,6229049,What'd I Say (Pt. 1 & 2.) (Digital 45 w/PDF),2009-09-15,0,https://cdn-images.dzcdn.net/images/cover/395d69d680317c03fe4e6b130367e6b0/250x250-000000-80-0-0.jpg,https://www.deezer.com/album/6229049
104,Ne-Yo,372556057,Another Kind Of Christmas (Deluxe Edition),2022-11-11,0,https://cdn-images.dzcdn.net/images/cover/b2d533673e3f21121def2f7a4a71c099/250x250-000000-80-0-0.jpg,https://www.deezer.com/album/372556057
104,Ne-Yo,333970927,Self Explanatory,2022-07-15,0,https://cdn-images.dzcdn.net/images/cover/7f15341ea907dababcfcedebc247102d/250x250-000000-80-0-0.jpg,https://www.deezer.com/album/333970927
104,Ne-Yo,113849172,Another Kind Of Christmas,2019-10-11,0,https://cdn-images.dzcdn.net/images/cover/89cfb6e1f8fd7cbac390f7ae4bd2b1c1/250x250-000000-80-0-0.jpg,https://www.deezer.com/album/113849172
104,Ne-Yo,65019352,GOOD MAN (Deluxe),2018-06-08,0,https://cdn-images.dzcdn.net/images/cover/e6dc9dee21e8dbaa9313406f82c9d9c9/250x250-000000-80-0-0.jpg,https://www.deezer.com/album/65019352
104,Ne-Yo,9593476,Non-Fiction (Deluxe),2015-02-16,0,https://cdn-images.dzcdn.net/images/cover/c660cc57c3e6351e20cec648e956d733/250x250-000000-80-0-0.jpg,https://www.deezer.com/album/9593476
104,Ne-Yo,9593478,Non-Fiction,2015-02-16,0,https://cdn-images.dzcdn.net/images/cover/daf58656879b2780a55330e4684bc07d/250x250-000000-80-0-0.jpg,https://www.deezer.com/album/9593478
104,Ne-Yo,6058397,R.E.D. (Deluxe Edition),2012-11-06,0,https://cdn-images.dzcdn.net/images/cover/13a5fae9ef2b362718fd963d02af49d5/250x250-000000-80-0-0.jpg,https://www.deezer.com/album/6058397
104,Ne-Yo,6058398,R.E.D.,2012-11-06,0,https://cdn-images.dzcdn.net/images/cover/13a5fae9ef2b362718fd963d02af49d5/250x250-000000-80-0-0.jpg,https://www.deezer.com/album/6058398
104,Ne-Yo,686274,Libra Scale,2010-01-01,0,https://cdn-images.dzcdn.net/images/cover/be1dcc51e5d3a82f72ecec2d285d915e/250x250-000000-80-0-0.jpg,https://www.deezer.com/album/686274
104,Ne-Yo,213284,Year Of The Gentleman,2008-01-01,0,https://cdn-images.dzcdn.net/images/cover/e3e95eca074ea06bbfcd7647f0c757c6/250x250-000000-80-0-0.jpg,https://www.deezer.com/album/213284
104,Ne-Yo,629158,Closer (Remixes),2008-01-01,0,https://cdn-images.dzcdn.net/images/cover/8ce2666b9993c5f5726238e86b64e0a7/250x250-000000-80-0-0.jpg,https://www.deezer.com/album/629158
104,Ne-Yo,320925247,Year Of The Gentleman (Bonus Track Edition),2008-09-15,0,https://cdn-images.dzcdn.net/images/cover/9736aaede93d2d7f6b0a0619f9f16128/250x250-000000-80-0-0.jpg,https://www.deezer.com/album/320925247
104,Ne-Yo,118918,Because Of You,2007-01-01,0,https://cdn-images.dzcdn.net/images/cover/a43959834621942aa43a1aded17d3fbe/250x250-000000-80-0-0.jpg,https://www.deezer.com/album/118918
104,Ne-Yo,208835042,In My Own Words (Deluxe 15th Anniversary Edition),2021-02-26,0,https://cdn-images.dzcdn.net/images/cover/4301de953a04c768800590fe60ec09d7/250x250-000000-80-0-0.jpg,https://www.deezer.com/album/208835042
104,Ne-Yo,161502,In My Own Words,2006-01-01,0,https://cdn-images.dzcdn.net/images/cover/ad97c751643e185a348fb13199c49944/250x250-000000-80-0-0.jpg,https://www.deezer.com/album/161502
104,Ne-Yo,521623002,Another Kind Of Christmas Reimagined,2023-12-16,0,https://cdn-images.dzcdn.net/images/cover/5283aa979f1d031d4a8de9c1f0b90c3f/250x250-000000-80-0-0.jpg,https://www.deezer.com/album/521623002
104,Ne-Yo,258037932,What Was,2021-09-17,0,https://cdn-images.dzcdn.net/images/cover/396d296942996d706d478e93f6dc6ad0/250x250-000000-80-0-0.jpg,https://www.deezer.com/album/258037932
104,Ne-Yo,176489352,"This one is for you, u and you",2020-10-06,0,https://cdn-images.dzcdn.net/images/cover/7be91ce63777d7ed1576a5d43c2899a9/250x250-000000-80-0-0.jpg,https://www.deezer.com/album/176489352
104,Ne-Yo,103187,Closer (Remix EP # 2),2008-01-01,0,https://cdn-images.dzcdn.net/images/cover/3883554b85916e58db2271143430098f/250x250-000000-80-0-0.jpg,https://www.deezer.com/album/103187
104,Ne-Yo,123028,Closer (Remix EP),2008-01-01,0,https://cdn-images.dzcdn.net/images/cover/3883554b85916e58db2271143430098f/250x250-000000-80-0-0.jpg,https://www.deezer.com/album/123028
104,Ne-Yo,803242231,Over Under (Remix),2025-08-15,0,https://cdn-images.dzcdn.net/images/cover/3b97f73020ef1005f13a7d30e5056981/250x250-000000-80-0-0.jpg,https://www.deezer.com/album/803242231
104,Ne-Yo,764125251,Sweet Gurl,2025-06-18,0,https://cdn-images.dzcdn.net/images/cover/bfd8d9700cb34c530fa2c80fb29ddcad/250x250-000000-80-0-0.jpg,https://www.deezer.com/album/764125251
104,Ne-Yo,764764521,"NOT THE SAME (from the Short Film ""Red Clay"")",2025-06-10,0,https://cdn-images.dzcdn.net/images/cover/93dcb14baa820b20d6baf8384a0cb1ac/250x250-000000-80-0-0.jpg,https://www.deezer.com/album/764764521
104,Ne-Yo,747851341,EU E TU,2025-05-09,0,https://cdn-images.dzcdn.net/images/cover/2260ad2167348afc88600e429380285d/250x250-000000-80-0-0.jpg,https://www.deezer.com/album/747851341
104,Ne-Yo,678970951,Show Me,2024-12-13,0,https://cdn-images.dzcdn.net/images/cover/fb97853be35eba97728307a5aad3cbca/250x250-000000-80-0-0.jpg,https://www.deezer.com/album/678970951
104,Ne-Yo,639714631,2 The Moon (The Remixes),2024-09-20,0,https://cdn-images.dzcdn.net/images/cover/d1dcaba33f436533382bcf144d5d6df9/250x250-000000-80-0-0.jpg,https://www.deezer.com/album/639714631
104,Ne-Yo,597436692,2 Million Secrets,2024-06-14,0,https://cdn-images.dzcdn.net/images/cover/6f600202a2ef264b6a6afd0c91eb5b6d/250x250-000000-80-0-0.jpg,https://www.deezer.com/album/597436692
104,Ne-Yo,598337602,2 Million Secrets,2024-06-13,0,https://cdn-images.dzcdn.net/images/cover/863346bf11f4550e9884ddd43fc1677b/250x250-000000-80-0-0.jpg,https://www.deezer.com/album/598337602
104,Ne-Yo,593612952,2 The Moon,2024-06-07,0,https://cdn-images.dzcdn.net/images/cover/6ee50f52f71b292bca28dcdfa114cbdd/250x250-000000-80-0-0.jpg,https://www.deezer.com/album/593612952
104,Ne-Yo,551988962,Sage,2024-03-01,0,https://cdn-images.dzcdn.net/images/cover/222a724439f6eca6a6cd4bef73bf9a80/250x250-000000-80-0-0.jpg,https://www.deezer.com/album/551988962
104,Ne-Yo,505338041,Link Up (Remix),2023-11-03,0,https://cdn-images.dzcdn.net/images/cover/a431f515e49815eea60fce885077d61e/250x250-000000-80-0-0.jpg,https://www.deezer.com/album/505338041
104,Ne-Yo,491241285,Link Up,2023-09-29,0,https://cdn-images.dzcdn.net/images/cover/39c8f8c976f8d284e902534be5156653/250x250-000000-80-0-0.jpg,https://www.deezer.com/album/491241285
104,Ne-Yo,447984115,Mexico (Kasango Remix),2023-06-23,0,https://cdn-images.dzcdn.net/images/cover/1e9b2dfdae9b92bd966116900eb739aa/250x250-000000-80-0-0.jpg,https://www.deezer.com/album/447984115
104,Ne-Yo,400888737,Mexico,2023-03-03,0,https://cdn-images.dzcdn.net/images/cover/11970d81aff8f7105bf74a78daecdb50/250x250-000000-80-0-0.jpg,https://www.deezer.com/album/400888737
104,Ne-Yo,374022967,"Step Up: Season 3, Episode 9 (Original Soundtrack)",2022-12-11,0,https://cdn-images.dzcdn.net/images/cover/b1472eeacd0a55a11a03205d1038214d/250x250-000000-80-0-0.jpg,https://www.deezer.com/album/374022967
104,Ne-Yo,366072117,"Step Up: Season 3, Episode 7 (Original Soundtrack)",2022-11-27,0,https://cdn-images.dzcdn.net/images/cover/809290b5154b805ba6d9bbf65fbe5ce7/250x250-000000-80-0-0.jpg,https://www.deezer.com/album/366072117
104,Ne-Yo,365337787,"Won't Keep Me Down (Step Up: Season 3, Original Soundtrack)",2022-10-30,0,https://cdn-images.dzcdn.net/images/cover/f910fc3cf1662ab16c5f8245ad871959/250x250-000000-80-0-0.jpg,https://www.deezer.com/album/365337787
104,Ne-Yo,361317027,"Step Up: Season 3, Episode 1 (Original Soundtrack)",2022-10-16,0,https://cdn-images.dzcdn.net/images/cover/7e463e4d920de53dff029df1b8cc0b8f/250x250-000000-80-0-0.jpg,https://www.deezer.com/album/361317027
104,Ne-Yo,329444997,Don't Love Me - A COLORS SHOW,2022-06-22,0,https://cdn-images.dzcdn.net/images/cover/5e16ae4ef000e576edbb309266318f18/250x250-000000-80-0-0.jpg,https://www.deezer.com/album/329444997
104,Ne-Yo,322433207,You Got The Body,2022-06-17,0,https://cdn-images.dzcdn.net/images/cover/7f15341ea907dababcfcedebc247102d/250x250-000000-80-0-0.jpg,https://www.deezer.com/album/322433207
104,Ne-Yo,327827967,Never Settle,2022-06-16,0,https://cdn-images.dzcdn.net/images/cover/c157913eac78dd5926d622cf6b6f5371/250x250-000000-80-0-0.jpg,https://www.deezer.com/album/327827967
104,Ne-Yo,305968757,Don't Love Me,2022-05-13,0,https://cdn-images.dzcdn.net/images/cover/613817c9cdb408a5d595e54c06c00ef3/250x250-000000-80-0-0.jpg,https://www.deezer.com/album/305968757
104,Ne-Yo,296517202,FriendZone,2022-02-25,0,https://cdn-images.dzcdn.net/images/cover/98bb0bc3f4433ae41509821eb68776ab/250x250-000000-80-0-0.jpg,https://www.deezer.com/album/296517202
104,Ne-Yo,294234592,Bad Habits,2022-02-11,0,https://cdn-images.dzcdn.net/images/cover/56e078c44304aa1c10a6e914fb508ded/250x250-000000-80-0-0.jpg,https://www.deezer.com/album/294234592
104,Ne-Yo,277276162,Stay Down,2021-12-10,0,https://cdn-images.dzcdn.net/images/cover/bb620eb72ff040a8ca06eef516e8c7be/250x250-000000-80-0-0.jpg,https://www.deezer.com/album/277276162
104,Ne-Yo,499533751,Let Me Go,2021-10-22,0,https://cdn-images.dzcdn.net/images/cover/7799edcb89d8b26e09cd9f212ad95bbc/250x250-000000-80-0-0.jpg,https://www.deezer.com/album/499533751
104,Ne-Yo,259478782,What If,2021-09-24,0,https://cdn-images.dzcdn.net/images/cover/9f4c4929174d34963596ffeded436d1d/250x250-000000-80-0-0.jpg,https://www.deezer.com/album/259478782
104,Ne-Yo,255294882,Raider Colors (feat. DJ Nina 9 & Rayven Justice),2021-09-10,0,https://cdn-images.dzcdn.net/images/cover/44554f797b677e0ec3d7211708568716/250x250-000000-80-0-0.jpg,https://www.deezer.com/album/255294882
104,Ne-Yo,207149642,Shake,2021-02-19,0,https://cdn-images.dzcdn.net/images/cover/4f199a0542642c3b5386985b1a872f5a/250x250-000000-80-0-0.jpg,https://www.deezer.com/album/207149642
104,Ne-Yo,180839642,U 2 Luv (Remix),2020-10-23,0,https://cdn-images.dzcdn.net/images/cover/8b1000209ee2462258648a6442550341/250x250-000000-80-0-0.jpg,https://www.deezer.com/album/180839642
104,Ne-Yo,178513492,U 2 Luv (Shift K3Y Remix),2020-10-16,0,https://cdn-images.dzcdn.net/images/cover/507ff6f103e79e52fdfff9d3264e010b/250x250-000000-80-0-0.jpg,https://www.deezer.com/album/178513492
104,Ne-Yo,150702022,U 2 Luv,2020-05-29,0,https://cdn-images.dzcdn.net/images/cover/efb8d87b338c0e9304ae5845bb66ce62/250x250-000000-80-0-0.jpg,https://www.deezer.com/album/150702022
104,Ne-Yo,132755812,Pinky Ring,2020-02-21,0,https://cdn-images.dzcdn.net/images/cover/35ce9c56d72abbd731881d11f240ba21/250x250-000000-80-0-0.jpg,https://www.deezer.com/album/132755812
104,Ne-Yo,128110722,Me Quedaré Contigo (Shndō Remix),2020-01-31,0,https://cdn-images.dzcdn.net/images/cover/4192ca18af610970980ed604dfaeb817/250x250-000000-80-0-0.jpg,https://www.deezer.com/album/128110722
104,Ne-Yo,117616052,New Man (1500 or Nothin' Remix),2019-12-27,0,https://cdn-images.dzcdn.net/images/cover/e9fe5a9690129503c86e8865734b295c/250x250-000000-80-0-0.jpg,https://www.deezer.com/album/117616052
104,Ne-Yo,64573422,SUMMERTIME,2018-06-01,0,https://cdn-images.dzcdn.net/images/cover/313c17952bf794e9c3ac52c1be13ecbf/250x250-000000-80-0-0.jpg,https://www.deezer.com/album/64573422
104,Ne-Yo,63112102,APOLOGY,2018-05-11,0,https://cdn-images.dzcdn.net/images/cover/e6dc9dee21e8dbaa9313406f82c9d9c9/250x250-000000-80-0-0.jpg,https://www.deezer.com/album/63112102
104,Ne-Yo,59891812,PUSH BACK,2018-03-30,0,https://cdn-images.dzcdn.net/images/cover/61615c3e47c6b51e8d78f71f4b72c7c2/250x250-000000-80-0-0.jpg,https://www.deezer.com/album/59891812
104,Ne-Yo,56362112,GOOD MAN,2018-02-08,0,https://cdn-images.dzcdn.net/images/cover/c299d271e651471365a1dda9e594986d/250x250-000000-80-0-0.jpg,https://www.deezer.com/album/56362112
104,Ne-Yo,42034061,Another Love Song,2017-05-30,0,https://cdn-images.dzcdn.net/images/cover/3d1229f4aaadf04d243ad10b348a74d8/250x250-000000-80-0-0.jpg,https://www.deezer.com/album/42034061
104,Ne-Yo,14521076,Sin Miedo,2016-11-11,0,https://cdn-images.dzcdn.net/images/cover/f9abf484f3d4b200aaafdf4b3296795d/250x250-000000-80-0-0.jpg,https://www.deezer.com/album/14521076
104,Ne-Yo,10987060,Friend Like Me,2015-08-14,0,https://cdn-images.dzcdn.net/images/cover/801d4ad1477920b5d23bcab7d82fc6b8/250x250-000000-80-0-0.jpg,https://www.deezer.com/album/10987060
104,Ne-Yo,9954422,Every Day With Love,2015-03-25,0,https://cdn-images.dzcdn.net/images/cover/0f2a0896ba97e9e199b4e0b710f2e211/250x250-000000-80-0-0.jpg,https://www.deezer.com/album/9954422
104,Ne-Yo,9154919,Time of Our Lives,2014-11-17,0,https://cdn-images.dzcdn.net/images/cover/b85ba9780a91f6f9b7aaddc8ea25feba/250x250-000000-80-0-0.jpg,https://www.deezer.com/album/9154919
104,Ne-Yo,1532483,Think Like A Man (feat. Rick Ross),2012-01-31,0,https://cdn-images.dzcdn.net/images/cover/cfd73c15f29a0902d479fa8fefd748ab/250x250-000000-80-0-0.jpg,https://www.deezer.com/album/1532483
104,Ne-Yo,942774,Give Me Everything (feat. Nayer),2011-03-21,0,https://cdn-images.dzcdn.net/images/cover/93806e3105596219e5c241af4b7e1955/250x250-000000-80-0-0.jpg,https://www.deezer.com/album/942774
104,Ne-Yo,494545,Never Knew I Needed,2010-02-05,0,https://cdn-images.dzcdn.net/images/cover/b8720ebcd1d405c72e7f9997859dd863/250x250-000000-80-0-0.jpg,https://www.deezer.com/album/494545
104,Ne-Yo,443842,Never Knew I Needed,2009-11-27,0,https://cdn-images.dzcdn.net/images/cover/9759de67c4779290bf9ffec08ea0c774/250x250-000000-80-0-0.jpg,https://www.deezer.com/album/443842
104,Ne-Yo,103038,Closer,2008-06-23,0,https://cdn-images.dzcdn.net/images/cover/8269710a3cb181a3dc6e280927d47403/250x250-000000-80-0-0.jpg,https://www.deezer.com/album/103038
104,Ne-Yo,230385,Miss Independent,2008-10-06,0,https://cdn-images.dzcdn.net/images/cover/72a54a375cafe37edd859eb42d1ac4c3/250x250-000000-80-0-0.jpg,https://www.deezer.com/album/230385
104,Ne-Yo,109011,Can We Chill,2007-10-22,0,https://cdn-images.dzcdn.net/images/cover/383929a04761f4a75fd691f11c46e578/250x250-000000-80-0-0.jpg,https://www.deezer.com/album/109011
104,Ne-Yo,118928,Because Of You,2007-04-24,0,https://cdn-images.dzcdn.net/images/cover/68f8eaa3331948bd3abb3c792f485127/250x250-000000-80-0-0.jpg,https://www.deezer.com/album/118928
104,Ne-Yo,161601,Sexy Love,2006-07-10,0,https://cdn-images.dzcdn.net/images/cover/461a641ad924182c32b09c89f864d743/250x250-000000-80-0-0.jpg,https://www.deezer.com/album/161601
104,Ne-Yo,161652,When You' re Mad,2006-11-11,0,https://cdn-images.dzcdn.net/images/cover/8e4ef085a7bc62152b0ed734b3490713/250x250-000000-80-0-0.jpg,https://www.deezer.com/album/161652
104,Ne-Yo,244970,So Sick (UK - e single),2006-03-20,0,https://cdn-images.dzcdn.net/images/cover/cfbbc74a8bae93f4e767f05dfc1381c8/250x250-000000-80-0-0.jpg,https://www.deezer.com/album/244970
104,Ne-Yo,245394,So Sick,2006-03-06,0,https://cdn-images.dzcdn.net/images/cover/08eff5d80da6fd3aeb02e064dde907cb/250x250-000000-80-0-0.jpg,https://www.deezer.com/album/245394
104,Ne-Yo,673541,Sign Me Up (Live Version - Digital Exclusive),2006-02-28,0,https://cdn-images.dzcdn.net/images/cover/8e4ef085a7bc62152b0ed734b3490713/250x250-000000-80-0-0.jpg,https://www.deezer.com/album/673541
65574,Steve Lacy,333896087,Gemini Rights,2022-07-15,0,https://cdn-images.dzcdn.net/images/cover/3b60918205a5bb30e2b2427714ec3162/250x250-000000-80-0-0.jpg,https://www.deezer.com/album/333896087
65574,Steve Lacy,186203092,The Lo-Fis,2020-12-04,0,https://cdn-images.dzcdn.net/images/cover/aab27852a05351552e9dcacdbb14ec3a/250x250-000000-80-0-0.jpg,https://www.deezer.com/album/186203092
65574,Steve Lacy,348062427,Apollo XXI,2019-05-24,0,https://cdn-images.dzcdn.net/images/cover/2f152c3d4d7a7e607e985d77339af1de/250x250-000000-80-0-0.jpg,https://www.deezer.com/album/348062427
65574,Steve Lacy,344968797,Steve Lacy's Demo,2017-02-24,0,https://cdn-images.dzcdn.net/images/cover/7514781a2e26062a0edd8ef66c52d768/250x250-000000-80-0-0.jpg,https://www.deezer.com/album/344968797
65574,Steve Lacy,803279981,Nice Shoes,2025-08-15,0,https://cdn-images.dzcdn.net/images/cover/664f748b9ae2f3692594699b4a621390/250x250-000000-80-0-0.jpg,https://www.deezer.com/album/803279981
65574,Steve Lacy,360542487,Bad Habit (Sped Up),2022-07-14,0,https://cdn-images.dzcdn.net/images/cover/61eb9d48a6d8e6d6d6742a59886fb07f/250x250-000000-80-0-0.jpg,https://www.deezer.com/album/360542487
65574,Steve Lacy,333924707,Sunshine (feat. Fousheé),2022-07-13,0,https://cdn-images.dzcdn.net/images/cover/3b60918205a5bb30e2b2427714ec3162/250x250-000000-80-0-0.jpg,https://www.deezer.com/album/333924707
65574,Steve Lacy,330862397,Bad Habit,2022-06-29,0,https://cdn-images.dzcdn.net/images/cover/61eb9d48a6d8e6d6d6742a59886fb07f/250x250-000000-80-0-0.jpg,https://www.deezer.com/album/330862397
65574,Steve Lacy,317988587,Mercury,2022-06-16,0,https://cdn-images.dzcdn.net/images/cover/1589b66ac0c1186568ae9861b7777d0a/250x250-000000-80-0-0.jpg,https://www.deezer.com/album/317988587
65574,Steve Lacy,174053042,Live Without Your Love (Solardo Remix),2020-09-25,0,https://cdn-images.dzcdn.net/images/cover/104e99187a0b807b92cc0b0dc7be4fee/250x250-000000-80-0-0.jpg,https://www.deezer.com/album/174053042
65574,Steve Lacy,164336952,Live Without Your Love (MK Remix),2020-09-11,0,https://cdn-images.dzcdn.net/images/cover/41407bb5abbd4eddc5e50f50fc7d951f/250x250-000000-80-0-0.jpg,https://www.deezer.com/album/164336952
65574,Steve Lacy,169388062,Live Without Your Love (Honey Dijon's Love Unlimited Remix),2020-09-04,0,https://cdn-images.dzcdn.net/images/cover/f5dddbfe9336ed6f2ea238fc5e0dc483/250x250-000000-80-0-0.jpg,https://www.deezer.com/album/169388062
65574,Steve Lacy,166246182,Live Without Your Love (Mark Broom Remix),2020-08-21,0,https://cdn-images.dzcdn.net/images/cover/2cc08f69ae2fcea61ea0e806dc4d7b1b/250x250-000000-80-0-0.jpg,https://www.deezer.com/album/166246182
65574,Steve Lacy,176421282,Live Without Your Love (Remixes),2020-10-02,0,https://cdn-images.dzcdn.net/images/cover/bfe04c8f6eb74f8fea71a5586a147373/250x250-000000-80-0-0.jpg,https://www.deezer.com/album/176421282
65574,Steve Lacy,162269762,Live Without Your Love (with Steve Lacy),2020-07-16,0,https://cdn-images.dzcdn.net/images/cover/7080259274eaa1ab0348d8f345152d27/250x250-000000-80-0-0.jpg,https://www.deezer.com/album/162269762
65574,Steve Lacy,353158017,Hate CD,2019-05-23,0,https://cdn-images.dzcdn.net/images/cover/037640c0cae33cfed566e2551ed8534c/250x250-000000-80-0-0.jpg,https://www.deezer.com/album/353158017
65574,Steve Lacy,348283537,Playground,2019-05-21,0,https://cdn-images.dzcdn.net/images/cover/037640c0cae33cfed566e2551ed8534c/250x250-000000-80-0-0.jpg,https://www.deezer.com/album/348283537
65574,Steve Lacy,353189727,N Side,2019-04-08,0,https://cdn-images.dzcdn.net/images/cover/d1e7687ef646ed88ec2e542779059ae2/250x250-000000-80-0-0.jpg,https://www.deezer.com/album/353189727
65574,Steve Lacy,344671267,Dark Red,2017-02-20,0,https://cdn-images.dzcdn.net/images/cover/19e761f5efadd86098265258cb4e3615/250x250-000000-80-0-0.jpg,https://www.deezer.com/album/344671267
65574,Steve Lacy,14474098,Some,2016-10-31,0,https://cdn-images.dzcdn.net/images/cover/7b75e5541f90da7042d87d3f259369ca/250x250-000000-80-0-0.jpg,https://www.deezer.com/album/14474098
65574,Steve Lacy,11013636,C U Girl,2015-02-15,0,https://cdn-images.dzcdn.net/images/cover/ae2cfd8701be2dacbc704a4ebe1cc290/250x250-000000-80-0-0.jpg,https://www.deezer.com/album/11013636
9615244,SenSey',673336831,Des rires et des pleurs (Part. II),2024-12-06,0,https://cdn-images.dzcdn.net/images/cover/58074b371ee9603066ecc9fe5e493429/250x250-000000-80-0-0.jpg,https://www.deezer.com/album/673336831
9615244,SenSey',660026841,Des rires et des pleurs,2024-10-04,0,https://cdn-images.dzcdn.net/images/cover/a2ef4ed7a28af27e03241e555d2b1bc9/250x250-000000-80-0-0.jpg,https://www.deezer.com/album/660026841
9615244,SenSey',551356832,Hokage,2023-10-27,0,https://cdn-images.dzcdn.net/images/cover/e9009c89b5fb69feb9e15629edda84cc/250x250-000000-80-0-0.jpg,https://www.deezer.com/album/551356832
9615244,SenSey',373697887,PERLE NOIRE,2022-11-18,0,https://cdn-images.dzcdn.net/images/cover/4f27d7b46f31acf1197f068f3e2c73f7/250x250-000000-80-0-0.jpg,https://www.deezer.com/album/373697887
9615244,SenSey',181282142,1 jour 1 son,2020-11-20,0,https://cdn-images.dzcdn.net/images/cover/d8b44998bc9e82be90ebf107bead1f8e/250x250-000000-80-0-0.jpg,https://www.deezer.com/album/181282142
9615244,SenSey',138357282,Sans le bandeau,2020-02-21,0,https://cdn-images.dzcdn.net/images/cover/f588ee6f3daa68c12da28eb046738e45/250x250-000000-80-0-0.jpg,https://www.deezer.com/album/138357282
9615244,SenSey',88932982,MCS,2019-02-22,0,https://cdn-images.dzcdn.net/images/cover/6fbbf879f7fdfd62cd106f4b3b0491cd/250x250-000000-80-0-0.jpg,https://www.deezer.com/album/88932982
9615244,SenSey',819893301,"J'avoue, j'avoue part. 2",2025-09-19,0,https://cdn-images.dzcdn.net/images/cover/9e7a17e5f25f98b7e297ef48756e247b/250x250-000000-80-0-0.jpg,https://www.deezer.com/album/819893301
9615244,SenSey',814269131,#LaVieDeLocksé,2025-09-03,0,https://cdn-images.dzcdn.net/images/cover/6237a0a2a2a4134af4f2c2f5c2bcec6b/250x250-000000-80-0-0.jpg,https://www.deezer.com/album/814269131
9615244,SenSey',777033221,Chemise italienne,2025-07-04,0,https://cdn-images.dzcdn.net/images/cover/3fc3d5e53d01aba22ab04316f24fbbd1/250x250-000000-80-0-0.jpg,https://www.deezer.com/album/777033221
9615244,SenSey',759174251,Ballon d'or,2025-05-30,0,https://cdn-images.dzcdn.net/images/cover/1fd1789ebe68a2bfe1e3ee467dd51ee0/250x250-000000-80-0-0.jpg,https://www.deezer.com/album/759174251
9615244,SenSey',749992941,Amaya,2025-05-09,0,https://cdn-images.dzcdn.net/images/cover/881e9413a325896f85d07a40579e3a14/250x250-000000-80-0-0.jpg,https://www.deezer.com/album/749992941
9615244,SenSey',754263551,Petit Bateau,2025-05-08,0,https://cdn-images.dzcdn.net/images/cover/881e9413a325896f85d07a40579e3a14/250x250-000000-80-0-0.jpg,https://www.deezer.com/album/754263551
9615244,SenSey',747184071,Une autre vie,2025-05-02,0,https://cdn-images.dzcdn.net/images/cover/ae337a629c132e9f69732565a82725f5/250x250-000000-80-0-0.jpg,https://www.deezer.com/album/747184071
9615244,SenSey',705035931,Ragnar,2025-02-06,0,https://cdn-images.dzcdn.net/images/cover/3698f893e4335fe1f5289c9f69fecaec/250x250-000000-80-0-0.jpg,https://www.deezer.com/album/705035931
9615244,SenSey',679837711,Bikini,2024-12-05,0,https://cdn-images.dzcdn.net/images/cover/2777cbcdf4b622e25c0226054d83cc59/250x250-000000-80-0-0.jpg,https://www.deezer.com/album/679837711
9615244,SenSey',659869881,Goumin (Acoustique),2024-11-15,0,https://cdn-images.dzcdn.net/images/cover/a2ef4ed7a28af27e03241e555d2b1bc9/250x250-000000-80-0-0.jpg,https://www.deezer.com/album/659869881
9615244,SenSey',709626181,GOUMIN,2024-10-06,0,https://cdn-images.dzcdn.net/images/cover/bd8bee7de651dd63d23548a3eb701fa5/250x250-000000-80-0-0.jpg,https://www.deezer.com/album/709626181
9615244,SenSey',644451491,No stress,2024-10-03,0,https://cdn-images.dzcdn.net/images/cover/43f6d49ab88d8a399a1b16474e18066c/250x250-000000-80-0-0.jpg,https://www.deezer.com/album/644451491
9615244,SenSey',644453901,Cadenas,2024-10-03,0,https://cdn-images.dzcdn.net/images/cover/43f6d49ab88d8a399a1b16474e18066c/250x250-000000-80-0-0.jpg,https://www.deezer.com/album/644453901
9615244,SenSey',609915032,Tic Tac,2024-07-26,0,https://cdn-images.dzcdn.net/images/cover/0d91a15ad142c2d09bbf069041715b7b/250x250-000000-80-0-0.jpg,https://www.deezer.com/album/609915032
9615244,SenSey',590198002,LV,2024-05-31,0,https://cdn-images.dzcdn.net/images/cover/36127866631bc3de70be7cc8a19a8700/250x250-000000-80-0-0.jpg,https://www.deezer.com/album/590198002
9615244,SenSey',557585392,My G (Extended version),2024-03-08,0,https://cdn-images.dzcdn.net/images/cover/08486c74dd22e4af82bbb0796d8fcc00/250x250-000000-80-0-0.jpg,https://www.deezer.com/album/557585392
9615244,SenSey',554703182,My G / Problème / Comme je suis (Bonus),2024-03-01,0,https://cdn-images.dzcdn.net/images/cover/e9009c89b5fb69feb9e15629edda84cc/250x250-000000-80-0-0.jpg,https://www.deezer.com/album/554703182
9615244,SenSey',522951122,Bam Bam (Ma Jolie),2023-12-15,0,https://cdn-images.dzcdn.net/images/cover/b0ba2db4dc8a6bcb84423474525fe9b2/250x250-000000-80-0-0.jpg,https://www.deezer.com/album/522951122
9615244,SenSey',519935622,Japonais,2023-12-14,0,https://cdn-images.dzcdn.net/images/cover/c13340fda8bbbb5cfb273cdaf8eb8f35/250x250-000000-80-0-0.jpg,https://www.deezer.com/album/519935622
9615244,SenSey',500973651,OG,2023-10-26,0,https://cdn-images.dzcdn.net/images/cover/e9009c89b5fb69feb9e15629edda84cc/250x250-000000-80-0-0.jpg,https://www.deezer.com/album/500973651
9615244,SenSey',500973701,JTM,2023-10-26,0,https://cdn-images.dzcdn.net/images/cover/e9009c89b5fb69feb9e15629edda84cc/250x250-000000-80-0-0.jpg,https://www.deezer.com/album/500973701
9615244,SenSey',487765885,Parcours,2023-09-29,0,https://cdn-images.dzcdn.net/images/cover/e9009c89b5fb69feb9e15629edda84cc/250x250-000000-80-0-0.jpg,https://www.deezer.com/album/487765885
9615244,SenSey',484474665,Baby Oh,2023-09-22,0,https://cdn-images.dzcdn.net/images/cover/3bfe00c1816b37e0ea06c44162d72901/250x250-000000-80-0-0.jpg,https://www.deezer.com/album/484474665
9615244,SenSey',485293675,Plus jamais,2023-09-14,0,https://cdn-images.dzcdn.net/images/cover/925cda2ad133a48ae5d10b8d6e3887b0/250x250-000000-80-0-0.jpg,https://www.deezer.com/album/485293675
9615244,SenSey',488638505,Mauvais Garçons,2023-11-02,0,https://cdn-images.dzcdn.net/images/cover/e71ba53177150339d87d9c463c882ac0/250x250-000000-80-0-0.jpg,https://www.deezer.com/album/488638505
9615244,SenSey',484779415,Monte à bord (Redemption #2),2023-09-08,0,https://cdn-images.dzcdn.net/images/cover/23009149a7913c069ec0adebde0ed87f/250x250-000000-80-0-0.jpg,https://www.deezer.com/album/484779415
9615244,SenSey',476222385,Eddy Malou (Redemption #1),2023-08-16,0,https://cdn-images.dzcdn.net/images/cover/9ebeb2983d42ce9d39ec2aaaa0b2e526/250x250-000000-80-0-0.jpg,https://www.deezer.com/album/476222385
9615244,SenSey',455025875,L'officielle,2023-07-07,0,https://cdn-images.dzcdn.net/images/cover/abebc9a268a4115e15bdfc0715e88685/250x250-000000-80-0-0.jpg,https://www.deezer.com/album/455025875
9615244,SenSey',407853147,Honey Damoiseau,2023-03-03,0,https://cdn-images.dzcdn.net/images/cover/27145c75bc5e5746583056103fa0a886/250x250-000000-80-0-0.jpg,https://www.deezer.com/album/407853147
9615244,SenSey',387043477,Besoin de ça,2023-01-06,0,https://cdn-images.dzcdn.net/images/cover/1d3aff12d433e69ad598eb9afbe9db1d/250x250-000000-80-0-0.jpg,https://www.deezer.com/album/387043477
9615244,SenSey',365268017,Confiance,2022-10-28,0,https://cdn-images.dzcdn.net/images/cover/1d7b18e95cb36bc63fc25c0afd3b2a11/250x250-000000-80-0-0.jpg,https://www.deezer.com/album/365268017
9615244,SenSey',349564677,Sans toi,2022-09-02,0,https://cdn-images.dzcdn.net/images/cover/628880daab1a4809ae730f77c6597b5a/250x250-000000-80-0-0.jpg,https://www.deezer.com/album/349564677
9615244,SenSey',331896177,C'est mort,2022-07-15,0,https://cdn-images.dzcdn.net/images/cover/c7ef069ad837121b173dc87a47fc3595/250x250-000000-80-0-0.jpg,https://www.deezer.com/album/331896177
9615244,SenSey',321961977,Tombé pour elle,2022-05-26,0,https://cdn-images.dzcdn.net/images/cover/46e228ebf225d4d3d5eeb2e18cb9fea4/250x250-000000-80-0-0.jpg,https://www.deezer.com/album/321961977
9615244,SenSey',305946197,Intro,2022-04-29,0,https://cdn-images.dzcdn.net/images/cover/0c01089995f0200a237d42ba4f7c61a2/250x250-000000-80-0-0.jpg,https://www.deezer.com/album/305946197
9615244,SenSey',303929017,C'est réel,2022-04-08,0,https://cdn-images.dzcdn.net/images/cover/0c01089995f0200a237d42ba4f7c61a2/250x250-000000-80-0-0.jpg,https://www.deezer.com/album/303929017
9615244,SenSey',299909617,Oulala,2022-04-01,0,https://cdn-images.dzcdn.net/images/cover/1450d1b3ecf932e9805769433e996832/250x250-000000-80-0-0.jpg,https://www.deezer.com/album/299909617
9615244,SenSey',281250561,Minimum,2021-12-24,0,https://cdn-images.dzcdn.net/images/cover/976c65b3b0ba5eb21a4ad43a84a51ab5/250x250-000000-80-0-0.jpg,https://www.deezer.com/album/281250561
9615244,SenSey',279947352,Ambiguë,2021-12-17,0,https://cdn-images.dzcdn.net/images/cover/9d3d184594ffeacb04fc8c17e325bc13/250x250-000000-80-0-0.jpg,https://www.deezer.com/album/279947352
9615244,SenSey',275785292,Vénus,2021-12-10,0,https://cdn-images.dzcdn.net/images/cover/664ccd5336abcde291c0be3849b47873/250x250-000000-80-0-0.jpg,https://www.deezer.com/album/275785292
9615244,SenSey',229302082,Clyde,2021-05-21,0,https://cdn-images.dzcdn.net/images/cover/e8e708234f51ab6b84c85ec4d557a5ce/250x250-000000-80-0-0.jpg,https://www.deezer.com/album/229302082
9615244,SenSey',178367262,Bye-Bye,2020-10-23,0,https://cdn-images.dzcdn.net/images/cover/11dc38e8abd1b4104429858155adc713/250x250-000000-80-0-0.jpg,https://www.deezer.com/album/178367262
9615244,SenSey',176917242,Aventure (feat. SenSey'),2020-10-14,0,https://cdn-images.dzcdn.net/images/cover/82f1b8622eca47adbc6e94da4a863c2e/250x250-000000-80-0-0.jpg,https://www.deezer.com/album/176917242
9615244,SenSey',173733182,Bourbier,2020-09-18,0,https://cdn-images.dzcdn.net/images/cover/782378fd5244b021c7550982f70ec79f/250x250-000000-80-0-0.jpg,https://www.deezer.com/album/173733182
9615244,SenSey',109386032,Mon bébé,2019-09-06,0,https://cdn-images.dzcdn.net/images/cover/a3ce5f834cf550bc2e3509b483b91e80/250x250-000000-80-0-0.jpg,https://www.deezer.com/album/109386032
9615244,SenSey',102993122,Jamais,2019-07-17,0,https://cdn-images.dzcdn.net/images/cover/343a1e7924cc9e8c5ec633e6ab53be7e/250x250-000000-80-0-0.jpg,https://www.deezer.com/album/102993122
9615244,SenSey',101082732,Peur d'aimer (Remix),2019-06-18,0,https://cdn-images.dzcdn.net/images/cover/a24ecddbbde9637724b47cab5deb5f21/250x250-000000-80-0-0.jpg,https://www.deezer.com/album/101082732
9615244,SenSey',98763492,Peur d'aimer,2019-06-05,0,https://cdn-images.dzcdn.net/images/cover/f51ffe2e9b6f5121b342919c31fce06e/250x250-000000-80-0-0.jpg,https://www.deezer.com/album/98763492
9615244,SenSey',88306932,L'impossible,2019-02-13,0,https://cdn-images.dzcdn.net/images/cover/c5bf07e1b8b8bf4fe3493ecaa28e1601/250x250-000000-80-0-0.jpg,https://www.deezer.com/album/88306932
9615244,SenSey',84050682,J'écris,2019-01-09,0,https://cdn-images.dzcdn.net/images/cover/211c2ff978b37c69b83dc0479043d9e4/250x250-000000-80-0-0.jpg,https://www.deezer.com/album/84050682
9615244,SenSey',79439222,Demain,2018-11-22,0,https://cdn-images.dzcdn.net/images/cover/bd3d311e4861c20b5fff498520038f74/250x250-000000-80-0-0.jpg,https://www.deezer.com/album/79439222
9615244,SenSey',76733392,Avec moi,2018-10-28,0,https://cdn-images.dzcdn.net/images/cover/58104a17132cfa9e60f0378fd4426a54/250x250-000000-80-0-0.jpg,https://www.deezer.com/album/76733392
9615244,SenSey',73512482,Je te ferai du mal,2018-09-19,0,https://cdn-images.dzcdn.net/images/cover/eeca778ccdf9d4a1badbc0116e625991/250x250-000000-80-0-0.jpg,https://www.deezer.com/album/73512482
9615244,SenSey',69163522,Aimer sans retour (Version acoustique),2018-07-17,0,https://cdn-images.dzcdn.net/images/cover/39351ea005f8443e8a5681eaec03e3a6/250x250-000000-80-0-0.jpg,https://www.deezer.com/album/69163522
9615244,SenSey',85791692,Aimer sans retour,2018-06-21,0,https://cdn-images.dzcdn.net/images/cover/6fb209464c4ac09f0ca8dfebd76c1b94/250x250-000000-80-0-0.jpg,https://www.deezer.com/album/85791692
9615244,SenSey',85791492,Oublier,2018-05-08,0,https://cdn-images.dzcdn.net/images/cover/8efdcc5ed582e38fb8ece1a0ea799be6/250x250-000000-80-0-0.jpg,https://www.deezer.com/album/85791492
9615244,SenSey',85791502,Jatkiss Leader,2018-03-30,0,https://cdn-images.dzcdn.net/images/cover/4b5431ff70100092434536f3f7c57788/250x250-000000-80-0-0.jpg,https://www.deezer.com/album/85791502
9615244,SenSey',85791512,Flex,2018-03-16,0,https://cdn-images.dzcdn.net/images/cover/1aa876a79705c0ce34ff1bfc1838d78f/250x250-000000-80-0-0.jpg,https://www.deezer.com/album/85791512
9615244,SenSey',85791652,Sans elle,2018-02-20,0,https://cdn-images.dzcdn.net/images/cover/cd75ae3ddfe9c33f89ac854a38b7eef5/250x250-000000-80-0-0.jpg,https://www.deezer.com/album/85791652
9615244,SenSey',85791622,Grâce à toi,2017-12-06,0,https://cdn-images.dzcdn.net/images/cover/ebd4145efa3798ca74082e48816c783d/250x250-000000-80-0-0.jpg,https://www.deezer.com/album/85791622
9615244,SenSey',85791612,Oui j'avoue,2017-10-26,0,https://cdn-images.dzcdn.net/images/cover/754c4d8ad59039c1e9514f6bd26bbc0f/250x250-000000-80-0-0.jpg,https://www.deezer.com/album/85791612
1861,Blackstreet,246828,The Best Of BLACKstreet - 20th Century Masters The Millennium Collection,2009-07-14,0,https://cdn-images.dzcdn.net/images/cover/289b3a2ffe1e6490b648f9488b06d61a/250x250-000000-80-0-0.jpg,https://www.deezer.com/album/246828
1861,Blackstreet,103254,No Diggity: The Very Best Of Blackstreet,2003-01-01,0,https://cdn-images.dzcdn.net/images/cover/dae7a265b79fb71278cde2504849d6f7/250x250-000000-80-0-0.jpg,https://www.deezer.com/album/103254
1861,Blackstreet,239529,Level II,2003-03-10,0,https://cdn-images.dzcdn.net/images/cover/082af9375ef08338968b35574f43957f/250x250-000000-80-0-0.jpg,https://www.deezer.com/album/239529
1861,Blackstreet,2383091,Level II,2003-02-11,0,https://cdn-images.dzcdn.net/images/cover/6db9738222354316d1b7a03b8ab575c0/250x250-000000-80-0-0.jpg,https://www.deezer.com/album/2383091
1861,Blackstreet,320969207,Finally,2009-06-02,0,https://cdn-images.dzcdn.net/images/cover/9a4f90c676592721bba1317a578dd411/250x250-000000-80-0-0.jpg,https://www.deezer.com/album/320969207
1861,Blackstreet,228042,Finally,1999-03-22,0,https://cdn-images.dzcdn.net/images/cover/25f0da334ad2f275fd4597e476f2bb16/250x250-000000-80-0-0.jpg,https://www.deezer.com/album/228042
1861,Blackstreet,256269012,Another Level (Expanded Edition),2021-09-10,0,https://cdn-images.dzcdn.net/images/cover/05aaa0df2a2d2144eb1ab2dc4db90136/250x250-000000-80-0-0.jpg,https://www.deezer.com/album/256269012
1861,Blackstreet,217806,Another Level,2008-02-07,0,https://cdn-images.dzcdn.net/images/cover/e0b264ef13dd58dd0d8e77e3694837bc/250x250-000000-80-0-0.jpg,https://www.deezer.com/album/217806
1861,Blackstreet,8449373,Blackstreet,2014-08-19,0,https://cdn-images.dzcdn.net/images/cover/3eab5766af35021372a194f3cd49c605/250x250-000000-80-0-0.jpg,https://www.deezer.com/album/8449373
1861,Blackstreet,701005,No Diggity (Remixes),2010-11-19,0,https://cdn-images.dzcdn.net/images/cover/0067828531c91b8f76065fcb19b8539e/250x250-000000-80-0-0.jpg,https://www.deezer.com/album/701005
1861,Blackstreet,268976872,No Diggity (LLusion Remix),2021-11-05,0,https://cdn-images.dzcdn.net/images/cover/038ec29201b4cbbd59c4ffd4c83d8fb9/250x250-000000-80-0-0.jpg,https://www.deezer.com/album/268976872
1861,Blackstreet,232919622,No Diggity (Nathan Dawe Remix),2021-06-11,0,https://cdn-images.dzcdn.net/images/cover/cd48061025e239b6a376dd9de3901877/250x250-000000-80-0-0.jpg,https://www.deezer.com/album/232919622
1861,Blackstreet,609966682,No Diggity (Nathan Dawe Extended Remix),2021-06-11,0,https://cdn-images.dzcdn.net/images/cover/cd48061025e239b6a376dd9de3901877/250x250-000000-80-0-0.jpg,https://www.deezer.com/album/609966682
1861,Blackstreet,211784062,No Diggity,2021-03-26,0,https://cdn-images.dzcdn.net/images/cover/56b3dd3c8f426a081b0993618b08e759/250x250-000000-80-0-0.jpg,https://www.deezer.com/album/211784062
1861,Blackstreet,609965992,No Diggity (Extended Mix),2021-03-26,0,https://cdn-images.dzcdn.net/images/cover/56b3dd3c8f426a081b0993618b08e759/250x250-000000-80-0-0.jpg,https://www.deezer.com/album/609965992
1861,Blackstreet,113015892,No Diggity (Sam Wilkes & Brian Green Remix),2019-10-04,0,https://cdn-images.dzcdn.net/images/cover/a6386d5bf7da6ba66fb2c26fafe51d68/250x250-000000-80-0-0.jpg,https://www.deezer.com/album/113015892
1861,Blackstreet,113021372,No Diggity (Sam Wilkes & Brian Green Sample Free Remix),2019-10-04,0,https://cdn-images.dzcdn.net/images/cover/d951f5eec6b61f4642382502b3dbbee0/250x250-000000-80-0-0.jpg,https://www.deezer.com/album/113021372
1861,Blackstreet,321160417,Baby Be Mine (Remixes),2011-01-18,0,https://cdn-images.dzcdn.net/images/cover/99bfe8e7799f3e40881454d375e16ddb/250x250-000000-80-0-0.jpg,https://www.deezer.com/album/321160417
1117,Ms. Lauryn Hill,1440802,The Miseducation of Lauryn Hill,1998-08-25,0,https://cdn-images.dzcdn.net/images/cover/1322b9d5248a55034f098802072cfac4/250x250-000000-80-0-0.jpg,https://www.deezer.com/album/1440802
1117,Ms. Lauryn Hill,47131362,The Miseducation of Lauryn Hill,2006-03-25,0,https://cdn-images.dzcdn.net/images/cover/79ea9d5f45c41d82e511c59f0bd8fc5a/250x250-000000-80-0-0.jpg,https://www.deezer.com/album/47131362
1117,Ms. Lauryn Hill,96311,MTV Unplugged No. 2.0,1992-04-16,0,https://cdn-images.dzcdn.net/images/cover/49550248759f434fa4ec903ac1fd947c/250x250-000000-80-0-0.jpg,https://www.deezer.com/album/96311
1117,Ms. Lauryn Hill,1458706,Ex-Factor,1999-01-15,0,https://cdn-images.dzcdn.net/images/cover/4ad786a3eb8bd93da9fab92407ae705e/250x250-000000-80-0-0.jpg,https://www.deezer.com/album/1458706
1117,Ms. Lauryn Hill,1449196,Doo Wop,1998-05-13,0,https://cdn-images.dzcdn.net/images/cover/32be73fae069cad942e28b8e5f64e9fd/250x250-000000-80-0-0.jpg,https://www.deezer.com/album/1449196
1117,Ms. Lauryn Hill,1400250,Everything Is Everything,1999-06-29,0,https://cdn-images.dzcdn.net/images/cover/b9fd0033199922e4971a7553f757e9ec/250x250-000000-80-0-0.jpg,https://www.deezer.com/album/1400250
1117,Ms. Lauryn Hill,613504922,Survival (Version),2024-07-19,0,https://cdn-images.dzcdn.net/images/cover/a0c89ddd5d9cd4aa85a8380927a0a4cd/250x250-000000-80-0-0.jpg,https://www.deezer.com/album/613504922
9945222,Jorja Smith,442144757,falling or flying,2023-09-29,0,https://cdn-images.dzcdn.net/images/cover/18ad9f178fad8bb39843df343af85022/250x250-000000-80-0-0.jpg,https://www.deezer.com/album/442144757
9945222,Jorja Smith,566606551,falling or flying (Reimagined),2024-05-03,0,https://cdn-images.dzcdn.net/images/cover/59ff978aab72dc90d4eb2fca63db55fe/250x250-000000-80-0-0.jpg,https://www.deezer.com/album/566606551
9945222,Jorja Smith,651017141,falling or flying (Deluxe),2024-10-11,0,https://cdn-images.dzcdn.net/images/cover/4ff349f9c71e0d1356b8288738a1650c/250x250-000000-80-0-0.jpg,https://www.deezer.com/album/651017141
9945222,Jorja Smith,82220222,Lost & Found,2018-06-08,0,https://cdn-images.dzcdn.net/images/cover/af9b45d64ca6c4098df18b264fd74213/250x250-000000-80-0-0.jpg,https://www.deezer.com/album/82220222
9945222,Jorja Smith,120023152,Lost & Found,2019-11-20,0,https://cdn-images.dzcdn.net/images/cover/2184d0322793e8500809b7b6cb09a930/250x250-000000-80-0-0.jpg,https://www.deezer.com/album/120023152
9945222,Jorja Smith,275434612,All of This Remixes Vol 2,2021-12-03,0,https://cdn-images.dzcdn.net/images/cover/4664df21b74ea43baf78e17f83bb0f27/250x250-000000-80-0-0.jpg,https://www.deezer.com/album/275434612
9945222,Jorja Smith,272916342,All of This Remixes Vol 1,2021-11-19,0,https://cdn-images.dzcdn.net/images/cover/45f1886636da46da3328967370f3e3f8/250x250-000000-80-0-0.jpg,https://www.deezer.com/album/272916342
9945222,Jorja Smith,222720762,Be Right Back,2021-05-14,0,https://cdn-images.dzcdn.net/images/cover/70605b05a52fb3048e1c6565f07cafce/250x250-000000-80-0-0.jpg,https://www.deezer.com/album/222720762
9945222,Jorja Smith,195451472,Jorja Smith x WDR Funkhausorchester (Machiavelli Sessions),2021-01-19,0,https://cdn-images.dzcdn.net/images/cover/abadc1ebc66e1e9ca30d197e4893ec7e/250x250-000000-80-0-0.jpg,https://www.deezer.com/album/195451472
9945222,Jorja Smith,88018752,Deezer Sessions,2019-02-22,0,https://cdn-images.dzcdn.net/images/cover/6433d6c8c79f41b322ccd30809e8af81/250x250-000000-80-0-0.jpg,https://www.deezer.com/album/88018752
9945222,Jorja Smith,60939432,Project 11,2016-11-18,0,https://cdn-images.dzcdn.net/images/cover/b1808e6c16d35f989c7f479e64d4269c/250x250-000000-80-0-0.jpg,https://www.deezer.com/album/60939432
9945222,Jorja Smith,781656301,With You,2025-07-24,0,https://cdn-images.dzcdn.net/images/cover/c4913fb2db9a84f790dbf1ba55665d86/250x250-000000-80-0-0.jpg,https://www.deezer.com/album/781656301
9945222,Jorja Smith,773482131,The Way I Love You (Remixes),2025-06-20,0,https://cdn-images.dzcdn.net/images/cover/1b8e5ce8604dfac38f9109cbdc5ab1b4/250x250-000000-80-0-0.jpg,https://www.deezer.com/album/773482131
9945222,Jorja Smith,763442041,The Way I Love You (TS7 Remix),2025-06-13,0,https://cdn-images.dzcdn.net/images/cover/d1fab4bd57013b15eca76ea35180aff6/250x250-000000-80-0-0.jpg,https://www.deezer.com/album/763442041
9945222,Jorja Smith,761088331,FREEDOM (feat. Jorja Smith),2025-06-06,0,https://cdn-images.dzcdn.net/images/cover/0170b18a9c108fb33aca2d2eb795837c/250x250-000000-80-0-0.jpg,https://www.deezer.com/album/761088331
9945222,Jorja Smith,739543621,The Way I Love You,2025-05-01,0,https://cdn-images.dzcdn.net/images/cover/f8086678583506d49359851bd782142d/250x250-000000-80-0-0.jpg,https://www.deezer.com/album/739543621
9945222,Jorja Smith,684792501,High (Acoustic),2025-01-24,0,https://cdn-images.dzcdn.net/images/cover/a44509aba349133028f02d90ac23d474/250x250-000000-80-0-0.jpg,https://www.deezer.com/album/684792501
9945222,Jorja Smith,676703061,Loving You (p-rallel Remix),2024-12-06,0,https://cdn-images.dzcdn.net/images/cover/24e2809828e568aed0250007bbaf6a48/250x250-000000-80-0-0.jpg,https://www.deezer.com/album/676703061
9945222,Jorja Smith,660474181,Loving You / Don't Let Me Go,2024-11-07,0,https://cdn-images.dzcdn.net/images/cover/f45f9526ad6d3352c8d2ffee00a23520/250x250-000000-80-0-0.jpg,https://www.deezer.com/album/660474181
9945222,Jorja Smith,638605101,High (MJ Cole Remix),2024-09-13,0,https://cdn-images.dzcdn.net/images/cover/4ccebddcb9bf2a7f1c3948fcb34c48c8/250x250-000000-80-0-0.jpg,https://www.deezer.com/album/638605101
9945222,Jorja Smith,610309902,High,2024-07-25,0,https://cdn-images.dzcdn.net/images/cover/071305bc8c95fca3f64e7151edde67a2/250x250-000000-80-0-0.jpg,https://www.deezer.com/album/610309902
9945222,Jorja Smith,613665132,In The Night (feat. Jorja Smith & Amaarae),2024-07-16,0,https://cdn-images.dzcdn.net/images/cover/926a750c3ccc562fb9097024f206e90c/250x250-000000-80-0-0.jpg,https://www.deezer.com/album/613665132
9945222,Jorja Smith,586162982,Backwards (Dirty Danger Remix),2024-05-24,0,https://cdn-images.dzcdn.net/images/cover/d7d2e9f551edeffbc8729bf2b0d7d9f0/250x250-000000-80-0-0.jpg,https://www.deezer.com/album/586162982
9945222,Jorja Smith,562775212,Greatest Gift (Reimagined),2024-04-19,0,https://cdn-images.dzcdn.net/images/cover/59ff978aab72dc90d4eb2fca63db55fe/250x250-000000-80-0-0.jpg,https://www.deezer.com/album/562775212
9945222,Jorja Smith,561796222,GO GO GO (Feat. Josman),2024-03-22,0,https://cdn-images.dzcdn.net/images/cover/3f293e4b2721324799b83d20ba60c4e6/250x250-000000-80-0-0.jpg,https://www.deezer.com/album/561796222
9945222,Jorja Smith,523028272,Finally (From the Original Motion Picture “The Color Purple”),2023-12-15,0,https://cdn-images.dzcdn.net/images/cover/cafa5fae369ef3e80c9361a90730e22b/250x250-000000-80-0-0.jpg,https://www.deezer.com/album/523028272
9945222,Jorja Smith,660838741,Stay Another Day,2023-11-07,0,https://cdn-images.dzcdn.net/images/cover/ea0219f8809ad15082bd1cedf5ef5995/250x250-000000-80-0-0.jpg,https://www.deezer.com/album/660838741
9945222,Jorja Smith,457681365,Little Things x Gypsy Woman (L BEATS MASHUP),2023-06-30,0,https://cdn-images.dzcdn.net/images/cover/3afe868950d429200db38727c01fc982/250x250-000000-80-0-0.jpg,https://www.deezer.com/album/457681365
9945222,Jorja Smith,448924435,Little Things (Nia Archives Remix),2023-06-16,0,https://cdn-images.dzcdn.net/images/cover/38bdc35dfda57b4bf3391a2651a49de6/250x250-000000-80-0-0.jpg,https://www.deezer.com/album/448924435
9945222,Jorja Smith,431771797,Little Things,2023-05-11,0,https://cdn-images.dzcdn.net/images/cover/cc3fd48f809a88fa6d53c9638f4dfb49/250x250-000000-80-0-0.jpg,https://www.deezer.com/album/431771797
9945222,Jorja Smith,420131557,Try Me,2023-04-13,0,https://cdn-images.dzcdn.net/images/cover/ffdcbd6a7acd4e9503384b4d8f91223b/250x250-000000-80-0-0.jpg,https://www.deezer.com/album/420131557
9945222,Jorja Smith,369699937,Rose Rouge,2022-10-27,0,https://cdn-images.dzcdn.net/images/cover/f41e194122a083889741293b05e0fcd5/250x250-000000-80-0-0.jpg,https://www.deezer.com/album/369699937
9945222,Jorja Smith,325518767,Slow Down (James Cole Remix),2022-06-17,0,https://cdn-images.dzcdn.net/images/cover/bb349370f43ed29d67f90130999ee6d5/250x250-000000-80-0-0.jpg,https://www.deezer.com/album/325518767
9945222,Jorja Smith,432076417,Killing Me (Acoustic),2022-04-29,0,https://cdn-images.dzcdn.net/images/cover/1f11db189f81a854893b2d16b8b65e4c/250x250-000000-80-0-0.jpg,https://www.deezer.com/album/432076417
9945222,Jorja Smith,305171777,Lavender & Red Roses (Champion Remix),2022-04-14,0,https://cdn-images.dzcdn.net/images/cover/18379d21b8bb06e9ea89a647b99aaaf0/250x250-000000-80-0-0.jpg,https://www.deezer.com/album/305171777
9945222,Jorja Smith,307125527,Lavender & Red Roses,2022-03-30,0,https://cdn-images.dzcdn.net/images/cover/237240073a714831df4570210de1237f/250x250-000000-80-0-0.jpg,https://www.deezer.com/album/307125527
9945222,Jorja Smith,249808522,My Sister (feat. Jorja Smith),2021-08-19,0,https://cdn-images.dzcdn.net/images/cover/efc33bc056d8fc07aa3ac165ead4d4c6/250x250-000000-80-0-0.jpg,https://www.deezer.com/album/249808522
9945222,Jorja Smith,246724442,All of This (Jorja Smith x GuiltyBeatz),2021-08-05,0,https://cdn-images.dzcdn.net/images/cover/927ee8e06f201d7eb545b774cd07e15b/250x250-000000-80-0-0.jpg,https://www.deezer.com/album/246724442
9945222,Jorja Smith,209116862,Nobody But You,2021-04-09,0,https://cdn-images.dzcdn.net/images/cover/7cc7bf55284b80fe9d54b4519aca5092/250x250-000000-80-0-0.jpg,https://www.deezer.com/album/209116862
9945222,Jorja Smith,208073632,Addicted,2021-03-10,0,https://cdn-images.dzcdn.net/images/cover/f7ad319538cf6146e8c4958d1201c69e/250x250-000000-80-0-0.jpg,https://www.deezer.com/album/208073632
9945222,Jorja Smith,432072377,Killing Me,2021-03-09,0,https://cdn-images.dzcdn.net/images/cover/ef6566c4345ed6a039c967de09e3bc42/250x250-000000-80-0-0.jpg,https://www.deezer.com/album/432072377
9945222,Jorja Smith,206821472,Come Over (Remix),2021-02-25,0,https://cdn-images.dzcdn.net/images/cover/4ac7caea690183c75a0c9a33d5022bfc/250x250-000000-80-0-0.jpg,https://www.deezer.com/album/206821472
9945222,Jorja Smith,193479482,Blue Lights x 216 (Machiavelli Sessions),2020-12-29,0,https://cdn-images.dzcdn.net/images/cover/f4eba81e67089b0b1897a3a0f796a018/250x250-000000-80-0-0.jpg,https://www.deezer.com/album/193479482
9945222,Jorja Smith,192667222,By Any Means (Machiavelli Sessions),2020-12-15,0,https://cdn-images.dzcdn.net/images/cover/abadc1ebc66e1e9ca30d197e4893ec7e/250x250-000000-80-0-0.jpg,https://www.deezer.com/album/192667222
9945222,Jorja Smith,155023852,Come Over (feat. Popcaan),2020-10-01,0,https://cdn-images.dzcdn.net/images/cover/a8bfd829e3b545ce41c4aadbb1664236/250x250-000000-80-0-0.jpg,https://www.deezer.com/album/155023852
9945222,Jorja Smith,160462532,By Any Means,2020-07-30,0,https://cdn-images.dzcdn.net/images/cover/af2b63653b31a840dad461d3bec9d5d7/250x250-000000-80-0-0.jpg,https://www.deezer.com/album/160462532
9945222,Jorja Smith,152279982,Rose Rouge,2020-06-09,0,https://cdn-images.dzcdn.net/images/cover/037997aca78aad55bb6be51bff2f6737/250x250-000000-80-0-0.jpg,https://www.deezer.com/album/152279982
9945222,Jorja Smith,144722942,Kiss Me In The Morning (From The Netflix Original Series),2020-04-30,0,https://cdn-images.dzcdn.net/images/cover/d7559290663ff1e94c39f20d79b53f66/250x250-000000-80-0-0.jpg,https://www.deezer.com/album/144722942
9945222,Jorja Smith,254952952,Triple J Live at the Wireless - Laneway 2019,2020-04-24,0,https://cdn-images.dzcdn.net/images/cover/24b4e6a9224882b15e8163be8affca29/250x250-000000-80-0-0.jpg,https://www.deezer.com/album/254952952
9945222,Jorja Smith,119837472,Be Honest (feat. Ms Banks),2019-11-21,0,https://cdn-images.dzcdn.net/images/cover/fe7dcf8073053a8fb035789caa359a8d/250x250-000000-80-0-0.jpg,https://www.deezer.com/album/119837472
9945222,Jorja Smith,114640592,Be Honest (Acoustic),2019-10-18,0,https://cdn-images.dzcdn.net/images/cover/3bf4ae8876374b1589b167a4626f18e0/250x250-000000-80-0-0.jpg,https://www.deezer.com/album/114640592
9945222,Jorja Smith,106787132,Be Honest,2019-08-16,0,https://cdn-images.dzcdn.net/images/cover/ddebad71518bd96dbcb234b7ed2d0879/250x250-000000-80-0-0.jpg,https://www.deezer.com/album/106787132
9945222,Jorja Smith,87203722,Blue Lights (French Remix),2019-03-01,0,https://cdn-images.dzcdn.net/images/cover/d6f38d2321f261142b101ceb22a70a4d/250x250-000000-80-0-0.jpg,https://www.deezer.com/album/87203722
9945222,Jorja Smith,82166252,The One,2018-12-07,0,https://cdn-images.dzcdn.net/images/cover/2648c84c514cca56e12efcc25dc6999f/250x250-000000-80-0-0.jpg,https://www.deezer.com/album/82166252
9945222,Jorja Smith,57245982,Let Me Down (Shy FX Remix),2018-02-16,0,https://cdn-images.dzcdn.net/images/cover/4b63b05a23148f6b727cd9eaa421004c/250x250-000000-80-0-0.jpg,https://www.deezer.com/album/57245982
9945222,Jorja Smith,62225332,Let Me Down,2018-01-12,0,https://cdn-images.dzcdn.net/images/cover/21495a3abdbff3dd8ce0090810289445/250x250-000000-80-0-0.jpg,https://www.deezer.com/album/62225332
9945222,Jorja Smith,47596992,On My Mind (Preditah VIP Mix),2017-09-15,0,https://cdn-images.dzcdn.net/images/cover/41f0ae986020c209fa781e3cf1e22df6/250x250-000000-80-0-0.jpg,https://www.deezer.com/album/47596992
9945222,Jorja Smith,60936552,Beautiful Little Fools,2017-03-08,0,https://cdn-images.dzcdn.net/images/cover/5201f30aa3e2e60d740350209467023e/250x250-000000-80-0-0.jpg,https://www.deezer.com/album/60936552
9945222,Jorja Smith,60942452,A Prince,2016-04-05,0,https://cdn-images.dzcdn.net/images/cover/cd5630f73e6a2d26d84e6be607931e35/250x250-000000-80-0-0.jpg,https://www.deezer.com/album/60942452
12218918,Ya Levis,733757451,Love Machine,2024-11-01,0,https://cdn-images.dzcdn.net/images/cover/5bd3db964c8a45496b11ef4f5950bff3/250x250-000000-80-0-0.jpg,https://www.deezer.com/album/733757451
12218918,Ya Levis,302012197,L'amour change le monde,2022-03-18,0,https://cdn-images.dzcdn.net/images/cover/7dc0a408fbdec45a02c4e7648e8efb8c/250x250-000000-80-0-0.jpg,https://www.deezer.com/album/302012197
12218918,Ya Levis,233028362,LCLM :Prélude,2021-06-18,0,https://cdn-images.dzcdn.net/images/cover/40662e7ac71f2989568d70a28bcd00a4/250x250-000000-80-0-0.jpg,https://www.deezer.com/album/233028362
12218918,Ya Levis,290406222,LCLM :Prélude,2022-02-04,0,https://cdn-images.dzcdn.net/images/cover/40662e7ac71f2989568d70a28bcd00a4/250x250-000000-80-0-0.jpg,https://www.deezer.com/album/290406222
12218918,Ya Levis,98503622,El mayalove,2019-06-28,0,https://cdn-images.dzcdn.net/images/cover/72f29f7e02b26e58ddbe6196eb8b2452/250x250-000000-80-0-0.jpg,https://www.deezer.com/album/98503622
12218918,Ya Levis,625224871,"Love Machine, pt. 1",2024-09-20,0,https://cdn-images.dzcdn.net/images/cover/b4038ea2d357bf5070cccd0f54d85511/250x250-000000-80-0-0.jpg,https://www.deezer.com/album/625224871
12218918,Ya Levis,711216271,Katalay,2025-02-14,0,https://cdn-images.dzcdn.net/images/cover/b30c833259f600f6dd2cccf1f522e250/250x250-000000-80-0-0.jpg,https://www.deezer.com/album/711216271
12218918,Ya Levis,695745911,One For Me,2025-02-07,0,https://cdn-images.dzcdn.net/images/cover/9a523c81fa4f01d2717c0c759632456b/250x250-000000-80-0-0.jpg,https://www.deezer.com/album/695745911
12218918,Ya Levis,645580831,Nigani,2024-09-19,0,https://cdn-images.dzcdn.net/images/cover/b4038ea2d357bf5070cccd0f54d85511/250x250-000000-80-0-0.jpg,https://www.deezer.com/album/645580831
12218918,Ya Levis,645580841,Come with me,2024-09-19,0,https://cdn-images.dzcdn.net/images/cover/b4038ea2d357bf5070cccd0f54d85511/250x250-000000-80-0-0.jpg,https://www.deezer.com/album/645580841
12218918,Ya Levis,622991681,Sugar daddy,2024-08-23,0,https://cdn-images.dzcdn.net/images/cover/ab55ee946d5f30df0c8bd559f8156fdb/250x250-000000-80-0-0.jpg,https://www.deezer.com/album/622991681
12218918,Ya Levis,574554301,Ne doute pas,2024-05-17,0,https://cdn-images.dzcdn.net/images/cover/11f0777960035b1894fa5cbd98a6f249/250x250-000000-80-0-0.jpg,https://www.deezer.com/album/574554301
12218918,Ya Levis,568753891,Kama,2024-04-12,0,https://cdn-images.dzcdn.net/images/cover/38d3877c6007cd8768dd5b521335bf9f/250x250-000000-80-0-0.jpg,https://www.deezer.com/album/568753891
12218918,Ya Levis,530531512,Rien à dire,2024-01-12,0,https://cdn-images.dzcdn.net/images/cover/e269795ae64f5b4d51b2390a8d0c2072/250x250-000000-80-0-0.jpg,https://www.deezer.com/album/530531512
12218918,Ya Levis,484226635,Insomnie (feat. Ya Levis),2023-09-15,0,https://cdn-images.dzcdn.net/images/cover/cde189317ef475081104a56e5206940b/250x250-000000-80-0-0.jpg,https://www.deezer.com/album/484226635
12218918,Ya Levis,448294655,TAKALA (Remix),2023-06-09,0,https://cdn-images.dzcdn.net/images/cover/1a1f88cbfc46db7c5c981c3807395a33/250x250-000000-80-0-0.jpg,https://www.deezer.com/album/448294655
12218918,Ya Levis,407800967,Takala,2023-02-14,0,https://cdn-images.dzcdn.net/images/cover/d1afcc46b035a4624b85862352e897a4/250x250-000000-80-0-0.jpg,https://www.deezer.com/album/407800967
12218918,Ya Levis,373638897,Toi + Moi (feat. Ya Levis),2022-11-09,0,https://cdn-images.dzcdn.net/images/cover/a923a75d97866b6efc5137d83152760a/250x250-000000-80-0-0.jpg,https://www.deezer.com/album/373638897
12218918,Ya Levis,330885257,Laisser tomber,2022-07-29,0,https://cdn-images.dzcdn.net/images/cover/7aaf3feb89d53bb64b17317f029cc7cd/250x250-000000-80-0-0.jpg,https://www.deezer.com/album/330885257
12218918,Ya Levis,302852667,Un bout de nous,2022-03-17,0,https://cdn-images.dzcdn.net/images/cover/67fab143af35ef3d12f3480533d2388d/250x250-000000-80-0-0.jpg,https://www.deezer.com/album/302852667
12218918,Ya Levis,291410912,Es-tu prête,2022-02-04,0,https://cdn-images.dzcdn.net/images/cover/d7f00a089f898782d077c25bd26d97cb/250x250-000000-80-0-0.jpg,https://www.deezer.com/album/291410912
12218918,Ya Levis,278658832,Pardonne-moi,2021-12-17,0,https://cdn-images.dzcdn.net/images/cover/471c370c226a343c2c5b79fa0922f1bf/250x250-000000-80-0-0.jpg,https://www.deezer.com/album/278658832
12218918,Ya Levis,433211517,Number One,2023-04-30,0,https://cdn-images.dzcdn.net/images/cover/0593971e6d08900e0090c52910ec51aa/250x250-000000-80-0-0.jpg,https://www.deezer.com/album/433211517
12218918,Ya Levis,238923582,YSL (feat. S.Pri Noir & Leto),2021-06-24,0,https://cdn-images.dzcdn.net/images/cover/a98adf33c7b70f2e01e9dafcb7a6a869/250x250-000000-80-0-0.jpg,https://www.deezer.com/album/238923582
12218918,Ya Levis,226480722,Love,2021-05-07,0,https://cdn-images.dzcdn.net/images/cover/83bb2bdca18299e4330b36c1061265ef/250x250-000000-80-0-0.jpg,https://www.deezer.com/album/226480722
12218918,Ya Levis,215812682,Show Me (Montre Moi),2021-03-26,0,https://cdn-images.dzcdn.net/images/cover/b502d46d6b36421b86d9ff251a8b3936/250x250-000000-80-0-0.jpg,https://www.deezer.com/album/215812682
12218918,Ya Levis,201806412,Pour moi (feat. Franglish),2021-01-29,0,https://cdn-images.dzcdn.net/images/cover/ec28014c27925faac5e2312df6592b9d/250x250-000000-80-0-0.jpg,https://www.deezer.com/album/201806412
12218918,Ya Levis,190670772,Nakati,2020-12-18,0,https://cdn-images.dzcdn.net/images/cover/763dd8ee944274a6e09321f977e67f39/250x250-000000-80-0-0.jpg,https://www.deezer.com/album/190670772
12218918,Ya Levis,176999532,Lokesha,2020-10-16,0,https://cdn-images.dzcdn.net/images/cover/f550538f0ada9f9229399b5c7184b595/250x250-000000-80-0-0.jpg,https://www.deezer.com/album/176999532
12218918,Ya Levis,132605532,Snapchat,2020-02-21,0,https://cdn-images.dzcdn.net/images/cover/78282f88b17e92f172d80f78441ffa89/250x250-000000-80-0-0.jpg,https://www.deezer.com/album/132605532
12218918,Ya Levis,94710442,Sale,2019-04-26,0,https://cdn-images.dzcdn.net/images/cover/d0baaf149b270c271192bad4cce24f92/250x250-000000-80-0-0.jpg,https://www.deezer.com/album/94710442
12218918,Ya Levis,86403282,Dis lui,2019-02-14,0,https://cdn-images.dzcdn.net/images/cover/ccb7112578456d748a2a6e9aba4ed143/250x250-000000-80-0-0.jpg,https://www.deezer.com/album/86403282
12218918,Ya Levis,83593152,Libala (Acoustic),2019-01-07,0,https://cdn-images.dzcdn.net/images/cover/ada29df90c5d0b8f7497715667b92dfd/250x250-000000-80-0-0.jpg,https://www.deezer.com/album/83593152
12218918,Ya Levis,76553512,Katchua,2018-10-24,0,https://cdn-images.dzcdn.net/images/cover/ae4929a19ca13387be8138e20f4c3878/250x250-000000-80-0-0.jpg,https://www.deezer.com/album/76553512
12218918,Ya Levis,68602481,Liballa,2018-05-18,0,https://cdn-images.dzcdn.net/images/cover/e429d181135de61fdcc9ec55c4d243ae/250x250-000000-80-0-0.jpg,https://www.deezer.com/album/68602481
12218918,Ya Levis,53943552,Farotema,2017-12-29,0,https://cdn-images.dzcdn.net/images/cover/53fee6d20c91f3e256785fe52f274b62/250x250-000000-80-0-0.jpg,https://www.deezer.com/album/53943552
12218918,Ya Levis,68599221,Cinq ans après,2017-12-08,0,https://cdn-images.dzcdn.net/images/cover/d8cd9e3bba4c3d72fe227612161cf0c2/250x250-000000-80-0-0.jpg,https://www.deezer.com/album/68599221
12218918,Ya Levis,68597721,Elle ne veut pas,2017-11-13,0,https://cdn-images.dzcdn.net/images/cover/cb025e1aeec7ec206ca4d1754ceeba4d/250x250-000000-80-0-0.jpg,https://www.deezer.com/album/68597721
12218918,Ya Levis,15802360,On récolte ce que l'on sème,2017-03-31,0,https://cdn-images.dzcdn.net/images/cover/2bfcc622e5de616ac1bddfe73d2ea8c4/250x250-000000-80-0-0.jpg,https://www.deezer.com/album/15802360
183,TLC,151531812,TLC: Greatest Hits,2020-06-05,0,https://cdn-images.dzcdn.net/images/cover/55e1e14cffa5dc1be1316e544b59dd67/250x250-000000-80-0-0.jpg,https://www.deezer.com/album/151531812
183,TLC,117843312,Creep (Remixes),1994-10-31,0,https://cdn-images.dzcdn.net/images/cover/effd2c670a19b000d23ddc22639d3a20/250x250-000000-80-0-0.jpg,https://www.deezer.com/album/117843312
183,TLC,118139222,Diggin' On You (Remixes),2019-11-14,0,https://cdn-images.dzcdn.net/images/cover/45d9be5172a2df575c7b88f9b5edd7b2/250x250-000000-80-0-0.jpg,https://www.deezer.com/album/118139222
183,TLC,59628432,20 Unreleased,2016-10-18,0,https://cdn-images.dzcdn.net/images/cover/f885856e448273894e3914fed1014341/250x250-000000-80-0-0.jpg,https://www.deezer.com/album/59628432
183,TLC,40849551,TLC (Deluxe),2017-06-30,0,https://cdn-images.dzcdn.net/images/cover/9e564b05dc658813f8cd7760e0cbd871/250x250-000000-80-0-0.jpg,https://www.deezer.com/album/40849551
183,TLC,42864441,Ain't 2 Proud 2 Beg (Remixes),2017-01-01,0,https://cdn-images.dzcdn.net/images/cover/4f51df563588a55813c34e5555227df7/250x250-000000-80-0-0.jpg,https://www.deezer.com/album/42864441
183,TLC,42864461,What About Your Friends (Remixes),2017-06-30,0,https://cdn-images.dzcdn.net/images/cover/d96c5f761be9dbf1c1dcfc056306bbe6/250x250-000000-80-0-0.jpg,https://www.deezer.com/album/42864461
183,TLC,42864481,Hat 2 Da Back / Get It Up (Remixes),2017-06-30,0,https://cdn-images.dzcdn.net/images/cover/ca2d7a879add35799943e6722ae87de7/250x250-000000-80-0-0.jpg,https://www.deezer.com/album/42864481
183,TLC,42864501,Sleigh Ride (Remixes),2017-06-30,0,https://cdn-images.dzcdn.net/images/cover/c6334622232c3073e5afff01c51c90f1/250x250-000000-80-0-0.jpg,https://www.deezer.com/album/42864501
183,TLC,7013404,20,2013-10-11,0,https://cdn-images.dzcdn.net/images/cover/afd86b243f176f37bc41e5531e248a7e/250x250-000000-80-0-0.jpg,https://www.deezer.com/album/7013404
183,TLC,7359026,Now & Forever - The Hits,2014-01-27,0,https://cdn-images.dzcdn.net/images/cover/0962c95935b2530fbd7c2c3af81c7683/250x250-000000-80-0-0.jpg,https://www.deezer.com/album/7359026
183,TLC,71441,3D,2002-11-11,0,https://cdn-images.dzcdn.net/images/cover/1e080e20a7c06c760763c4ca29c6be6b/250x250-000000-80-0-0.jpg,https://www.deezer.com/album/71441
183,TLC,1430490,3D,2002-11-12,0,https://cdn-images.dzcdn.net/images/cover/117d3de030fc638a7f8918297380f411/250x250-000000-80-0-0.jpg,https://www.deezer.com/album/1430490
183,TLC,548563462,Unpretty,1999-05-17,0,https://cdn-images.dzcdn.net/images/cover/76466364e075db8526ba1e99e4718c17/250x250-000000-80-0-0.jpg,https://www.deezer.com/album/548563462
183,TLC,231413,Fanmail,1999-02-22,0,https://cdn-images.dzcdn.net/images/cover/3e0d5e8b40ccd04e401fa0fc236a5d3a/250x250-000000-80-0-0.jpg,https://www.deezer.com/album/231413
183,TLC,118139752,Red Light Special (Remixes),2019-11-14,0,https://cdn-images.dzcdn.net/images/cover/9c5ce6769fe88c68343b80163548d2bf/250x250-000000-80-0-0.jpg,https://www.deezer.com/album/118139752
183,TLC,113976,Crazysexycool,1994-11-15,0,https://cdn-images.dzcdn.net/images/cover/3134fd3fba883b4e6c8df8dc1487dbef/250x250-000000-80-0-0.jpg,https://www.deezer.com/album/113976
183,TLC,667175331,CrazySexyCool (30th Anniversary Edition),2024-11-15,0,https://cdn-images.dzcdn.net/images/cover/5328b3862962f7feba48b04b0a9b1028/250x250-000000-80-0-0.jpg,https://www.deezer.com/album/667175331
183,TLC,42864421,Baby-Baby-Baby (Remixes),2017-06-30,0,https://cdn-images.dzcdn.net/images/cover/7499c77f6f10e8cbcabfcb8e88bc8be1/250x250-000000-80-0-0.jpg,https://www.deezer.com/album/42864421
183,TLC,116320,Ooooooohhh... On The TLC Tip,1992-02-25,0,https://cdn-images.dzcdn.net/images/cover/6b4ddb3c59104a450d9539bd6dc527ac/250x250-000000-80-0-0.jpg,https://www.deezer.com/album/116320
183,TLC,547986982,Dear Lie,1999-12-06,0,https://cdn-images.dzcdn.net/images/cover/87bbbca22007edb05fef438f83bb1323/250x250-000000-80-0-0.jpg,https://www.deezer.com/album/547986982
183,TLC,547950412,No Scrubs,1999-02-02,0,https://cdn-images.dzcdn.net/images/cover/6799769287ffd21571f23459f71e8e1e/250x250-000000-80-0-0.jpg,https://www.deezer.com/album/547950412
183,TLC,548067132,Silly Ho,1998-12-29,0,https://cdn-images.dzcdn.net/images/cover/9f96879663da1a34547baa0981d47e6c/250x250-000000-80-0-0.jpg,https://www.deezer.com/album/548067132
183,TLC,117843052,Waterfalls (Remixes),2019-11-14,0,https://cdn-images.dzcdn.net/images/cover/c4741e6a22b040d3b1e43708e1e31383/250x250-000000-80-0-0.jpg,https://www.deezer.com/album/117843052
183,TLC,664181501,Creep (Pessto Radio Remix),2024-11-08,0,https://cdn-images.dzcdn.net/images/cover/5328b3862962f7feba48b04b0a9b1028/250x250-000000-80-0-0.jpg,https://www.deezer.com/album/664181501
183,TLC,41032231,American Gold,2017-06-23,0,https://cdn-images.dzcdn.net/images/cover/4095218c0be5773f4ca3de3b8d453399/250x250-000000-80-0-0.jpg,https://www.deezer.com/album/41032231
183,TLC,42195701,It's Sunny,2017-06-02,0,https://cdn-images.dzcdn.net/images/cover/9e564b05dc658813f8cd7760e0cbd871/250x250-000000-80-0-0.jpg,https://www.deezer.com/album/42195701
183,TLC,40779661,Haters,2017-05-05,0,https://cdn-images.dzcdn.net/images/cover/922bec25bb60a8bcd2d57863f7b2f0e7/250x250-000000-80-0-0.jpg,https://www.deezer.com/album/40779661
183,TLC,39590531,Way Back,2017-04-14,0,https://cdn-images.dzcdn.net/images/cover/6392531640bfba54c6fa119fde6a46b9/250x250-000000-80-0-0.jpg,https://www.deezer.com/album/39590531
183,TLC,120124042,All That (Theme Song),1996-11-26,0,https://cdn-images.dzcdn.net/images/cover/a67b11ea5c05d01ee26beb67c2324475/250x250-000000-80-0-0.jpg,https://www.deezer.com/album/120124042
6243,The Pointer Sisters,51337702,The Essential Pointer Sisters,2017-12-15,0,https://cdn-images.dzcdn.net/images/cover/3636d8b56f23cc59382750ac0f32b0fc/250x250-000000-80-0-0.jpg,https://www.deezer.com/album/51337702
6243,The Pointer Sisters,10883698,Jump - Live,2015-07-20,0,https://cdn-images.dzcdn.net/images/cover/81e98eead45db88e5989a4e465b0b60f/250x250-000000-80-0-0.jpg,https://www.deezer.com/album/10883698
6243,The Pointer Sisters,9815840,I'm So Excited - Live,2015-02-27,0,https://cdn-images.dzcdn.net/images/cover/a57a2774403bda06f294b985ccdf9988/250x250-000000-80-0-0.jpg,https://www.deezer.com/album/9815840
6243,The Pointer Sisters,1126301,Automatic 'Live',2011-05-01,0,https://cdn-images.dzcdn.net/images/cover/52ad9cf8c0370ded975bdf7657decebd/250x250-000000-80-0-0.jpg,https://www.deezer.com/album/1126301
6243,The Pointer Sisters,529904,Goldmine: The Best Of The Pointer Sisters,2012-03-23,0,https://cdn-images.dzcdn.net/images/cover/5fafdc390734b8f96dd53247ccdaf09b/250x250-000000-80-0-0.jpg,https://www.deezer.com/album/529904
6243,The Pointer Sisters,169535,Greatest Hits Live,2008-04-15,0,https://cdn-images.dzcdn.net/images/cover/7e8c33e76e46710bc4ea0ea7df3d8871/250x250-000000-80-0-0.jpg,https://www.deezer.com/album/169535
6243,The Pointer Sisters,220458,Dance Vault Remixes,2006-05-30,0,https://cdn-images.dzcdn.net/images/cover/67baa44ea721feb157c6054d53ba6bcb/250x250-000000-80-0-0.jpg,https://www.deezer.com/album/220458
6243,The Pointer Sisters,76468,Nur das Beste,2005-01-03,0,https://cdn-images.dzcdn.net/images/cover/b22c03e6e0c0b4e00b00ec60591bb0e8/250x250-000000-80-0-0.jpg,https://www.deezer.com/album/76468
6243,The Pointer Sisters,1441962,Platinum & Gold Collection,2004-04-08,0,https://cdn-images.dzcdn.net/images/cover/fe1528bfd608f537e165e3a9fe4bb79a/250x250-000000-80-0-0.jpg,https://www.deezer.com/album/1441962
6243,The Pointer Sisters,72061,Collections,2006-01-01,0,https://cdn-images.dzcdn.net/images/cover/fe6400d84e249e3800f3df2da1e91958/250x250-000000-80-0-0.jpg,https://www.deezer.com/album/72061
6243,The Pointer Sisters,76388,I'm So Excited - The Very Best Of,2003-06-06,0,https://cdn-images.dzcdn.net/images/cover/640b4527a6141e35d371a7c86bbcc15c/250x250-000000-80-0-0.jpg,https://www.deezer.com/album/76388
6243,The Pointer Sisters,1207598,Love Songs,2002-09-01,0,https://cdn-images.dzcdn.net/images/cover/379177d2af7623a3a20e0cd433b3d06c/250x250-000000-80-0-0.jpg,https://www.deezer.com/album/1207598
6243,The Pointer Sisters,1207490,Love Songs,2002-01-26,0,https://cdn-images.dzcdn.net/images/cover/379177d2af7623a3a20e0cd433b3d06c/250x250-000000-80-0-0.jpg,https://www.deezer.com/album/1207490
6243,The Pointer Sisters,108208,Hits!,2001-07-09,0,https://cdn-images.dzcdn.net/images/cover/96a6d9eb6d1cf3589524ab48bc51ca32/250x250-000000-80-0-0.jpg,https://www.deezer.com/album/108208
6243,The Pointer Sisters,1442155,The Best Of The Pointer Sisters,2000-03-06,0,https://cdn-images.dzcdn.net/images/cover/aa5da3e6cc446c0bc30988c9118ad543/250x250-000000-80-0-0.jpg,https://www.deezer.com/album/1442155
6243,The Pointer Sisters,108110,The Best Of The Pointer Sisters,2000-02-01,0,https://cdn-images.dzcdn.net/images/cover/408d1990f57e228bc862ec29d864ee85/250x250-000000-80-0-0.jpg,https://www.deezer.com/album/108110
6243,The Pointer Sisters,114575,Best Of,1989-10-21,0,https://cdn-images.dzcdn.net/images/cover/f050b0017008ba7eb9d0f874d0b8e073/250x250-000000-80-0-0.jpg,https://www.deezer.com/album/114575
6243,The Pointer Sisters,114172,Fire! The Very Best of The Pointer Sisters,1989-09-21,0,https://cdn-images.dzcdn.net/images/cover/563817d8a3d3cb85745622324bfb4e4c/250x250-000000-80-0-0.jpg,https://www.deezer.com/album/114172
6243,The Pointer Sisters,1436082,Greatest Hits,1989-08-12,0,https://cdn-images.dzcdn.net/images/cover/3e03bd29ca5fe63056d68f833e80a1c1/250x250-000000-80-0-0.jpg,https://www.deezer.com/album/1436082
6243,The Pointer Sisters,76474,JUMP - The Best Of,2004-03-20,0,https://cdn-images.dzcdn.net/images/cover/5342422eccda971424e8492116fd7e34/250x250-000000-80-0-0.jpg,https://www.deezer.com/album/76474
6243,The Pointer Sisters,113963,Greatest Hits,1997-03-01,0,https://cdn-images.dzcdn.net/images/cover/3e03bd29ca5fe63056d68f833e80a1c1/250x250-000000-80-0-0.jpg,https://www.deezer.com/album/113963
6243,The Pointer Sisters,294526,Jump: The Best Of,2009-04-30,0,https://cdn-images.dzcdn.net/images/cover/598edb38b88b53089460e327bb32a9d5/250x250-000000-80-0-0.jpg,https://www.deezer.com/album/294526
6243,The Pointer Sisters,39506351,Serious Slammin' (Expanded Edition),1988-02-01,0,https://cdn-images.dzcdn.net/images/cover/1040adb0822382018bbf4c73c61eaea2/250x250-000000-80-0-0.jpg,https://www.deezer.com/album/39506351
6243,The Pointer Sisters,39506361,Hot Together (Expanded Edition),1986-02-01,0,https://cdn-images.dzcdn.net/images/cover/884c04014dd2634df50533dd58bfa1e1/250x250-000000-80-0-0.jpg,https://www.deezer.com/album/39506361
6243,The Pointer Sisters,3829451,Contact,2012-07-03,0,https://cdn-images.dzcdn.net/images/cover/bb226e7bcc61cb4c12b8039df4c47dbc/250x250-000000-80-0-0.jpg,https://www.deezer.com/album/3829451
6243,The Pointer Sisters,39506421,Contact (Expanded Edition),1985-02-01,0,https://cdn-images.dzcdn.net/images/cover/5bbe7d2bb9f2a1d0a4ebdff4c40ff4fb/250x250-000000-80-0-0.jpg,https://www.deezer.com/album/39506421
6243,The Pointer Sisters,114132,Break Out,1984-07-31,0,https://cdn-images.dzcdn.net/images/cover/b03e02a10cba704f20e66a002c91243f/250x250-000000-80-0-0.jpg,https://www.deezer.com/album/114132
6243,The Pointer Sisters,39506371,Break Out (1984 Version - Expanded Edition),1984-02-01,0,https://cdn-images.dzcdn.net/images/cover/c6d4792f2721a7169e5383d1e8ce1688/250x250-000000-80-0-0.jpg,https://www.deezer.com/album/39506371
6243,The Pointer Sisters,39683021,Break Out (1983 Version - Expanded Edition),1983-04-01,0,https://cdn-images.dzcdn.net/images/cover/57b28f61c769c1aefa633577bc3f5737/250x250-000000-80-0-0.jpg,https://www.deezer.com/album/39683021
6243,The Pointer Sisters,39506411,So Excited! (Expanded Edition),1982-02-01,0,https://cdn-images.dzcdn.net/images/cover/3744e9fc5f2d34c051d0c01bf4ff0d9c/250x250-000000-80-0-0.jpg,https://www.deezer.com/album/39506411
6243,The Pointer Sisters,8281814,Black & White (Expanded Edition),2009-07-26,0,https://cdn-images.dzcdn.net/images/cover/a7d45b421d3148b1a663eefdd930ff4f/250x250-000000-80-0-0.jpg,https://www.deezer.com/album/8281814
6243,The Pointer Sisters,529917,Special Things (Bonus Track Version),2010-04-23,0,https://cdn-images.dzcdn.net/images/cover/6a638655f31b69292a4bedd391bc7716/250x250-000000-80-0-0.jpg,https://www.deezer.com/album/529917
6243,The Pointer Sisters,529916,Priority (Bonus Track Version),2010-04-23,0,https://cdn-images.dzcdn.net/images/cover/4eef970029372c2766df9c44f9c8d95d/250x250-000000-80-0-0.jpg,https://www.deezer.com/album/529916
6243,The Pointer Sisters,554207,Energy (Expanded Edition),2010-04-23,0,https://cdn-images.dzcdn.net/images/cover/89c5236c5c4285fe0219de7ed938987d/250x250-000000-80-0-0.jpg,https://www.deezer.com/album/554207
6243,The Pointer Sisters,122650,Having A Party,2006-01-01,0,https://cdn-images.dzcdn.net/images/cover/1c21f1c6a342a53b241a1e9cc9e4e3ba/250x250-000000-80-0-0.jpg,https://www.deezer.com/album/122650
6243,The Pointer Sisters,125658,Steppin',2007-03-26,0,https://cdn-images.dzcdn.net/images/cover/e0cc47e4a67c9c6230f3fe6646b55e15/250x250-000000-80-0-0.jpg,https://www.deezer.com/album/125658
6243,The Pointer Sisters,123410,Live At The Opera House,2007-03-26,0,https://cdn-images.dzcdn.net/images/cover/900bc11740914faa5f0262798a88b41a/250x250-000000-80-0-0.jpg,https://www.deezer.com/album/123410
6243,The Pointer Sisters,125798,That's A Plenty,2007-03-26,0,https://cdn-images.dzcdn.net/images/cover/e1ada4b37bb127b682262d0dfd9adb71/250x250-000000-80-0-0.jpg,https://www.deezer.com/album/125798
6243,The Pointer Sisters,11925612,Insanity,2015-12-11,0,https://cdn-images.dzcdn.net/images/cover/a3d725cce2005ee7a5ca0eede89713d6/250x250-000000-80-0-0.jpg,https://www.deezer.com/album/11925612
34,Barry White,76834902,The 20th Century Records Albums (1973-1979),2018-10-26,0,https://cdn-images.dzcdn.net/images/cover/7e8d38a5f99c4785afaf390165c74139/250x250-000000-80-0-0.jpg,https://www.deezer.com/album/76834902
34,Barry White,60688292,Love's Theme: The Best Of The 20th Century Records Singles,2018-04-13,0,https://cdn-images.dzcdn.net/images/cover/0cf61d2e7eda7ba98bbc9e49c642f5e0/250x250-000000-80-0-0.jpg,https://www.deezer.com/album/60688292
34,Barry White,60688372,The Complete 20th Century Records Singles (1973-1979),2018-04-13,0,https://cdn-images.dzcdn.net/images/cover/507b43e01904c116c01f3bc043280f5b/250x250-000000-80-0-0.jpg,https://www.deezer.com/album/60688372
34,Barry White,87716892,Unlimited,2019-02-22,0,https://cdn-images.dzcdn.net/images/cover/ae31442fd610e9ce5d50360286799b42/250x250-000000-80-0-0.jpg,https://www.deezer.com/album/87716892
34,Barry White,115637942,Number Ones,2019-10-25,0,https://cdn-images.dzcdn.net/images/cover/5b2c262ddb7a19de61eba60379ed845d/250x250-000000-80-0-0.jpg,https://www.deezer.com/album/115637942
34,Barry White,70112882,Love Songs,2018-08-10,0,https://cdn-images.dzcdn.net/images/cover/9ea0e6a97323e4e9d6ed5216eafc5772/250x250-000000-80-0-0.jpg,https://www.deezer.com/album/70112882
34,Barry White,134224212,Gold,2020-03-06,0,https://cdn-images.dzcdn.net/images/cover/3173fd0964cef6bd25d99e12d86d6ebc/250x250-000000-80-0-0.jpg,https://www.deezer.com/album/134224212
34,Barry White,70480312,The Ultimate Collection,2000-10-02,0,https://cdn-images.dzcdn.net/images/cover/6e95267f3dddd292222e8b748f64e772/250x250-000000-80-0-0.jpg,https://www.deezer.com/album/70480312
34,Barry White,117793,The Icon Is Love,1994-09-09,0,https://cdn-images.dzcdn.net/images/cover/57f63b91ee4478e5f4c25d6640802d65/250x250-000000-80-0-0.jpg,https://www.deezer.com/album/117793
34,Barry White,286886,Put Me In Your Mix,1991-01-01,0,https://cdn-images.dzcdn.net/images/cover/c2a49784309f8d98d315648017bbf886/250x250-000000-80-0-0.jpg,https://www.deezer.com/album/286886
34,Barry White,294210,The Man Is Back!,1989-01-01,0,https://cdn-images.dzcdn.net/images/cover/d297e231b3a85d6c87e750f1b28187ea/250x250-000000-80-0-0.jpg,https://www.deezer.com/album/294210
34,Barry White,70113142,Barry White - The Collection,2018-08-10,0,https://cdn-images.dzcdn.net/images/cover/5d4d9be63470e9c842f8d504aabc8bd6/250x250-000000-80-0-0.jpg,https://www.deezer.com/album/70113142
34,Barry White,5941983,The Right Night And Barry White,1987-01-01,0,https://cdn-images.dzcdn.net/images/cover/5743e6698df5959da87be1d452b9a6d5/250x250-000000-80-0-0.jpg,https://www.deezer.com/album/5941983
34,Barry White,71053732,Barry White's Greatest Hits Volume 2 (Reissue),2018-08-10,0,https://cdn-images.dzcdn.net/images/cover/01270346da5fa535e48fe93b022ecdcc/250x250-000000-80-0-0.jpg,https://www.deezer.com/album/71053732
34,Barry White,9071917,I Love To Sing The Songs I Sing,2014-11-10,0,https://cdn-images.dzcdn.net/images/cover/159fd111f801827ce1be4ded4269bd60/250x250-000000-80-0-0.jpg,https://www.deezer.com/album/9071917
34,Barry White,70118022,The Man,1996-11-01,0,https://cdn-images.dzcdn.net/images/cover/412ebb06be71452d2958c875399aaece/250x250-000000-80-0-0.jpg,https://www.deezer.com/album/70118022
34,Barry White,70480142,All-Time Greatest Hits,1994-04-26,0,https://cdn-images.dzcdn.net/images/cover/f070e665075dd67ee1fef805ad63c0b2/250x250-000000-80-0-0.jpg,https://www.deezer.com/album/70480142
34,Barry White,70112822,Barry White Sings For Someone You Love,1996-11-01,0,https://cdn-images.dzcdn.net/images/cover/c46072bdde4b057bd93988e9946f964c/250x250-000000-80-0-0.jpg,https://www.deezer.com/album/70112822
34,Barry White,71053262,Is This Whatcha Wont?,1976-01-01,0,https://cdn-images.dzcdn.net/images/cover/1b85855fd433dc9e605fddbaa0f1432b/250x250-000000-80-0-0.jpg,https://www.deezer.com/album/71053262
34,Barry White,70483802,Let The Music Play (Expanded Edition),2018-08-10,0,https://cdn-images.dzcdn.net/images/cover/e427fd64d4364b9c0a8d8a929c9aeaab/250x250-000000-80-0-0.jpg,https://www.deezer.com/album/70483802
34,Barry White,70484032,Let The Music Play,1976-01-01,0,https://cdn-images.dzcdn.net/images/cover/c0007d2a882209a050a7d354d834a0fb/250x250-000000-80-0-0.jpg,https://www.deezer.com/album/70484032
34,Barry White,70483722,Just Another Way To Say I Love You,2005-07-12,0,https://cdn-images.dzcdn.net/images/cover/9fcfa45eb662eac6de33b8ca7e3cdd4f/250x250-000000-80-0-0.jpg,https://www.deezer.com/album/70483722
34,Barry White,70114272,Barry White's Greatest Hits,1975-01-01,0,https://cdn-images.dzcdn.net/images/cover/04006fbbc4dda9cb6990b24a7f0428f8/250x250-000000-80-0-0.jpg,https://www.deezer.com/album/70114272
34,Barry White,80675672,Together Brothers (Original Motion Picture Soundtrack),2014-09-02,0,https://cdn-images.dzcdn.net/images/cover/cc1ed034a29f080037bb3de0350146ba/250x250-000000-80-0-0.jpg,https://www.deezer.com/album/80675672
34,Barry White,71053112,Can't Get Enough,2018-08-10,0,https://cdn-images.dzcdn.net/images/cover/2743668f2f742eeceda0fef461d7284e/250x250-000000-80-0-0.jpg,https://www.deezer.com/album/71053112
34,Barry White,246020,Stone Gon',1973-01-01,0,https://cdn-images.dzcdn.net/images/cover/dde7c9124eeae13e1972137074976b3a/250x250-000000-80-0-0.jpg,https://www.deezer.com/album/246020
34,Barry White,81455842,I've Got So Much To Give,2018-12-14,0,https://cdn-images.dzcdn.net/images/cover/f9cd92861ffd24aaeaa83f90941eca64/250x250-000000-80-0-0.jpg,https://www.deezer.com/album/81455842
34,Barry White,293579802,Barry White & Candlelight: A Love Collection Pt. 1,2022-02-14,0,https://cdn-images.dzcdn.net/images/cover/5a9dd73c0424f825f6814efd21e346cd/250x250-000000-80-0-0.jpg,https://www.deezer.com/album/293579802
34,Barry White,293579822,Barry White & Candlelight: A Love Collection Pt. 2,2022-02-14,0,https://cdn-images.dzcdn.net/images/cover/8e70198461a3896aff2b068105362884/250x250-000000-80-0-0.jpg,https://www.deezer.com/album/293579822
34,Barry White,320968487,Practice What You Preach,1994-12-06,0,https://cdn-images.dzcdn.net/images/cover/cda8e4df6f7414335e45a7bfd65d44ec/250x250-000000-80-0-0.jpg,https://www.deezer.com/album/320968487
34,Barry White,292921232,"Never, Never Gonna Give Ya Up (Bossmen Remix)",2022-02-11,0,https://cdn-images.dzcdn.net/images/cover/46827a0b0af12bce6bf2a76859fa491c/250x250-000000-80-0-0.jpg,https://www.deezer.com/album/292921232
14482665,Summer Walker,384111017,Home For The Holidays Vol. 2,2022-12-06,0,https://cdn-images.dzcdn.net/images/cover/a193439e53fe090eada8152f93ac5ad4/250x250-000000-80-0-0.jpg,https://www.deezer.com/album/384111017
14482665,Summer Walker,270644462,Still Over It,2021-11-05,0,https://cdn-images.dzcdn.net/images/cover/7f04491a6e3620afdb3bb2055ce74f5e/250x250-000000-80-0-0.jpg,https://www.deezer.com/album/270644462
14482665,Summer Walker,185289032,Home For The Holidays,2020-11-16,0,https://cdn-images.dzcdn.net/images/cover/69b4d59ec00afe6fd47d425c47c7fc7b/250x250-000000-80-0-0.jpg,https://www.deezer.com/album/185289032
14482665,Summer Walker,113016222,Over It,2019-10-04,0,https://cdn-images.dzcdn.net/images/cover/7504af2459c0ab75c89f832145347194/250x250-000000-80-0-0.jpg,https://www.deezer.com/album/113016222
14482665,Summer Walker,186220782,Over It (Complete Set),2020-11-20,0,https://cdn-images.dzcdn.net/images/cover/de6ac1a352f93444431976f09ee7109e/250x250-000000-80-0-0.jpg,https://www.deezer.com/album/186220782
14482665,Summer Walker,89198532,Last Day Of Summer,2019-03-08,0,https://cdn-images.dzcdn.net/images/cover/4ba5878f51f5aa6f1995b2ba72878f0a/250x250-000000-80-0-0.jpg,https://www.deezer.com/album/89198532
14482665,Summer Walker,370685287,Last Day Of Summer (Sped Up),2022-10-31,0,https://cdn-images.dzcdn.net/images/cover/89872a077ef7edb279758c9e607df6b7/250x250-000000-80-0-0.jpg,https://www.deezer.com/album/370685287
14482665,Summer Walker,442051607,CLEAR 2: SOFT LIFE EP,2023-05-19,0,https://cdn-images.dzcdn.net/images/cover/c3f1a3b7bba7d2bee8514ed89a40146f/250x250-000000-80-0-0.jpg,https://www.deezer.com/album/442051607
14482665,Summer Walker,159514962,Life On Earth - EP,2020-07-10,0,https://cdn-images.dzcdn.net/images/cover/d734d316cc7cabb4e2a59be2fb779963/250x250-000000-80-0-0.jpg,https://www.deezer.com/album/159514962
14482665,Summer Walker,84922672,CLEAR,2019-01-25,0,https://cdn-images.dzcdn.net/images/cover/a89662df5a2f8f9cbcc60397062de964/250x250-000000-80-0-0.jpg,https://www.deezer.com/album/84922672
14482665,Summer Walker,811141941,STRUGGLE (feat. Buju Banton & Jaz Karis),2025-08-28,0,https://cdn-images.dzcdn.net/images/cover/785aa4cb6164021da3895913f3b3e7a5/250x250-000000-80-0-0.jpg,https://www.deezer.com/album/811141941
14482665,Summer Walker,747532141,Spend It,2025-05-02,0,https://cdn-images.dzcdn.net/images/cover/f5f03cf6fc84f3aa6c48f3022df49233/250x250-000000-80-0-0.jpg,https://www.deezer.com/album/747532141
14482665,Summer Walker,739102391,Heart Of A Woman (Nektunez Mix),2025-04-11,0,https://cdn-images.dzcdn.net/images/cover/8c0b4b895f4b68ade702151bbe9710fe/250x250-000000-80-0-0.jpg,https://www.deezer.com/album/739102391
14482665,Summer Walker,739102411,Heart Of A Woman (DJ Maphorisa & Xduppy MIx),2025-04-11,0,https://cdn-images.dzcdn.net/images/cover/68e631f36d3854528d9d842ce29173ee/250x250-000000-80-0-0.jpg,https://www.deezer.com/album/739102411
14482665,Summer Walker,716814961,Session 32 - Live From London (Wireless Festival),2025-02-24,0,https://cdn-images.dzcdn.net/images/cover/969158b3d4842f201d01000fbe20d405/250x250-000000-80-0-0.jpg,https://www.deezer.com/album/716814961
14482665,Summer Walker,695992791,POOKIE’S REQUIEM (feat. Summer Walker) (hehe look y'all I made it longer),2025-01-24,0,https://cdn-images.dzcdn.net/images/cover/82be738539b9461d01ad017fcc0c6ae3/250x250-000000-80-0-0.jpg,https://www.deezer.com/album/695992791
14482665,Summer Walker,669381601,Heart Of A Woman (Quiet Storm),2024-11-20,0,https://cdn-images.dzcdn.net/images/cover/6e93eeca0bd8c88584936e9abb2328e6/250x250-000000-80-0-0.jpg,https://www.deezer.com/album/669381601
14482665,Summer Walker,677048231,You're Stuck (feat. Summer Walker),2024-11-14,0,https://cdn-images.dzcdn.net/images/cover/d3efea0b4d3d7cdea30aad87b0aa83ce/250x250-000000-80-0-0.jpg,https://www.deezer.com/album/677048231
14482665,Summer Walker,658447941,Heart Of A Woman,2024-10-25,0,https://cdn-images.dzcdn.net/images/cover/81a95987e8f8b40e2b235b4fc0fb0dd2/250x250-000000-80-0-0.jpg,https://www.deezer.com/album/658447941
14482665,Summer Walker,658447951,Heart Of A Woman,2024-10-25,0,https://cdn-images.dzcdn.net/images/cover/4c91e965ba3ebdbdc0a0e965b39fef87/250x250-000000-80-0-0.jpg,https://www.deezer.com/album/658447951
14482665,Summer Walker,654957391,+1 (404) 476-6404,2024-10-11,0,https://cdn-images.dzcdn.net/images/cover/7d72b10e0f70046ebf21f2945d115e86/250x250-000000-80-0-0.jpg,https://www.deezer.com/album/654957391
14482665,Summer Walker,580827721,Songs About U,2024-05-31,0,https://cdn-images.dzcdn.net/images/cover/37311d728baff93dae98fb41310110d4/250x250-000000-80-0-0.jpg,https://www.deezer.com/album/580827721
14482665,Summer Walker,594826372,Songs About U,2024-05-30,0,https://cdn-images.dzcdn.net/images/cover/37311d728baff93dae98fb41310110d4/250x250-000000-80-0-0.jpg,https://www.deezer.com/album/594826372
14482665,Summer Walker,550561892,Your Friends (feat. Summer Walker),2024-02-22,0,https://cdn-images.dzcdn.net/images/cover/46d04136341bcfec0d6a46018e7d3d9f/250x250-000000-80-0-0.jpg,https://www.deezer.com/album/550561892
14482665,Summer Walker,550563302,Your Friends (feat. Summer Walker),2024-02-21,0,https://cdn-images.dzcdn.net/images/cover/cf8f8b00fe9c01827d20a64f962007ec/250x250-000000-80-0-0.jpg,https://www.deezer.com/album/550563302
14482665,Summer Walker,518501012,I Might (feat. Summer Walker),2023-11-30,0,https://cdn-images.dzcdn.net/images/cover/4f1316a7b5e9cef1c29fe5083f660bea/250x250-000000-80-0-0.jpg,https://www.deezer.com/album/518501012
14482665,Summer Walker,492662991,Hell N Back (feat. Summer Walker),2023-09-21,0,https://cdn-images.dzcdn.net/images/cover/35d3ba7440091c12e8380b791ad5d205/250x250-000000-80-0-0.jpg,https://www.deezer.com/album/492662991
14482665,Summer Walker,464355115,Good Good,2023-08-04,0,https://cdn-images.dzcdn.net/images/cover/4a7ab5e2c79ace3abf4507018b629ef3/250x250-000000-80-0-0.jpg,https://www.deezer.com/album/464355115
14482665,Summer Walker,416316287,So Be It (Remix),2023-03-16,0,https://cdn-images.dzcdn.net/images/cover/a512ad3a10d2c64335612505c471c774/250x250-000000-80-0-0.jpg,https://www.deezer.com/album/416316287
14482665,Summer Walker,384799807,Tell Me It's Over,2022-12-14,0,https://cdn-images.dzcdn.net/images/cover/8d07de7e5a548a1101b6fe5ec27bca1c/250x250-000000-80-0-0.jpg,https://www.deezer.com/album/384799807
14482665,Summer Walker,664410101,Better Thangs,2022-09-28,0,https://cdn-images.dzcdn.net/images/cover/3f0c9f63a49c383aca48a785644b2c7c/250x250-000000-80-0-0.jpg,https://www.deezer.com/album/664410101
14482665,Summer Walker,664481751,Better Thangs (Remix) [feat. GloRilla],2022-09-28,0,https://cdn-images.dzcdn.net/images/cover/3faab978a2e473b9dd222847f968087b/250x250-000000-80-0-0.jpg,https://www.deezer.com/album/664481751
14482665,Summer Walker,349770517,Queen Space,2022-08-31,0,https://cdn-images.dzcdn.net/images/cover/cd5fa46d60a08c8aea4dc353c4e47216/250x250-000000-80-0-0.jpg,https://www.deezer.com/album/349770517
14482665,Summer Walker,342410187,Best Friends (Remix),2022-08-05,0,https://cdn-images.dzcdn.net/images/cover/2fc1e61f1f6b8d2c813a76f62070309e/250x250-000000-80-0-0.jpg,https://www.deezer.com/album/342410187
14482665,Summer Walker,305425637,No Love (Extended Version),2022-03-25,0,https://cdn-images.dzcdn.net/images/cover/ef3cc210507833d547607a5a95e4c05f/250x250-000000-80-0-0.jpg,https://www.deezer.com/album/305425637
14482665,Summer Walker,265526192,Ex For A Reason,2021-10-15,0,https://cdn-images.dzcdn.net/images/cover/18175e00d9f4cb0329564b09470d6763/250x250-000000-80-0-0.jpg,https://www.deezer.com/album/265526192
14482665,Summer Walker,257893432,You Will Be Found (From The “Dear Evan Hansen” Original Motion Picture Soundtrack),2021-09-17,0,https://cdn-images.dzcdn.net/images/cover/51ba63047a417af476eccf52d75e41de/250x250-000000-80-0-0.jpg,https://www.deezer.com/album/257893432
14482665,Summer Walker,203606632,Bullshit,2021-02-05,0,https://cdn-images.dzcdn.net/images/cover/3c95e4a2808ed0e0867cd8fe8660ac5d/250x250-000000-80-0-0.jpg,https://www.deezer.com/album/203606632
14482665,Summer Walker,169419102,Love Cycle,2020-08-28,0,https://cdn-images.dzcdn.net/images/cover/1c988a4588513df9f32ce3d7f416e204/250x250-000000-80-0-0.jpg,https://www.deezer.com/album/169419102
14482665,Summer Walker,433999827,White Tee (Sped Up),2023-05-01,0,https://cdn-images.dzcdn.net/images/cover/8c9708ba371cd1523620d28b3a849363/250x250-000000-80-0-0.jpg,https://www.deezer.com/album/433999827
14482665,Summer Walker,129493392,Yummy (Summer Walker Remix),2020-02-03,0,https://cdn-images.dzcdn.net/images/cover/03acd0b42b83cd862ad7a7128dac1132/250x250-000000-80-0-0.jpg,https://www.deezer.com/album/129493392
14482665,Summer Walker,241350892,Falling (Summer Walker Remix),2020-01-31,0,https://cdn-images.dzcdn.net/images/cover/a90d7ee77990af6a32d1fe2606150e30/250x250-000000-80-0-0.jpg,https://www.deezer.com/album/241350892
14482665,Summer Walker,119385022,Something Real,2019-11-22,0,https://cdn-images.dzcdn.net/images/cover/27c7d5ca270884ea2ecee0a9ded53e3f/250x250-000000-80-0-0.jpg,https://www.deezer.com/album/119385022
14482665,Summer Walker,501030741,Girls Need Love (Girls Mix),2023-10-20,0,https://cdn-images.dzcdn.net/images/cover/fa59cd46e53198633e35c1fac97521cf/250x250-000000-80-0-0.jpg,https://www.deezer.com/album/501030741
14482665,Summer Walker,60295002,Session 32,2018-04-05,0,https://cdn-images.dzcdn.net/images/cover/cd3a3a02805c4b88eba2e46be966174d/250x250-000000-80-0-0.jpg,https://www.deezer.com/album/60295002
465,Mario,680018941,Glad You Came,2024-12-13,0,https://cdn-images.dzcdn.net/images/cover/b1fc4096112015945f9fcfccbcd6d949/250x250-000000-80-0-0.jpg,https://www.deezer.com/album/680018941
465,Mario,680019961,Glad You Came,2024-12-12,0,https://cdn-images.dzcdn.net/images/cover/b1fc4096112015945f9fcfccbcd6d949/250x250-000000-80-0-0.jpg,https://www.deezer.com/album/680019961
465,Mario,72782682,Dancing Shadows,2018-10-05,0,https://cdn-images.dzcdn.net/images/cover/4b4a3dbfa7774a4b58c3c8a5e81bc308/250x250-000000-80-0-0.jpg,https://www.deezer.com/album/72782682
465,Mario,397571,D.N.A.,2009-10-08,0,https://cdn-images.dzcdn.net/images/cover/05470479af9fa6794d9f4e4a183ada43/250x250-000000-80-0-0.jpg,https://www.deezer.com/album/397571
465,Mario,382056,Go,2007-12-10,0,https://cdn-images.dzcdn.net/images/cover/216f6bf7c9a51507001c3b4c60ec7a5a/250x250-000000-80-0-0.jpg,https://www.deezer.com/album/382056
465,Mario,77174482,Go,2007-12-11,0,https://cdn-images.dzcdn.net/images/cover/048e1806e91743ff16538a80b8b6aab9/250x250-000000-80-0-0.jpg,https://www.deezer.com/album/77174482
465,Mario,76228,Turning Point,2004-12-07,0,https://cdn-images.dzcdn.net/images/cover/4b0c634703838fa3e7caac51fcf1940d/250x250-000000-80-0-0.jpg,https://www.deezer.com/album/76228
465,Mario,76805,Turning Point,2004-12-13,0,https://cdn-images.dzcdn.net/images/cover/d6dd17932f47655384e14833a109ebfd/250x250-000000-80-0-0.jpg,https://www.deezer.com/album/76805
465,Mario,382073,Turning Point,2009-08-06,0,https://cdn-images.dzcdn.net/images/cover/4be35946645bebfa60aed16e90c2307e/250x250-000000-80-0-0.jpg,https://www.deezer.com/album/382073
465,Mario,6776455,Turning Point,2005-03-05,0,https://cdn-images.dzcdn.net/images/cover/bd14759e5d71389efde8bcd1a75771bf/250x250-000000-80-0-0.jpg,https://www.deezer.com/album/6776455
465,Mario,76816,Turning Point,2010-02-10,0,https://cdn-images.dzcdn.net/images/cover/cdf33d9c87aa7ec21360e14ab43b3e58/250x250-000000-80-0-0.jpg,https://www.deezer.com/album/76816
465,Mario,71103,Mario,2002-07-22,0,https://cdn-images.dzcdn.net/images/cover/21933022498fe69e886ed7b198cf58b4/250x250-000000-80-0-0.jpg,https://www.deezer.com/album/71103
465,Mario,1207700,Mario,1990-01-01,0,https://cdn-images.dzcdn.net/images/cover/5d8fc9808ac8b494bc3e7b7c7b777abf/250x250-000000-80-0-0.jpg,https://www.deezer.com/album/1207700
465,Mario,495806011,Closer to Mars,2021-01-01,0,https://cdn-images.dzcdn.net/images/cover/b9412f31b79662af68cc2f7eb69ff937/250x250-000000-80-0-0.jpg,https://www.deezer.com/album/495806011
465,Mario,74057,Here I Go Again,2005-06-27,0,https://cdn-images.dzcdn.net/images/cover/746b6718e74d385fe21d6a58101c9105/250x250-000000-80-0-0.jpg,https://www.deezer.com/album/74057
465,Mario,665536721,Glad You Came,2024-11-08,0,https://cdn-images.dzcdn.net/images/cover/b1fc4096112015945f9fcfccbcd6d949/250x250-000000-80-0-0.jpg,https://www.deezer.com/album/665536721
465,Mario,665536751,Glad You Came,2024-11-07,0,https://cdn-images.dzcdn.net/images/cover/b1fc4096112015945f9fcfccbcd6d949/250x250-000000-80-0-0.jpg,https://www.deezer.com/album/665536751
465,Mario,647205661,Space,2024-09-27,0,https://cdn-images.dzcdn.net/images/cover/19e0813123c78613180f41dc221f1259/250x250-000000-80-0-0.jpg,https://www.deezer.com/album/647205661
465,Mario,647205641,Space,2024-09-26,0,https://cdn-images.dzcdn.net/images/cover/19e0813123c78613180f41dc221f1259/250x250-000000-80-0-0.jpg,https://www.deezer.com/album/647205641
465,Mario,464310115,Main One (feat. Tyga),2023-07-21,0,https://cdn-images.dzcdn.net/images/cover/6d3b907a48795663e2ecf360f879ee37/250x250-000000-80-0-0.jpg,https://www.deezer.com/album/464310115
465,Mario,464310145,Main One (feat. Tyga),2023-07-20,0,https://cdn-images.dzcdn.net/images/cover/6d3b907a48795663e2ecf360f879ee37/250x250-000000-80-0-0.jpg,https://www.deezer.com/album/464310145
465,Mario,479385675,Main One (feat. Tyga) (Sped Up),2025-02-04,0,https://cdn-images.dzcdn.net/images/cover/6d3b907a48795663e2ecf360f879ee37/250x250-000000-80-0-0.jpg,https://www.deezer.com/album/479385675
465,Mario,434665567,Like Her Too,2023-05-12,0,https://cdn-images.dzcdn.net/images/cover/b7e35fd48ed3b69b3701a37def8c8adc/250x250-000000-80-0-0.jpg,https://www.deezer.com/album/434665567
465,Mario,395282617,Used To Me,2023-02-14,0,https://cdn-images.dzcdn.net/images/cover/b5c1800ed7b13e983ed549af1570deb4/250x250-000000-80-0-0.jpg,https://www.deezer.com/album/395282617
465,Mario,387625597,Like Her Too,2022-12-23,0,https://cdn-images.dzcdn.net/images/cover/13dd75c5a5c069f07128a53aade55e77/250x250-000000-80-0-0.jpg,https://www.deezer.com/album/387625597
465,Mario,266464572,Get Back,2021-10-29,0,https://cdn-images.dzcdn.net/images/cover/b1ad6f2f83045411d0388d22ccc07301/250x250-000000-80-0-0.jpg,https://www.deezer.com/album/266464572
465,Mario,200681602,Luxury Love,2021-02-12,0,https://cdn-images.dzcdn.net/images/cover/88e4f4adc123f5e8f9d6741a1e919caa/250x250-000000-80-0-0.jpg,https://www.deezer.com/album/200681602
465,Mario,495802261,Rewrite It,2020-10-19,0,https://cdn-images.dzcdn.net/images/cover/551f0212952b5839bec1b985f3fa02f2/250x250-000000-80-0-0.jpg,https://www.deezer.com/album/495802261
465,Mario,498525341,MARS,2020-10-02,0,https://cdn-images.dzcdn.net/images/cover/bc3fd69c8ac2495173e202c35d28b84f/250x250-000000-80-0-0.jpg,https://www.deezer.com/album/498525341
465,Mario,499429331,Rewrite It,2020-06-19,0,https://cdn-images.dzcdn.net/images/cover/551f0212952b5839bec1b985f3fa02f2/250x250-000000-80-0-0.jpg,https://www.deezer.com/album/499429331
465,Mario,495802581,Closer,2020-04-24,0,https://cdn-images.dzcdn.net/images/cover/bb728b807d3c187903397e5cbf7d2e27/250x250-000000-80-0-0.jpg,https://www.deezer.com/album/495802581
465,Mario,495802651,Let Me Love You - Anniversary Edition,2020-02-14,0,https://cdn-images.dzcdn.net/images/cover/75f814b07a419d1a96873e89e669c042/250x250-000000-80-0-0.jpg,https://www.deezer.com/album/495802651
465,Mario,105507482,Mirror x Goes Like That (Remixes),2019-08-02,0,https://cdn-images.dzcdn.net/images/cover/420a51dd65bbfbcb082d7bc552a9cf57/250x250-000000-80-0-0.jpg,https://www.deezer.com/album/105507482
465,Mario,89126202,Care for You,2019-03-15,0,https://cdn-images.dzcdn.net/images/cover/9f74774f25d03c8e5d5d53554a29efd5/250x250-000000-80-0-0.jpg,https://www.deezer.com/album/89126202
465,Mario,76863572,Drowning (Nitti Gritti & Shndō Remix),2018-11-09,0,https://cdn-images.dzcdn.net/images/cover/5a11481c0c049f9172ebc147d498fc0d/250x250-000000-80-0-0.jpg,https://www.deezer.com/album/76863572
465,Mario,72782712,Dancing Shadows,2018-09-14,0,https://cdn-images.dzcdn.net/images/cover/18046bb120d23f9c811bffbfee0c765d/250x250-000000-80-0-0.jpg,https://www.deezer.com/album/72782712
465,Mario,67365702,Drowning,2018-07-20,0,https://cdn-images.dzcdn.net/images/cover/befa1aea92090e3d4e049fa63d1714be/250x250-000000-80-0-0.jpg,https://www.deezer.com/album/67365702
465,Mario,61704172,Tell You Now (Balkan Version Ikobeats X Vrbeatz),2018-04-16,0,https://cdn-images.dzcdn.net/images/cover/1f7623aec231acd4eed4994671a175b2/250x250-000000-80-0-0.jpg,https://www.deezer.com/album/61704172
465,Mario,51165212,For Love (THRDL!FE V!P),2017-11-24,0,https://cdn-images.dzcdn.net/images/cover/dc20fcfcb6205fde417d0aaf13271464/250x250-000000-80-0-0.jpg,https://www.deezer.com/album/51165212
465,Mario,49609612,For Love,2017-10-20,0,https://cdn-images.dzcdn.net/images/cover/2b6603bb680795a71f96837904bcf229/250x250-000000-80-0-0.jpg,https://www.deezer.com/album/49609612
465,Mario,45639441,Let Me Help You (Remix) [feat. Konshens],2017-08-18,0,https://cdn-images.dzcdn.net/images/cover/5c9fdd6b4b11d86e19ea998e7ba5149b/250x250-000000-80-0-0.jpg,https://www.deezer.com/album/45639441
465,Mario,43048161,Pain Is the New Pleasure,2017-06-16,0,https://cdn-images.dzcdn.net/images/cover/07e08dcaf744c7ce63691f348a2472a8/250x250-000000-80-0-0.jpg,https://www.deezer.com/album/43048161
465,Mario,14801491,Let Me Help You,2016-12-13,0,https://cdn-images.dzcdn.net/images/cover/e4e5138ddeb45aeb597ade079686c621/250x250-000000-80-0-0.jpg,https://www.deezer.com/album/14801491
465,Mario,13986350,Tell You Now,2016-10-01,0,https://cdn-images.dzcdn.net/images/cover/5d41d58b3742eeb4fae199d1212f53a8/250x250-000000-80-0-0.jpg,https://www.deezer.com/album/13986350
465,Mario,12961728,I Need More - Single,2016-05-06,0,https://cdn-images.dzcdn.net/images/cover/04ed81c4d9d95bcaa209190d02f21555/250x250-000000-80-0-0.jpg,https://www.deezer.com/album/12961728
465,Mario,9278448,All'orizzonte,2014-12-05,0,https://cdn-images.dzcdn.net/images/cover/e19dd87e596f4188eb5d843e227bc6cc/250x250-000000-80-0-0.jpg,https://www.deezer.com/album/9278448
465,Mario,6866451,Fatal Distraction,2013-09-10,0,https://cdn-images.dzcdn.net/images/cover/fba677a70a4f0e112d5442351eaef73c/250x250-000000-80-0-0.jpg,https://www.deezer.com/album/6866451
465,Mario,6700945,Somebody Else (feat. Nicki Minaj),2013-06-19,0,https://cdn-images.dzcdn.net/images/cover/d03e5023b5ca6b726f567b7ef4980e4e/250x250-000000-80-0-0.jpg,https://www.deezer.com/album/6700945
465,Mario,6610026,Somebody Else (feat. Nicki Minaj),2013-05-21,0,https://cdn-images.dzcdn.net/images/cover/d882e6d34ffb4481b4eab5c9f1e73c67/250x250-000000-80-0-0.jpg,https://www.deezer.com/album/6610026
465,Mario,1264147,The Walls (feat. Fabolous),2011-09-23,0,https://cdn-images.dzcdn.net/images/cover/f5b302afb272d0056beea06e29b76956/250x250-000000-80-0-0.jpg,https://www.deezer.com/album/1264147
465,Mario,1170632,My Bed,2011-07-08,0,https://cdn-images.dzcdn.net/images/cover/06fe4e445c7f47f904f18d41a375dfb8/250x250-000000-80-0-0.jpg,https://www.deezer.com/album/1170632
465,Mario,397633,Break Up,2009-10-09,0,https://cdn-images.dzcdn.net/images/cover/cdb88d2df651f667c6e5cb6fa0809249/250x250-000000-80-0-0.jpg,https://www.deezer.com/album/397633
465,Mario,392954,Thinkin' About You,2009-09-17,0,https://cdn-images.dzcdn.net/images/cover/a61a145e7221259f1e45684f2d402134/250x250-000000-80-0-0.jpg,https://www.deezer.com/album/392954
465,Mario,382060,How Do I Breathe,2009-08-06,0,https://cdn-images.dzcdn.net/images/cover/91598b8ef83029e10bf8d7a227712bb3/250x250-000000-80-0-0.jpg,https://www.deezer.com/album/382060
465,Mario,297292,Break Up (feat. Gucci Mane & Sean Garrett) (Radio Edit),2009-04-23,0,https://cdn-images.dzcdn.net/images/cover/bf59468d9b918848fba10d1a5e72cde3/250x250-000000-80-0-0.jpg,https://www.deezer.com/album/297292
465,Mario,102243082,Let Me Love You (Acoustic Version),2007-12-11,0,https://cdn-images.dzcdn.net/images/cover/1a608011a90472bb58b1cb92bfab4f60/250x250-000000-80-0-0.jpg,https://www.deezer.com/album/102243082
465,Mario,1392901,Crying Out For Me (Radio Edit),2007-10-02,0,https://cdn-images.dzcdn.net/images/cover/e919eaefc128fc49e69d40df434f8fae/250x250-000000-80-0-0.jpg,https://www.deezer.com/album/1392901
465,Mario,1426828,How Do I Breathe (feat. Cassidy),2007-08-07,0,https://cdn-images.dzcdn.net/images/cover/91598b8ef83029e10bf8d7a227712bb3/250x250-000000-80-0-0.jpg,https://www.deezer.com/album/1426828
465,Mario,382061,How Do I Breathe,2007-07-27,0,https://cdn-images.dzcdn.net/images/cover/91598b8ef83029e10bf8d7a227712bb3/250x250-000000-80-0-0.jpg,https://www.deezer.com/album/382061
465,Mario,72341,How Do I Breathe,2007-07-02,0,https://cdn-images.dzcdn.net/images/cover/91598b8ef83029e10bf8d7a227712bb3/250x250-000000-80-0-0.jpg,https://www.deezer.com/album/72341
465,Mario,77063,Let Me Love You,2004-09-21,0,https://cdn-images.dzcdn.net/images/cover/9cb887803be51089800b26478c75e253/250x250-000000-80-0-0.jpg,https://www.deezer.com/album/77063
465,Mario,72697,Crying Out For Me,2001-01-01,0,https://cdn-images.dzcdn.net/images/cover/fa1624c9d85237b24b86a04b5f2d4abb/250x250-000000-80-0-0.jpg,https://www.deezer.com/album/72697
465,Mario,1209182,Let Me Love You (Remix) (feat. Jadakiss & T.I.),1990-01-01,0,https://cdn-images.dzcdn.net/images/cover/9cb887803be51089800b26478c75e253/250x250-000000-80-0-0.jpg,https://www.deezer.com/album/1209182
1454,Tina Turner,729341261,Private Dancer (40th Anniversary Edition),2025-03-21,0,https://cdn-images.dzcdn.net/images/cover/b55cc5ffe4bbcda8f4dd4ecc0a294b10/250x250-000000-80-0-0.jpg,https://www.deezer.com/album/729341261
1454,Tina Turner,509569211,Queen Of Rock 'n' Roll,2023-11-24,0,https://cdn-images.dzcdn.net/images/cover/dd769874b349c163a1589af29f7f39bc/250x250-000000-80-0-0.jpg,https://www.deezer.com/album/509569211
1454,Tina Turner,275749372,Goldeneye,1995-09-01,0,https://cdn-images.dzcdn.net/images/cover/af70fcbbb9bbaa58bd19de53360b8d3a/250x250-000000-80-0-0.jpg,https://www.deezer.com/album/275749372
1454,Tina Turner,7350958,Love Songs,2014-02-03,0,https://cdn-images.dzcdn.net/images/cover/f52de5a95fdce7aad5eb8da1299bf937/250x250-000000-80-0-0.jpg,https://www.deezer.com/album/7350958
1454,Tina Turner,393485,Tina Live,2009-09-28,0,https://cdn-images.dzcdn.net/images/cover/a8a3fcd67dc0ac633daef7b69b8ef2f3/250x250-000000-80-0-0.jpg,https://www.deezer.com/album/393485
1454,Tina Turner,350139,The Platinum Collection,2009-02-27,0,https://cdn-images.dzcdn.net/images/cover/24beaf8544d373ff29814bd6485b8c81/250x250-000000-80-0-0.jpg,https://www.deezer.com/album/350139
1454,Tina Turner,302597,Tina!,2008-09-30,0,https://cdn-images.dzcdn.net/images/cover/837d79a1e17f7bc27f3884b7d7e3f4fa/250x250-000000-80-0-0.jpg,https://www.deezer.com/album/302597
1454,Tina Turner,1138818,Took A Trip,2008-08-11,0,https://cdn-images.dzcdn.net/images/cover/a0f555233e7e0deb9473b986eb5a3380/250x250-000000-80-0-0.jpg,https://www.deezer.com/album/1138818
1454,Tina Turner,197800,A Fool In Love,2007-12-18,0,https://cdn-images.dzcdn.net/images/cover/0941392b766e3f5733386a88711ecc82/250x250-000000-80-0-0.jpg,https://www.deezer.com/album/197800
1454,Tina Turner,301146,All the Best - the Hits,2005-09-30,0,https://cdn-images.dzcdn.net/images/cover/7b5022390f35e035d14edd5e0d6cfb92/250x250-000000-80-0-0.jpg,https://www.deezer.com/album/301146
1454,Tina Turner,304204,All The Best,2004-11-01,0,https://cdn-images.dzcdn.net/images/cover/b0d51d259b924d11f1def2721195b73a/250x250-000000-80-0-0.jpg,https://www.deezer.com/album/304204
1454,Tina Turner,554070,Country My Way,2003-02-01,0,https://cdn-images.dzcdn.net/images/cover/0baac32a8823d5809698683a5ef4dfdc/250x250-000000-80-0-0.jpg,https://www.deezer.com/album/554070
1454,Tina Turner,300156,Twenty Four Seven,1999-11-01,0,https://cdn-images.dzcdn.net/images/cover/04d222ae88fa90d24aa65174bf51759d/250x250-000000-80-0-0.jpg,https://www.deezer.com/album/300156
1454,Tina Turner,305282,Twenty Four Seven (Expanded Version),1999-11-01,0,https://cdn-images.dzcdn.net/images/cover/f499b66cbaf5dc168fa53cab891baf33/250x250-000000-80-0-0.jpg,https://www.deezer.com/album/305282
1454,Tina Turner,302175,Wildest Dreams (Expanded Version),1996-04-01,0,https://cdn-images.dzcdn.net/images/cover/182331888b2935ce8f42754aea36305e/250x250-000000-80-0-0.jpg,https://www.deezer.com/album/302175
1454,Tina Turner,305284,Wildest Dreams,1996-04-01,0,https://cdn-images.dzcdn.net/images/cover/7f039d0784252e361b651d8290b50761/250x250-000000-80-0-0.jpg,https://www.deezer.com/album/305284
1454,Tina Turner,304199,What's Love Got to Do with It?,1993-06-15,0,https://cdn-images.dzcdn.net/images/cover/9ae768c59326588a4f336646a734e0b1/250x250-000000-80-0-0.jpg,https://www.deezer.com/album/304199
1454,Tina Turner,571869311,What's Love Got to Do with It (30th Anniversary Deluxe Edition),2024-04-26,0,https://cdn-images.dzcdn.net/images/cover/fa838e7d870c64c600f048f2457ce024/250x250-000000-80-0-0.jpg,https://www.deezer.com/album/571869311
1454,Tina Turner,583448302,What's Love Got to Do with It (2023 Remaster),1993-06-01,0,https://cdn-images.dzcdn.net/images/cover/fa838e7d870c64c600f048f2457ce024/250x250-000000-80-0-0.jpg,https://www.deezer.com/album/583448302
1454,Tina Turner,304170,Simply the Best,1991-01-01,0,https://cdn-images.dzcdn.net/images/cover/42024f50dc501575ae920ccf506fa4dd/250x250-000000-80-0-0.jpg,https://www.deezer.com/album/304170
1454,Tina Turner,301383,Foreign Affair,1989-09-13,0,https://cdn-images.dzcdn.net/images/cover/6a7fa678d8b0191f3e83afe2b2bf4b69/250x250-000000-80-0-0.jpg,https://www.deezer.com/album/301383
1454,Tina Turner,240075902,Foreign Affair (2021 Remaster),1989-09-13,0,https://cdn-images.dzcdn.net/images/cover/291fd3559ddbc4d91a925f5e7a99ddbb/250x250-000000-80-0-0.jpg,https://www.deezer.com/album/240075902
1454,Tina Turner,301397,Tina Live in Europe,1988-03-16,0,https://cdn-images.dzcdn.net/images/cover/5191ec0e94efc41fb7d727d3c87a5a81/250x250-000000-80-0-0.jpg,https://www.deezer.com/album/301397
1454,Tina Turner,378764797,"Break Every Rule (Deluxe Edition, 2022 Remaster)",2022-11-25,0,https://cdn-images.dzcdn.net/images/cover/58934ea9ece95f8250813c5f3f7cc1ab/250x250-000000-80-0-0.jpg,https://www.deezer.com/album/378764797
1454,Tina Turner,305312,Break Every Rule,1986-01-10,0,https://cdn-images.dzcdn.net/images/cover/bdfba286eb7bca2cabfa82218ec765c1/250x250-000000-80-0-0.jpg,https://www.deezer.com/album/305312
1454,Tina Turner,10621878,Private Dancer (30th Anniversary Issue),2015-06-26,0,https://cdn-images.dzcdn.net/images/cover/af3de3dfc186dc55265c9a26ac455e94/250x250-000000-80-0-0.jpg,https://www.deezer.com/album/10621878
1454,Tina Turner,305309,Love Explosion,1996-12-16,0,https://cdn-images.dzcdn.net/images/cover/be1482c5e83391b876b53ed1f28bb13f/250x250-000000-80-0-0.jpg,https://www.deezer.com/album/305309
1454,Tina Turner,66749382,Rough,1978-01-01,0,https://cdn-images.dzcdn.net/images/cover/210aae42b011c36c39cb46b2fb9e35c8/250x250-000000-80-0-0.jpg,https://www.deezer.com/album/66749382
1454,Tina Turner,305308,Rough,2021-10-22,0,https://cdn-images.dzcdn.net/images/cover/6c1e85352fa7701f54186b2e744bcfc1/250x250-000000-80-0-0.jpg,https://www.deezer.com/album/305308
1454,Tina Turner,510511871,Acid Queen,1975-08-01,0,https://cdn-images.dzcdn.net/images/cover/a8ffc40f42bcb5bc6f24276219f9a499/250x250-000000-80-0-0.jpg,https://www.deezer.com/album/510511871
1454,Tina Turner,510506271,Tina Turns The Country On!,1974-09-01,0,https://cdn-images.dzcdn.net/images/cover/99e6978026f7d00c5021b44304b54fc8/250x250-000000-80-0-0.jpg,https://www.deezer.com/album/510506271
1454,Tina Turner,821690211,The Best: Disco,2025-10-10,0,https://cdn-images.dzcdn.net/images/cover/d2b0dc2e2df0924b50a8be30c7f4c6f0/250x250-000000-80-0-0.jpg,https://www.deezer.com/album/821690211
1454,Tina Turner,809202931,The Best: Power Ballads,2025-09-12,0,https://cdn-images.dzcdn.net/images/cover/b3132a67b3b7b2701ddf42fe647a99b1/250x250-000000-80-0-0.jpg,https://www.deezer.com/album/809202931
1454,Tina Turner,809136521,The Best: Rock,2025-08-29,0,https://cdn-images.dzcdn.net/images/cover/9e013d8446e8e9390789bf65f93061b4/250x250-000000-80-0-0.jpg,https://www.deezer.com/album/809136521
1454,Tina Turner,245046062,Steamy Windows (The Singles),2021-08-06,0,https://cdn-images.dzcdn.net/images/cover/3b1d48b8e4685c94fffe4d7b48cc2bd8/250x250-000000-80-0-0.jpg,https://www.deezer.com/album/245046062
1454,Tina Turner,226571962,Crazy 'Bout You Baby,2021-03-01,0,https://cdn-images.dzcdn.net/images/cover/e4230451cdeb5211acf87b56e4eb79da/250x250-000000-80-0-0.jpg,https://www.deezer.com/album/226571962
1454,Tina Turner,2006071,Raise Your Hand (U Got To),2012-03-26,0,https://cdn-images.dzcdn.net/images/cover/535f87ed3dc85a390d5047b025dffd56/250x250-000000-80-0-0.jpg,https://www.deezer.com/album/2006071
1454,Tina Turner,166387812,Look Me in the Heart (The Singles),1990-03-01,0,https://cdn-images.dzcdn.net/images/cover/6aa4725fcca7ed993766106727f944d4/250x250-000000-80-0-0.jpg,https://www.deezer.com/album/166387812
1454,Tina Turner,146327002,Foreign Affair (The Singles),1989-09-13,0,https://cdn-images.dzcdn.net/images/cover/8062a39fef64270b22d34017db9ffdc1/250x250-000000-80-0-0.jpg,https://www.deezer.com/album/146327002
1454,Tina Turner,739977611,Hot For You Baby (Pet Shop Boys Remix),2025-04-25,0,https://cdn-images.dzcdn.net/images/cover/b7f3272eb2beb915dc30332d12bc34f4/250x250-000000-80-0-0.jpg,https://www.deezer.com/album/739977611
1454,Tina Turner,718421601,"Let's Stay Together (Alternative Radio Mix, 1983)",2025-03-07,0,https://cdn-images.dzcdn.net/images/cover/b55cc5ffe4bbcda8f4dd4ecc0a294b10/250x250-000000-80-0-0.jpg,https://www.deezer.com/album/718421601
1454,Tina Turner,694444761,Hot For You Baby,2025-01-23,0,https://cdn-images.dzcdn.net/images/cover/f1fd4b83421cac3c36371321bcacfc8b/250x250-000000-80-0-0.jpg,https://www.deezer.com/album/694444761
1454,Tina Turner,553393032,"Legs (Live from the Blockbuster Pavilion San Bernardino, California on September 15, 1993, 2023 Remaster)",2024-03-08,0,https://cdn-images.dzcdn.net/images/cover/fa838e7d870c64c600f048f2457ce024/250x250-000000-80-0-0.jpg,https://www.deezer.com/album/553393032
1454,Tina Turner,542121352,Proud Mary (Acapella),2024-02-14,0,https://cdn-images.dzcdn.net/images/cover/fa838e7d870c64c600f048f2457ce024/250x250-000000-80-0-0.jpg,https://www.deezer.com/album/542121352
1454,Tina Turner,502435631,I Don't Wanna Fight (Single Edit) (2023 Remaster),2023-11-10,0,https://cdn-images.dzcdn.net/images/cover/dd769874b349c163a1589af29f7f39bc/250x250-000000-80-0-0.jpg,https://www.deezer.com/album/502435631
1454,Tina Turner,496589871,Whole Lotta Love,2023-10-13,0,https://cdn-images.dzcdn.net/images/cover/dd769874b349c163a1589af29f7f39bc/250x250-000000-80-0-0.jpg,https://www.deezer.com/album/496589871
1454,Tina Turner,492715171,Something Beautiful (2023 Version),2023-09-28,0,https://cdn-images.dzcdn.net/images/cover/c09dd8e28da6f88e131f4ed9ca7f4659/250x250-000000-80-0-0.jpg,https://www.deezer.com/album/492715171
1454,Tina Turner,367775077,"Afterglow (Vocal Dance Mix, 2022 Remaster)",2022-11-04,0,https://cdn-images.dzcdn.net/images/cover/58934ea9ece95f8250813c5f3f7cc1ab/250x250-000000-80-0-0.jpg,https://www.deezer.com/album/367775077
1454,Tina Turner,367826317,Don't Turn Around (2022 Remaster),2022-10-19,0,https://cdn-images.dzcdn.net/images/cover/58934ea9ece95f8250813c5f3f7cc1ab/250x250-000000-80-0-0.jpg,https://www.deezer.com/album/367826317
1454,Tina Turner,245030682,Be Tender With Me Baby (The Singles),2021-08-20,0,https://cdn-images.dzcdn.net/images/cover/7779e7885598c706e80a86a216026159/250x250-000000-80-0-0.jpg,https://www.deezer.com/album/245030682
1454,Tina Turner,245027162,I Don’t Wanna Lose You (The Singles),2021-08-13,0,https://cdn-images.dzcdn.net/images/cover/c8c3f0923cbc4692389ec57409a0ad49/250x250-000000-80-0-0.jpg,https://www.deezer.com/album/245027162
1454,Tina Turner,233007232,Stronger Than The Wind (2021 Remaster),2021-06-18,0,https://cdn-images.dzcdn.net/images/cover/291fd3559ddbc4d91a925f5e7a99ddbb/250x250-000000-80-0-0.jpg,https://www.deezer.com/album/233007232
1454,Tina Turner,233007242,The Best (Demo),2021-06-03,0,https://cdn-images.dzcdn.net/images/cover/291fd3559ddbc4d91a925f5e7a99ddbb/250x250-000000-80-0-0.jpg,https://www.deezer.com/album/233007242
1454,Tina Turner,160029682,What's Love Got to Do with It,2020-07-17,0,https://cdn-images.dzcdn.net/images/cover/ff90530f41987b7590f150dd200e130c/250x250-000000-80-0-0.jpg,https://www.deezer.com/album/160029682
1454,Tina Turner,77874182,What's Love Got to Do with It (Symphonic Version),2018-11-09,0,https://cdn-images.dzcdn.net/images/cover/dc90274d05fa6c4ffeddc0c4acb1cef2/250x250-000000-80-0-0.jpg,https://www.deezer.com/album/77874182
1454,Tina Turner,721986,The Best,2010-12-17,0,https://cdn-images.dzcdn.net/images/cover/96f87d6f49ac6fed1fd0390750c9f28e/250x250-000000-80-0-0.jpg,https://www.deezer.com/album/721986
1454,Tina Turner,721987,What's Love Got to Do with It (Karaoke Version),2010-12-17,0,https://cdn-images.dzcdn.net/images/cover/685e1e0895a3fc810e15fbd9d7f25171/250x250-000000-80-0-0.jpg,https://www.deezer.com/album/721987
1454,Tina Turner,303558,Open Arms,2004-10-22,0,https://cdn-images.dzcdn.net/images/cover/6c5db01a0d215426cfb452fd94122a55/250x250-000000-80-0-0.jpg,https://www.deezer.com/album/303558
1454,Tina Turner,305246,When the Heartache Is Over,2003-02-28,0,https://cdn-images.dzcdn.net/images/cover/74c9ed36ddd36c84ad85b9601e37427c/250x250-000000-80-0-0.jpg,https://www.deezer.com/album/305246
1454,Tina Turner,156408072,The Best (The Singles),2020-06-26,0,https://cdn-images.dzcdn.net/images/cover/9e2894ffcfa848d520fd43615ce8c3b6/250x250-000000-80-0-0.jpg,https://www.deezer.com/album/156408072
1454,Tina Turner,1057712,Something,2008-08-11,0,https://cdn-images.dzcdn.net/images/cover/2306dda7aba29f6594333c92f0a268e1/250x250-000000-80-0-0.jpg,https://www.deezer.com/album/1057712
1454,Tina Turner,1057713,Finger Poppin' Time,2008-08-11,0,https://cdn-images.dzcdn.net/images/cover/a958e9f90ef645d3d70e97361a9b6f04/250x250-000000-80-0-0.jpg,https://www.deezer.com/album/1057713
1454,Tina Turner,1060515,"Fun, Fun, Fun",2008-08-11,0,https://cdn-images.dzcdn.net/images/cover/b68bddaa0e95cf0f4673ada97baa6307/250x250-000000-80-0-0.jpg,https://www.deezer.com/album/1060515
1454,Tina Turner,1062412,Looking Back,2008-08-11,0,https://cdn-images.dzcdn.net/images/cover/6eefe81a4a48e46603ff29e0486cfc3d/250x250-000000-80-0-0.jpg,https://www.deezer.com/album/1062412
1454,Tina Turner,1138817,"River Deep, Mountain High",2010-06-21,0,https://cdn-images.dzcdn.net/images/cover/ec7fbf0b2214b6b18ef7ebbe1c08d8d1/250x250-000000-80-0-0.jpg,https://www.deezer.com/album/1138817
1454,Tina Turner,1139821,Nutbush City Limits,2008-08-11,0,https://cdn-images.dzcdn.net/images/cover/e5ae8b7f0351548e2cca9ec82505b372/250x250-000000-80-0-0.jpg,https://www.deezer.com/album/1139821
1454,Tina Turner,1139822,I Wanna Take You Higher,2008-08-11,0,https://cdn-images.dzcdn.net/images/cover/c520c5f5aeebe0203be6e9ba0eb9fca7/250x250-000000-80-0-0.jpg,https://www.deezer.com/album/1139822
1454,Tina Turner,1139823,Let The Good Times Roll,2021-05-26,0,https://cdn-images.dzcdn.net/images/cover/7da7ce68facec48eff6ed85a85795842/250x250-000000-80-0-0.jpg,https://www.deezer.com/album/1139823
1454,Tina Turner,1145517,It's Gonna Work Out Fine,2008-08-11,0,https://cdn-images.dzcdn.net/images/cover/fa03eb7d76bcb818f76290dae76ef27b/250x250-000000-80-0-0.jpg,https://www.deezer.com/album/1145517
7420680,Leon Bridges,650166191,Leon,2024-10-04,0,https://cdn-images.dzcdn.net/images/cover/f5ce04b5b9286825adb73f2bb6c75737/250x250-000000-80-0-0.jpg,https://www.deezer.com/album/650166191
7420680,Leon Bridges,245548072,Gold-Diggers Sound,2021-07-23,0,https://cdn-images.dzcdn.net/images/cover/37b7dffd8f8ac92d925246b3826913f6/250x250-000000-80-0-0.jpg,https://www.deezer.com/album/245548072
7420680,Leon Bridges,272217032,Gold-Diggers Sound (Deluxe),2021-11-17,0,https://cdn-images.dzcdn.net/images/cover/37b7dffd8f8ac92d925246b3826913f6/250x250-000000-80-0-0.jpg,https://www.deezer.com/album/272217032
7420680,Leon Bridges,62342872,Good Thing,2018-05-04,0,https://cdn-images.dzcdn.net/images/cover/88ecfbe2ccafdc05ca9d61327b4f5206/250x250-000000-80-0-0.jpg,https://www.deezer.com/album/62342872
7420680,Leon Bridges,433716197,Good Thing (Deluxe),2018-05-23,0,https://cdn-images.dzcdn.net/images/cover/72626fbb17a88d3c19809622c047948f/250x250-000000-80-0-0.jpg,https://www.deezer.com/album/433716197
7420680,Leon Bridges,10601032,Coming Home,2015-06-15,0,https://cdn-images.dzcdn.net/images/cover/a188f1f254609cfa4bf30711c8b13b8f/250x250-000000-80-0-0.jpg,https://www.deezer.com/album/10601032
7420680,Leon Bridges,12330310,Coming Home (Deluxe),2016-02-05,0,https://cdn-images.dzcdn.net/images/cover/90201494d223cc2ca346ae029c2ad05f/250x250-000000-80-0-0.jpg,https://www.deezer.com/album/12330310
7420680,Leon Bridges,271892812,Texas Moon,2022-02-18,0,https://cdn-images.dzcdn.net/images/cover/6dfc032b8a1320c2cf08095f04fdfdad/250x250-000000-80-0-0.jpg,https://www.deezer.com/album/271892812
7420680,Leon Bridges,122307052,Texas Sun,2020-02-07,0,https://cdn-images.dzcdn.net/images/cover/ce74bca0d491ab7f24a6a21a752a1745/250x250-000000-80-0-0.jpg,https://www.deezer.com/album/122307052
7420680,Leon Bridges,769789481,Hold On,2025-06-13,0,https://cdn-images.dzcdn.net/images/cover/b70353752685d414c4b997bb82c6d1f6/250x250-000000-80-0-0.jpg,https://www.deezer.com/album/769789481
7420680,Leon Bridges,647181631,That's What I Love,2024-09-27,0,https://cdn-images.dzcdn.net/images/cover/f5ce04b5b9286825adb73f2bb6c75737/250x250-000000-80-0-0.jpg,https://www.deezer.com/album/647181631
7420680,Leon Bridges,635635071,Laredo,2024-09-03,0,https://cdn-images.dzcdn.net/images/cover/f5ce04b5b9286825adb73f2bb6c75737/250x250-000000-80-0-0.jpg,https://www.deezer.com/album/635635071
7420680,Leon Bridges,625350331,Peaceful Place,2024-08-08,0,https://cdn-images.dzcdn.net/images/cover/f5ce04b5b9286825adb73f2bb6c75737/250x250-000000-80-0-0.jpg,https://www.deezer.com/album/625350331
7420680,Leon Bridges,562926282,It Was Always You (Siempre Fuiste Tú),2024-03-28,0,https://cdn-images.dzcdn.net/images/cover/5483855e16480daa7adbf839e50cf842/250x250-000000-80-0-0.jpg,https://www.deezer.com/album/562926282
7420680,Leon Bridges,542701312,Redemption Song (Bob Marley: One Love - Music Inspired By The Film),2024-02-09,0,https://cdn-images.dzcdn.net/images/cover/ec91c9f741208370ed9ab6b9029e90cc/250x250-000000-80-0-0.jpg,https://www.deezer.com/album/542701312
7420680,Leon Bridges,443444225,If You Were Mine,2023-06-06,0,https://cdn-images.dzcdn.net/images/cover/3d933c688eb3483faf1b6cc6c86d9468/250x250-000000-80-0-0.jpg,https://www.deezer.com/album/443444225
7420680,Leon Bridges,327153177,Summer Moon,2022-06-17,0,https://cdn-images.dzcdn.net/images/cover/ff2acf3d53952f605380d178876f814f/250x250-000000-80-0-0.jpg,https://www.deezer.com/album/327153177
7420680,Leon Bridges,814974091,Purple Snowflakes,2021-11-03,0,https://cdn-images.dzcdn.net/images/cover/f9b45def8c1bf82e1e4217c08cee7172/250x250-000000-80-0-0.jpg,https://www.deezer.com/album/814974091
7420680,Leon Bridges,237971522,Why Don't You Touch Me,2021-06-17,0,https://cdn-images.dzcdn.net/images/cover/37b7dffd8f8ac92d925246b3826913f6/250x250-000000-80-0-0.jpg,https://www.deezer.com/album/237971522
7420680,Leon Bridges,229154682,Motorbike,2021-05-14,0,https://cdn-images.dzcdn.net/images/cover/37b7dffd8f8ac92d925246b3826913f6/250x250-000000-80-0-0.jpg,https://www.deezer.com/album/229154682
7420680,Leon Bridges,209662732,Like a Ship,2021-02-26,0,https://cdn-images.dzcdn.net/images/cover/7b31345b29ccf3c476875940ed8afc49/250x250-000000-80-0-0.jpg,https://www.deezer.com/album/209662732
7420680,Leon Bridges,179317042,All About You,2020-10-16,0,https://cdn-images.dzcdn.net/images/cover/21b172a306c41c244b4c2d685be3c78c/250x250-000000-80-0-0.jpg,https://www.deezer.com/album/179317042
7420680,Leon Bridges,152746862,Sweeter (feat. Terrace Martin),2020-06-08,0,https://cdn-images.dzcdn.net/images/cover/4da276dd0a0d2e92107b85a33ce178e7/250x250-000000-80-0-0.jpg,https://www.deezer.com/album/152746862
7420680,Leon Bridges,140432042,Inside Friend (feat. John Mayer),2020-04-10,0,https://cdn-images.dzcdn.net/images/cover/cc5f031e0a7d6dc0e6024bae50365637/250x250-000000-80-0-0.jpg,https://www.deezer.com/album/140432042
7420680,Leon Bridges,117609602,July,2019-11-08,0,https://cdn-images.dzcdn.net/images/cover/ecc55eabe54a24df846a9f519ebafabb/250x250-000000-80-0-0.jpg,https://www.deezer.com/album/117609602
7420680,Leon Bridges,103759742,That Was Yesterday,2019-07-19,0,https://cdn-images.dzcdn.net/images/cover/7e69da18dbdc3dcd55b3d693eb255dcc/250x250-000000-80-0-0.jpg,https://www.deezer.com/album/103759742
7420680,Leon Bridges,73480142,Beyond (feat. Luke Combs) (Live),2018-09-21,0,https://cdn-images.dzcdn.net/images/cover/932a25f74eb1f1674187473a81bf4776/250x250-000000-80-0-0.jpg,https://www.deezer.com/album/73480142
7420680,Leon Bridges,69736742,Beyond,2018-08-10,0,https://cdn-images.dzcdn.net/images/cover/efc6d5e55ac505ee75ee695cc90a2219/250x250-000000-80-0-0.jpg,https://www.deezer.com/album/69736742
7420680,Leon Bridges,64948152,Liberated,2018-06-08,0,https://cdn-images.dzcdn.net/images/cover/36878be6b2f8f1b0ee7bf9c039c962eb/250x250-000000-80-0-0.jpg,https://www.deezer.com/album/64948152
7420680,Leon Bridges,63517172,Bad Bad News (feat. Terrace Martin) (Ricky's Vibe Tape),2018-04-27,0,https://cdn-images.dzcdn.net/images/cover/e628a358b73d7d974aa4dfa6362d463a/250x250-000000-80-0-0.jpg,https://www.deezer.com/album/63517172
7420680,Leon Bridges,11747848,So Long (From The Motion Picture Concussion),2015-11-20,0,https://cdn-images.dzcdn.net/images/cover/6c587ff4eebd7c18debb136b2f2f593a/250x250-000000-80-0-0.jpg,https://www.deezer.com/album/11747848
48995601,GIVĒON,784198581,BELOVED,2025-07-11,0,https://cdn-images.dzcdn.net/images/cover/b1a7772008e8a8fb0dad224f30d26e4d/250x250-000000-80-0-0.jpg,https://www.deezer.com/album/784198581
48995601,GIVĒON,329453167,Give Or Take,2022-06-24,0,https://cdn-images.dzcdn.net/images/cover/2b49829309b1b0811157a798278bf2e2/250x250-000000-80-0-0.jpg,https://www.deezer.com/album/329453167
48995601,GIVĒON,212299112,When It's All Said And Done... Take Time,2021-03-12,0,https://cdn-images.dzcdn.net/images/cover/0f197b4fcf99684cb8e4e719b1a3f093/250x250-000000-80-0-0.jpg,https://www.deezer.com/album/212299112
48995601,GIVĒON,175585702,When It's All Said And Done,2020-10-02,0,https://cdn-images.dzcdn.net/images/cover/b3ce8117cb1eea5b9739d4d5efdf6fa8/250x250-000000-80-0-0.jpg,https://www.deezer.com/album/175585702
48995601,GIVĒON,137365032,TAKE TIME,2020-03-27,0,https://cdn-images.dzcdn.net/images/cover/f6978db76b2a9fc2fb9bbddcb852b781/250x250-000000-80-0-0.jpg,https://www.deezer.com/album/137365032
48995601,GIVĒON,827958041,"Dancing in the Smoke (From the Netflix Series ""Nobody Wants This"" Season 2)",2025-10-03,0,https://cdn-images.dzcdn.net/images/cover/f1277d50ac95030a21e01951627b7e72/250x250-000000-80-0-0.jpg,https://www.deezer.com/album/827958041
48995601,GIVĒON,753950181,RATHER BE,2025-05-16,0,https://cdn-images.dzcdn.net/images/cover/122f213acad5fac27be7d80bce2baf7f/250x250-000000-80-0-0.jpg,https://www.deezer.com/album/753950181
48995601,GIVĒON,705108381,TWENTIES,2025-02-07,0,https://cdn-images.dzcdn.net/images/cover/29dfd5391107ca7b8c5891410984e490/250x250-000000-80-0-0.jpg,https://www.deezer.com/album/705108381
48995601,GIVĒON,686334331,Are You Even Real,2025-01-10,0,https://cdn-images.dzcdn.net/images/cover/e74d143bb517bc19ab803e2940b371db/250x250-000000-80-0-0.jpg,https://www.deezer.com/album/686334331
48995601,GIVĒON,505217481,The First Noel,2025-02-04,0,https://cdn-images.dzcdn.net/images/cover/8fbee22cf20584db6c587c27a3a77683/250x250-000000-80-0-0.jpg,https://www.deezer.com/album/505217481
48995601,GIVĒON,505217471,O Christmas Tree,2023-11-02,0,https://cdn-images.dzcdn.net/images/cover/25e9a321158940cf27242bf9d5b2e49b/250x250-000000-80-0-0.jpg,https://www.deezer.com/album/505217471
48995601,GIVĒON,358034787,"Time (From the Motion Picture ""Amsterdam"")",2025-02-04,0,https://cdn-images.dzcdn.net/images/cover/54e3e8318d3526841e79d8c36d8e1f60/250x250-000000-80-0-0.jpg,https://www.deezer.com/album/358034787
48995601,GIVĒON,312702277,Lie Again,2022-04-29,0,https://cdn-images.dzcdn.net/images/cover/d2a8b019d94a611b899172cb7261c24a/250x250-000000-80-0-0.jpg,https://www.deezer.com/album/312702277
48995601,GIVĒON,259357272,For Tonight,2021-09-24,0,https://cdn-images.dzcdn.net/images/cover/b48fe571c96a87e3ff4f951a988b7691/250x250-000000-80-0-0.jpg,https://www.deezer.com/album/259357272
48995601,GIVĒON,175365822,Stuck On You,2020-09-30,0,https://cdn-images.dzcdn.net/images/cover/b3ce8117cb1eea5b9739d4d5efdf6fa8/250x250-000000-80-0-0.jpg,https://www.deezer.com/album/175365822
48995601,GIVĒON,131855042,Heartbreak Anniversary,2020-02-21,0,https://cdn-images.dzcdn.net/images/cover/306de1bf363e1fb61aaf1be210e1e20b/250x250-000000-80-0-0.jpg,https://www.deezer.com/album/131855042
48995601,GIVĒON,119560222,Like I Want You,2019-11-20,0,https://cdn-images.dzcdn.net/images/cover/74a358de8c9979537fcd32471a729f09/250x250-000000-80-0-0.jpg,https://www.deezer.com/album/119560222
48995601,GIVĒON,74281412,Fields,2018-10-17,0,https://cdn-images.dzcdn.net/images/cover/efef546d1641d495136861db91c84c16/250x250-000000-80-0-0.jpg,https://www.deezer.com/album/74281412
48995601,GIVĒON,68725761,Garden Kisses,2018-08-08,0,https://cdn-images.dzcdn.net/images/cover/7b8147b1bdf5e81ea6804d1ccad5ccbf/250x250-000000-80-0-0.jpg,https://www.deezer.com/album/68725761
48995601,GIVĒON,791995581,KEEPER - A COLORS SHOW,2018-08-06,0,https://cdn-images.dzcdn.net/images/cover/78d7ba75fbc6554e1f4971f87feb6488/250x250-000000-80-0-0.jpg,https://www.deezer.com/album/791995581
38,Akon,701118701,Akon's Beautiful Day (The Remixes),2025-01-31,0,https://cdn-images.dzcdn.net/images/cover/c9c70b5f23bb0432dfc4bc3344070df6/250x250-000000-80-0-0.jpg,https://www.deezer.com/album/701118701
38,Akon,445225165,TT Freak,2023-05-23,0,https://cdn-images.dzcdn.net/images/cover/1552ffc23edcda7e7d66e6b3b18ac5a4/250x250-000000-80-0-0.jpg,https://www.deezer.com/album/445225165
38,Akon,298475242,Konvicted (Complete Edition),2022-03-04,0,https://cdn-images.dzcdn.net/images/cover/b95eecd0c63cdb7790f51fe996a10666/250x250-000000-80-0-0.jpg,https://www.deezer.com/album/298475242
38,Akon,113285292,El Negreeto,2019-10-04,0,https://cdn-images.dzcdn.net/images/cover/f15ec9b9db92b5a23db7e83d5ebaf794/250x250-000000-80-0-0.jpg,https://www.deezer.com/album/113285292
38,Akon,469005645,Freedom,2008-12-02,0,https://cdn-images.dzcdn.net/images/cover/8a1bff4feb19d14d87971aacf2821fa9/250x250-000000-80-0-0.jpg,https://www.deezer.com/album/469005645
38,Akon,108938,Konvicted,2006-01-01,0,https://cdn-images.dzcdn.net/images/cover/bc4d98904d61661cc6d7dd53745340d0/250x250-000000-80-0-0.jpg,https://www.deezer.com/album/108938
38,Akon,161245,Konvicted,2006-11-14,0,https://cdn-images.dzcdn.net/images/cover/e2f245a03c35a378d05bfdac5d9692d5/250x250-000000-80-0-0.jpg,https://www.deezer.com/album/161245
38,Akon,7842746,Trouble,2006-11-14,0,https://cdn-images.dzcdn.net/images/cover/edcd5cfc4d0f6da3e7389e3507780348/250x250-000000-80-0-0.jpg,https://www.deezer.com/album/7842746
38,Akon,320923697,Trouble Deluxe Edition,2007-03-29,0,https://cdn-images.dzcdn.net/images/cover/76e62a7fa8b58436ccfcbe3aa2bb8d18/250x250-000000-80-0-0.jpg,https://www.deezer.com/album/320923697
38,Akon,320927147,Trouble,2006-11-14,0,https://cdn-images.dzcdn.net/images/cover/b8c7d86b8ce843f8c50e1089f243e851/250x250-000000-80-0-0.jpg,https://www.deezer.com/album/320927147
38,Akon,626872171,Trouble (20th Anniversary Edition),2024-08-16,0,https://cdn-images.dzcdn.net/images/cover/870a3c0c0b84894b2a977e46fb2ed75c/250x250-000000-80-0-0.jpg,https://www.deezer.com/album/626872171
38,Akon,471507735,Afro Freak,2023-08-25,0,https://cdn-images.dzcdn.net/images/cover/ba9d2eb885f784b604b08a45266e85d8/250x250-000000-80-0-0.jpg,https://www.deezer.com/album/471507735
38,Akon,328046317,KONVICT KULTURE PRESENTS TEEMANAY,2022-08-05,0,https://cdn-images.dzcdn.net/images/cover/954fbd0e16a38ad3a8348405fc6ceb0f/250x250-000000-80-0-0.jpg,https://www.deezer.com/album/328046317
38,Akon,160572202,Ain’t No Peace,2020-07-31,0,https://cdn-images.dzcdn.net/images/cover/a058a891bd171d6b8c29c8089a13a25a/250x250-000000-80-0-0.jpg,https://www.deezer.com/album/160572202
38,Akon,430335,As Cinco Melhores,2007-01-01,0,https://cdn-images.dzcdn.net/images/cover/bb42ee9b9ac2049e2dea74c40938fbb6/250x250-000000-80-0-0.jpg,https://www.deezer.com/album/430335
38,Akon,296333,Pot of Gold,2005-11-14,0,https://cdn-images.dzcdn.net/images/cover/84ee35e379509099c1114034e88adbd3/250x250-000000-80-0-0.jpg,https://www.deezer.com/album/296333
38,Akon,239582,Locked Up,2003-01-01,0,https://cdn-images.dzcdn.net/images/cover/23e285e22f1d3fac26f54d80eea1acb5/250x250-000000-80-0-0.jpg,https://www.deezer.com/album/239582
38,Akon,827735711,Hold The Umbrella (Party Mix),2025-10-03,0,https://cdn-images.dzcdn.net/images/cover/b99082341627b4d8b34a3dd9e681d3d0/250x250-000000-80-0-0.jpg,https://www.deezer.com/album/827735711
38,Akon,803012341,TOO COLD,2025-09-17,0,https://cdn-images.dzcdn.net/images/cover/0365978ebd0ff38961a5dcad4eade946/250x250-000000-80-0-0.jpg,https://www.deezer.com/album/803012341
38,Akon,812460581,Hold The Umbrella (Portuguese Version),2025-09-05,0,https://cdn-images.dzcdn.net/images/cover/dbebe07e4b0348694bf972c19df14d61/250x250-000000-80-0-0.jpg,https://www.deezer.com/album/812460581
38,Akon,757296771,Ghetto Livin,2025-06-23,0,https://cdn-images.dzcdn.net/images/cover/6405701dbd2bc7c949f17af5f3f5be1c/250x250-000000-80-0-0.jpg,https://www.deezer.com/album/757296771
38,Akon,760115001,Drunk Right Now (Na Na Na),2025-05-28,0,https://cdn-images.dzcdn.net/images/cover/f321644e8cc21bf2cfbd84ffbb69cef7/250x250-000000-80-0-0.jpg,https://www.deezer.com/album/760115001
38,Akon,754080131,Hold The Umbrella,2025-05-16,0,https://cdn-images.dzcdn.net/images/cover/7cc149a012992834ee5f143799374495/250x250-000000-80-0-0.jpg,https://www.deezer.com/album/754080131
38,Akon,719266031,Never Really Mattered,2025-03-21,0,https://cdn-images.dzcdn.net/images/cover/17f00ce409ad2de29972734497e06783/250x250-000000-80-0-0.jpg,https://www.deezer.com/album/719266031
38,Akon,715003961,Crazy,2025-02-21,0,https://cdn-images.dzcdn.net/images/cover/d5c6cef6b3b0e11d008a4d427c71e646/250x250-000000-80-0-0.jpg,https://www.deezer.com/album/715003961
38,Akon,698883421,Trouble: The MTG Remixes,2025-01-24,0,https://cdn-images.dzcdn.net/images/cover/3e1ba99c1ef8c9f604c8bc43818cab52/250x250-000000-80-0-0.jpg,https://www.deezer.com/album/698883421
38,Akon,679549271,Akon's Beautiful Day (David Guetta & Hypaton Remix),2024-12-13,0,https://cdn-images.dzcdn.net/images/cover/c0b841a61ab935cfd32ecbc07ad35e60/250x250-000000-80-0-0.jpg,https://www.deezer.com/album/679549271
38,Akon,641927551,Akon's Beautiful Day,2024-10-04,0,https://cdn-images.dzcdn.net/images/cover/81bad3ef8ac34bafa5e0f79b8c88e687/250x250-000000-80-0-0.jpg,https://www.deezer.com/album/641927551
38,Akon,622493571,We Made It,2024-08-23,0,https://cdn-images.dzcdn.net/images/cover/ac2bbd41ba1656b1074171cc4e148032/250x250-000000-80-0-0.jpg,https://www.deezer.com/album/622493571
38,Akon,609571442,Paracaídas,2024-07-18,0,https://cdn-images.dzcdn.net/images/cover/4d0f2739ea6c45f899b5366f68d23a3c/250x250-000000-80-0-0.jpg,https://www.deezer.com/album/609571442
38,Akon,604613822,Locked Up,2024-06-28,0,https://cdn-images.dzcdn.net/images/cover/870a3c0c0b84894b2a977e46fb2ed75c/250x250-000000-80-0-0.jpg,https://www.deezer.com/album/604613822
38,Akon,470499555,Far Away,2023-10-26,0,https://cdn-images.dzcdn.net/images/cover/73c03396d1d065c12c2838807c537dd3/250x250-000000-80-0-0.jpg,https://www.deezer.com/album/470499555
38,Akon,475059445,Right Now (Na Na Na) (Sped Up),2023-08-18,0,https://cdn-images.dzcdn.net/images/cover/87f02adf4cd62b333fd21bae00f9952d/250x250-000000-80-0-0.jpg,https://www.deezer.com/album/475059445
38,Akon,466931835,Enjoy That,2023-08-10,0,https://cdn-images.dzcdn.net/images/cover/ba9d2eb885f784b604b08a45266e85d8/250x250-000000-80-0-0.jpg,https://www.deezer.com/album/466931835
38,Akon,468576555,Slow Motion (Karl Wolf Remix),2023-07-27,0,https://cdn-images.dzcdn.net/images/cover/afdabe0febd3f843f54b47116de18568/250x250-000000-80-0-0.jpg,https://www.deezer.com/album/468576555
38,Akon,454339415,No Es Sólo Un Juego (The Official Concacaf Gold Cup 2023 TM Theme),2023-06-21,0,https://cdn-images.dzcdn.net/images/cover/582bb98d8d612ff2719de0ddbd155df8/250x250-000000-80-0-0.jpg,https://www.deezer.com/album/454339415
38,Akon,404844877,Big Flexa (Remix),2023-02-10,0,https://cdn-images.dzcdn.net/images/cover/720d91901cdc276be2b2c3d2196e2bc0/250x250-000000-80-0-0.jpg,https://www.deezer.com/album/404844877
38,Akon,365249687,Good Girl,2022-10-27,0,https://cdn-images.dzcdn.net/images/cover/7c901c5182cd2ea0c05ab5b6d9dc190e/250x250-000000-80-0-0.jpg,https://www.deezer.com/album/365249687
38,Akon,360504457,Enjoy That,2022-08-22,0,https://cdn-images.dzcdn.net/images/cover/0a63a583a91708d6c9dcfd40b1f0f7d5/250x250-000000-80-0-0.jpg,https://www.deezer.com/album/360504457
38,Akon,326580637,JAJEUF,2022-06-10,0,https://cdn-images.dzcdn.net/images/cover/f7f6a6755ddad07b195a2be1cdf6223a/250x250-000000-80-0-0.jpg,https://www.deezer.com/album/326580637
38,Akon,289002932,Bananza (Belly Dancer) (Remixes),2022-01-27,0,https://cdn-images.dzcdn.net/images/cover/233ad01d59047896c776409f1c9dd936/250x250-000000-80-0-0.jpg,https://www.deezer.com/album/289002932
38,Akon,257982252,Dishtagina,2021-09-11,0,https://cdn-images.dzcdn.net/images/cover/2b3ee191037b0a4c4a5d75a5c5fc5f9a/250x250-000000-80-0-0.jpg,https://www.deezer.com/album/257982252
38,Akon,253246372,Intocable,2021-08-27,0,https://cdn-images.dzcdn.net/images/cover/24f27217557058f5ea36ae7857f969d5/250x250-000000-80-0-0.jpg,https://www.deezer.com/album/253246372
38,Akon,246557502,Con la Guitarra Mia,2021-07-23,0,https://cdn-images.dzcdn.net/images/cover/a23201d88023b56e7eb5872f80b90560/250x250-000000-80-0-0.jpg,https://www.deezer.com/album/246557502
38,Akon,240524702,Soñando,2021-07-20,0,https://cdn-images.dzcdn.net/images/cover/d586062ad426999f1e97bd4df42bf008/250x250-000000-80-0-0.jpg,https://www.deezer.com/album/240524702
38,Akon,238186672,Manejando,2021-06-18,0,https://cdn-images.dzcdn.net/images/cover/fabdd8cdc117594cf121627d9a7009e2/250x250-000000-80-0-0.jpg,https://www.deezer.com/album/238186672
38,Akon,142255592,Escape,2020-04-24,0,https://cdn-images.dzcdn.net/images/cover/57e2a08afe270616a4668f76e0dd10e8/250x250-000000-80-0-0.jpg,https://www.deezer.com/album/142255592
38,Akon,465647925,Disfraza,2019-12-06,0,https://cdn-images.dzcdn.net/images/cover/71637cae18edcc65b5ea04a89c4e7861/250x250-000000-80-0-0.jpg,https://www.deezer.com/album/465647925
38,Akon,266638142,Billin Billin,2019-11-22,0,https://cdn-images.dzcdn.net/images/cover/f95d2fcbe345508a64c684206b64f65a/250x250-000000-80-0-0.jpg,https://www.deezer.com/album/266638142
38,Akon,112624042,Celebration (feat. Ky-Mani Marley),2019-10-04,0,https://cdn-images.dzcdn.net/images/cover/b123d1ab516103275935fa7a8dd792f8/250x250-000000-80-0-0.jpg,https://www.deezer.com/album/112624042
38,Akon,103833442,Low Key,2019-07-19,0,https://cdn-images.dzcdn.net/images/cover/b82a897aeb1fffd4988bdccf6c085d3f/250x250-000000-80-0-0.jpg,https://www.deezer.com/album/103833442
38,Akon,103894372,Wakonda,2019-07-19,0,https://cdn-images.dzcdn.net/images/cover/aaba6ba0ac412ed6e2334751bfbde53c/250x250-000000-80-0-0.jpg,https://www.deezer.com/album/103894372
38,Akon,143820762,Inolvidable (Remix),2018-10-11,0,https://cdn-images.dzcdn.net/images/cover/eff412bc636b97ca16e73bbc76a449f5/250x250-000000-80-0-0.jpg,https://www.deezer.com/album/143820762
38,Akon,12378522,Good Girls Lie,2016-02-19,0,https://cdn-images.dzcdn.net/images/cover/48b05cb579e8ae91587f6086d8c4c59a/250x250-000000-80-0-0.jpg,https://www.deezer.com/album/12378522
38,Akon,12239334,Hypnotized,2016-01-29,0,https://cdn-images.dzcdn.net/images/cover/4a110e27c7bb02e379fedcfdaf731d77/250x250-000000-80-0-0.jpg,https://www.deezer.com/album/12239334
38,Akon,11909918,Want Some (feat. DJ Chose),2015-12-11,0,https://cdn-images.dzcdn.net/images/cover/f98b18923358fb4b52986da2719c8c62/250x250-000000-80-0-0.jpg,https://www.deezer.com/album/11909918
38,Akon,11718654,Stick Around,2015-11-20,0,https://cdn-images.dzcdn.net/images/cover/5fd6de15c63524a8e5a5c5a211e57a0b/250x250-000000-80-0-0.jpg,https://www.deezer.com/album/11718654
38,Akon,9898640,Gun Session - Single,2015-03-17,0,https://cdn-images.dzcdn.net/images/cover/8d3397a07f70d3ecfb8416934663d5f4/250x250-000000-80-0-0.jpg,https://www.deezer.com/album/9898640
38,Akon,7086350,So Blue,2013-11-11,0,https://cdn-images.dzcdn.net/images/cover/732ea3e3697c47c8db09f0dc2ee59424/250x250-000000-80-0-0.jpg,https://www.deezer.com/album/7086350
38,Akon,2284581,Hurt Somebody,2012-05-01,0,https://cdn-images.dzcdn.net/images/cover/9f3bcedde7f506f2e915e4d3847179eb/250x250-000000-80-0-0.jpg,https://www.deezer.com/album/2284581
38,Akon,6828335,Time Is Money,2011-04-10,0,https://cdn-images.dzcdn.net/images/cover/00806cbe101afc2f3ee40e385667b034/250x250-000000-80-0-0.jpg,https://www.deezer.com/album/6828335
38,Akon,925647,Plenty Mo' (Official German Remix),2011-03-29,0,https://cdn-images.dzcdn.net/images/cover/983a527f022cb188cf932db712f61c11/250x250-000000-80-0-0.jpg,https://www.deezer.com/album/925647
38,Akon,476152,Oh Africa (Pepsi Version),2010-01-31,0,https://cdn-images.dzcdn.net/images/cover/343e918d124d78c3af368e3b9372550e/250x250-000000-80-0-0.jpg,https://www.deezer.com/album/476152
38,Akon,664678,Angel,2010-09-17,0,https://cdn-images.dzcdn.net/images/cover/66c1563fb5c7f2217d05df231fc84235/250x250-000000-80-0-0.jpg,https://www.deezer.com/album/664678
38,Akon,7274981,All Up 2 You,2009-05-19,0,https://cdn-images.dzcdn.net/images/cover/171bb3dbb05e3e8107baf8c2598a1238/250x250-000000-80-0-0.jpg,https://www.deezer.com/album/7274981
38,Akon,338142,Beautiful,2009-04-13,0,https://cdn-images.dzcdn.net/images/cover/1c1d6f1424535b022ab059c84a8e6647/250x250-000000-80-0-0.jpg,https://www.deezer.com/album/338142
38,Akon,382948,Beautiful (Reggae Remix),2009-07-06,0,https://cdn-images.dzcdn.net/images/cover/a3d89c4c2cda688b32de6b97a96baa5d/250x250-000000-80-0-0.jpg,https://www.deezer.com/album/382948
38,Akon,45393241,What's Love,2008-11-07,0,https://cdn-images.dzcdn.net/images/cover/ef9c6cdc2fe1aa7503cdfaadc5de0ba8/250x250-000000-80-0-0.jpg,https://www.deezer.com/album/45393241
38,Akon,243557,What's Love,2008-10-31,0,https://cdn-images.dzcdn.net/images/cover/45dd130b4adaa738ae4fdd1a8c50c3a5/250x250-000000-80-0-0.jpg,https://www.deezer.com/album/243557
38,Akon,100366,I Can't Wait (UK Radio Edit),2008-05-05,0,https://cdn-images.dzcdn.net/images/cover/c11b36f705c9bea0fa83c42f61c9ffc9/250x250-000000-80-0-0.jpg,https://www.deezer.com/album/100366
38,Akon,109291,I Can't Wait,2008-06-23,0,https://cdn-images.dzcdn.net/images/cover/908ea63976606522d2450ead256e9a0e/250x250-000000-80-0-0.jpg,https://www.deezer.com/album/109291
38,Akon,231562,Right Now (Na Na Na),2008-10-25,0,https://cdn-images.dzcdn.net/images/cover/725982c442d170f660103084eef09d75/250x250-000000-80-0-0.jpg,https://www.deezer.com/album/231562
38,Akon,254152,I'm So Paid,2008-10-21,0,https://cdn-images.dzcdn.net/images/cover/5578472a4f7b4b47580392e3aa4206cb/250x250-000000-80-0-0.jpg,https://www.deezer.com/album/254152
38,Akon,259312,Right Now (Na Na Na),2008-01-01,0,https://cdn-images.dzcdn.net/images/cover/c3f2cf3cdf41b120fc142fa78779ece5/250x250-000000-80-0-0.jpg,https://www.deezer.com/album/259312
38,Akon,87723092,Don't Matter,2019-02-22,0,https://cdn-images.dzcdn.net/images/cover/a6b4086e7b5f55268c4a6609aa4c7976/250x250-000000-80-0-0.jpg,https://www.deezer.com/album/87723092
38,Akon,109248,I Wanna Love You (Live From Canal Room),2007-12-11,0,https://cdn-images.dzcdn.net/images/cover/4f247eae025975a94b8ed52007ae1f5a/250x250-000000-80-0-0.jpg,https://www.deezer.com/album/109248
38,Akon,118657,Don't Matter,2007-04-30,0,https://cdn-images.dzcdn.net/images/cover/b9b4a5a794f92950c62ba79a59e2c121/250x250-000000-80-0-0.jpg,https://www.deezer.com/album/118657
38,Akon,122725,I Wanna Love You,2007-01-29,0,https://cdn-images.dzcdn.net/images/cover/5d548b8c870f63b761607eea40748b26/250x250-000000-80-0-0.jpg,https://www.deezer.com/album/122725
38,Akon,123593,Mama Africa (UK Radio Edit),2007-06-18,0,https://cdn-images.dzcdn.net/images/cover/b1b55bf2aef673d3d7bff7e4c9c6dae6/250x250-000000-80-0-0.jpg,https://www.deezer.com/album/123593
38,Akon,124772,Smack That (NBA),2007-03-06,0,https://cdn-images.dzcdn.net/images/cover/97cc456d1893e775b25fdc34a3afabce/250x250-000000-80-0-0.jpg,https://www.deezer.com/album/124772
38,Akon,125052,"Sorry, Blame It On Me",2007-09-17,0,https://cdn-images.dzcdn.net/images/cover/b8fdb40355d2411800444cc2aa085526/250x250-000000-80-0-0.jpg,https://www.deezer.com/album/125052
38,Akon,202184,Survivor,2007-01-01,0,https://cdn-images.dzcdn.net/images/cover/58450f866276b0f576c7b4f610215b9c/250x250-000000-80-0-0.jpg,https://www.deezer.com/album/202184
38,Akon,124908,Smack That,2006-10-09,0,https://cdn-images.dzcdn.net/images/cover/8fdceab1167b1af2f2a699db8ed246ac/250x250-000000-80-0-0.jpg,https://www.deezer.com/album/124908
38,Akon,322538,Girls,2006-07-11,0,https://cdn-images.dzcdn.net/images/cover/1dde7f741d4decb709cefbb74629e38b/250x250-000000-80-0-0.jpg,https://www.deezer.com/album/322538
38,Akon,239153,Lonely,2005-04-25,0,https://cdn-images.dzcdn.net/images/cover/1f0c3940d55267dd837cfae7d95e4b3b/250x250-000000-80-0-0.jpg,https://www.deezer.com/album/239153
38,Akon,288019,Pot of Gold,2005-11-14,0,https://cdn-images.dzcdn.net/images/cover/84ee35e379509099c1114034e88adbd3/250x250-000000-80-0-0.jpg,https://www.deezer.com/album/288019
38,Akon,239635,Locked Up (UK Version),2005-01-24,0,https://cdn-images.dzcdn.net/images/cover/349ef842333e3a4732bd4f379ba5357b/250x250-000000-80-0-0.jpg,https://www.deezer.com/album/239635
38,Akon,217758,Bananza (Belly Dancer),2005-08-01,0,https://cdn-images.dzcdn.net/images/cover/76193a7c5a675f369015155ea4fb9d89/250x250-000000-80-0-0.jpg,https://www.deezer.com/album/217758
38,Akon,239829,Locked Up,2004-12-13,0,https://cdn-images.dzcdn.net/images/cover/0785f11cbd239c05ee7c5ef85e5fba11/250x250-000000-80-0-0.jpg,https://www.deezer.com/album/239829
38,Akon,671213,Locked Up (German I-Tunes Version),2004-01-01,0,https://cdn-images.dzcdn.net/images/cover/2b8f7b3f5ccdd33670c2883e26f52504/250x250-000000-80-0-0.jpg,https://www.deezer.com/album/671213
56094992,Omah lay,581336111,Boy Alone (Deluxe),2023-06-15,0,https://cdn-images.dzcdn.net/images/cover/fc81a1daef5228b3e31fb1f37bc1ad67/250x250-000000-80-0-0.jpg,https://www.deezer.com/album/581336111
56094992,Omah lay,331377927,Boy Alone,2022-07-15,0,https://cdn-images.dzcdn.net/images/cover/e51306cd0211b33a043b1fef073026e5/250x250-000000-80-0-0.jpg,https://www.deezer.com/album/331377927
56094992,Omah lay,804576141,What Have We Done,2020-11-20,0,https://cdn-images.dzcdn.net/images/cover/1db938d5ef699400ca470e302d3e8b29/250x250-000000-80-0-0.jpg,https://www.deezer.com/album/804576141
56094992,Omah lay,169170952,Get Layd,2020-05-22,0,https://cdn-images.dzcdn.net/images/cover/c9d87c5a3f02efbf52b0a27d553f1a87/250x250-000000-80-0-0.jpg,https://www.deezer.com/album/169170952
56094992,Omah lay,822118131,Isaka Dance,2025-09-11,0,https://cdn-images.dzcdn.net/images/cover/96285e400b244cd94263a730ef234368/250x250-000000-80-0-0.jpg,https://www.deezer.com/album/822118131
56094992,Omah lay,811292261,"Isaka II (6am) [with Tems, Omah Lay, Thukuthela, Jazzworx, Lekaa Beats]",2025-08-28,0,https://cdn-images.dzcdn.net/images/cover/d015c74bed325b8928343913858fb3c2/250x250-000000-80-0-0.jpg,https://www.deezer.com/album/811292261
56094992,Omah lay,788969751,With You (feat. Omah Lay) (MoBlack Remix),2025-08-15,0,https://cdn-images.dzcdn.net/images/cover/d5f017ed62f7dae6668b17279f20f2bc/250x250-000000-80-0-0.jpg,https://www.deezer.com/album/788969751
56094992,Omah lay,754022281,reason,2025-04-26,0,https://cdn-images.dzcdn.net/images/cover/9822cb0bbdc39933be33747dcb4edb90/250x250-000000-80-0-0.jpg,https://www.deezer.com/album/754022281
56094992,Omah lay,726344591,NEVER LET YOU GO,2025-03-05,0,https://cdn-images.dzcdn.net/images/cover/a351ffb7adc2679756a548c4f12090f6/250x250-000000-80-0-0.jpg,https://www.deezer.com/album/726344591
56094992,Omah lay,669337661,One Call (feat. Tyla) (TMXO Remix),2024-11-15,0,https://cdn-images.dzcdn.net/images/cover/f2800e9a03c1ac5856a276032c027b79/250x250-000000-80-0-0.jpg,https://www.deezer.com/album/669337661
56094992,Omah lay,649117611,Moving (Francis Mercier Remix),2024-10-11,0,https://cdn-images.dzcdn.net/images/cover/fd9a0fe119de733e2dff8e0190192c0f/250x250-000000-80-0-0.jpg,https://www.deezer.com/album/649117611
56094992,Omah lay,791730501,Moving (Francis Mercier Extended Mix),2024-10-11,0,https://cdn-images.dzcdn.net/images/cover/002acba53623e8f3560d7922c08c0e23/250x250-000000-80-0-0.jpg,https://www.deezer.com/album/791730501
56094992,Omah lay,624095191,Moving,2024-08-23,0,https://cdn-images.dzcdn.net/images/cover/f913fed89932ceb56f7809aa7f811c0c/250x250-000000-80-0-0.jpg,https://www.deezer.com/album/624095191
56094992,Omah lay,645207311,soso (JOSEPH Remix),2024-08-21,0,https://cdn-images.dzcdn.net/images/cover/04b6e8b274a4811cf79227bef45a22b5/250x250-000000-80-0-0.jpg,https://www.deezer.com/album/645207311
56094992,Omah lay,612561002,ONE CALL,2024-07-19,0,https://cdn-images.dzcdn.net/images/cover/123ef2136ee6d90d14ae951c39f9afe6/250x250-000000-80-0-0.jpg,https://www.deezer.com/album/612561002
56094992,Omah lay,580178851,My Dealer,2024-05-17,0,https://cdn-images.dzcdn.net/images/cover/aaa4960d22af1e2e24af2d80c99594b6/250x250-000000-80-0-0.jpg,https://www.deezer.com/album/580178851
56094992,Omah lay,558682922,Holy Ghost (Martin Solveig Remix),2024-03-08,0,https://cdn-images.dzcdn.net/images/cover/0b410a0524b8853a32efbb87099f06ca/250x250-000000-80-0-0.jpg,https://www.deezer.com/album/558682922
56094992,Omah lay,554862362,Holy Ghost (Martin Solveig Extended Remix),2024-03-07,0,https://cdn-images.dzcdn.net/images/cover/0b410a0524b8853a32efbb87099f06ca/250x250-000000-80-0-0.jpg,https://www.deezer.com/album/554862362
56094992,Omah lay,521148892,HOLY GHOST (Deejay SK Remix),2023-12-15,0,https://cdn-images.dzcdn.net/images/cover/87f9ec7366baf09b7c4dd2f786113dc8/250x250-000000-80-0-0.jpg,https://www.deezer.com/album/521148892
56094992,Omah lay,505681801,Holy Ghost,2023-11-09,0,https://cdn-images.dzcdn.net/images/cover/5b4fd7e67b985be9489dbf58dc74497b/250x250-000000-80-0-0.jpg,https://www.deezer.com/album/505681801
56094992,Omah lay,458660485,Bad,2023-06-28,0,https://cdn-images.dzcdn.net/images/cover/7b49d51e89ff07824c8c62043775a2ab/250x250-000000-80-0-0.jpg,https://www.deezer.com/album/458660485
56094992,Omah lay,533856062,soso,2024-01-12,0,https://cdn-images.dzcdn.net/images/cover/9c023453d30b0dff32ba4252f81df42f/250x250-000000-80-0-0.jpg,https://www.deezer.com/album/533856062
56094992,Omah lay,440589297,soso (with Ozuna),2023-05-18,0,https://cdn-images.dzcdn.net/images/cover/ce6ce639a409b3f5cd2aac1f24317b8d/250x250-000000-80-0-0.jpg,https://www.deezer.com/album/440589297
56094992,Omah lay,727766341,Soweto,2023-04-28,0,https://cdn-images.dzcdn.net/images/cover/a25714b3f17b417ed268029ddab53e76/250x250-000000-80-0-0.jpg,https://www.deezer.com/album/727766341
56094992,Omah lay,443371375,"Sofa Silahlane (feat. Nkosazana Daughter, Lowsheen) (Remix)",2022-12-02,0,https://cdn-images.dzcdn.net/images/cover/eee1d39ae1bbfd850484257004b4a4c4/250x250-000000-80-0-0.jpg,https://www.deezer.com/album/443371375
56094992,Omah lay,375420547,Namek,2022-11-18,0,https://cdn-images.dzcdn.net/images/cover/aed5606a9b6dd1485de036b6852d08ce/250x250-000000-80-0-0.jpg,https://www.deezer.com/album/375420547
56094992,Omah lay,354062727,Philo,2022-09-22,0,https://cdn-images.dzcdn.net/images/cover/1bf6a908848c2b2af94e3dd83423b6b3/250x250-000000-80-0-0.jpg,https://www.deezer.com/album/354062727
56094992,Omah lay,354898767,i'm a mess (stripped),2022-09-16,0,https://cdn-images.dzcdn.net/images/cover/85e0eb13f60689789f73114fb0f36213/250x250-000000-80-0-0.jpg,https://www.deezer.com/album/354898767
56094992,Omah lay,339882407,Take It On (Sprite Limelight),2022-07-13,0,https://cdn-images.dzcdn.net/images/cover/5850c8b89e4f4726c16ef035da9edaf4/250x250-000000-80-0-0.jpg,https://www.deezer.com/album/339882407
56094992,Omah lay,326593087,Attention (with Justin Bieber) (Disclosure Remix),2022-06-17,0,https://cdn-images.dzcdn.net/images/cover/b60677dd25d9efc964b0ff380c2c74a5/250x250-000000-80-0-0.jpg,https://www.deezer.com/album/326593087
56094992,Omah lay,315481557,woman,2022-05-19,0,https://cdn-images.dzcdn.net/images/cover/1724f66c550648b497bd7ccec64b9179/250x250-000000-80-0-0.jpg,https://www.deezer.com/album/315481557
56094992,Omah lay,295886442,attention (with Justin Bieber),2022-03-03,0,https://cdn-images.dzcdn.net/images/cover/ae9663b409e03e98646161728b176979/250x250-000000-80-0-0.jpg,https://www.deezer.com/album/295886442
56094992,Omah lay,267294542,Free My Mind,2021-11-12,0,https://cdn-images.dzcdn.net/images/cover/f29cb71b391aa82400f19692ea6374d4/250x250-000000-80-0-0.jpg,https://www.deezer.com/album/267294542
56094992,Omah lay,791731911,Understand (AMÉMÉ Remix) (Extended Mix),2021-10-22,0,https://cdn-images.dzcdn.net/images/cover/f9e5939b4d42323c3aafb38f702d5b98/250x250-000000-80-0-0.jpg,https://www.deezer.com/album/791731911
56094992,Omah lay,261743282,Understand (AMÉMÉ Remix),2021-10-08,0,https://cdn-images.dzcdn.net/images/cover/5961f2794360020f57fb1970d1ee32a6/250x250-000000-80-0-0.jpg,https://www.deezer.com/album/261743282
56094992,Omah lay,236966612,understand,2021-07-08,0,https://cdn-images.dzcdn.net/images/cover/ebaba8c1ec645c396628a92f7aca871b/250x250-000000-80-0-0.jpg,https://www.deezer.com/album/236966612
56094992,Omah lay,212274222,Forever (Remix),2021-03-18,0,https://cdn-images.dzcdn.net/images/cover/ada9bcfee9900dd72f862562ae032550/250x250-000000-80-0-0.jpg,https://www.deezer.com/album/212274222
56094992,Omah lay,180694572,Damn (feat. 6lack),2020-11-06,0,https://cdn-images.dzcdn.net/images/cover/c8985a29f1a89506a1404f4db3e37ad4/250x250-000000-80-0-0.jpg,https://www.deezer.com/album/180694572
56094992,Omah lay,179231602,Damn (Cricket Remix),2020-10-16,0,https://cdn-images.dzcdn.net/images/cover/e5b4b8f46e89adf757a3133770aea42e/250x250-000000-80-0-0.jpg,https://www.deezer.com/album/179231602
56094992,Omah lay,804576081,Damn,2020-06-11,0,https://cdn-images.dzcdn.net/images/cover/a48258b3bc03bfed7c1f032a2e2c5fca/250x250-000000-80-0-0.jpg,https://www.deezer.com/album/804576081
56094992,Omah lay,168266002,Alternate Cuts,2020-05-10,0,https://cdn-images.dzcdn.net/images/cover/60c36d7e6edfae8e082e075af66a0357/250x250-000000-80-0-0.jpg,https://www.deezer.com/album/168266002
56094992,Omah lay,129095142,You,2020-02-14,0,https://cdn-images.dzcdn.net/images/cover/6622ab10c58f3ac69db8ff4a1da0fad1/250x250-000000-80-0-0.jpg,https://www.deezer.com/album/129095142
56094992,Omah lay,171501762,Bad Influence,2020-01-16,0,https://cdn-images.dzcdn.net/images/cover/d6f57120bb00604275f51640d4c03162/250x250-000000-80-0-0.jpg,https://www.deezer.com/album/171501762
56094992,Omah lay,96604752,Hello Brother,2019-05-11,0,https://cdn-images.dzcdn.net/images/cover/ef0cdba98ec2ded511a923054520c656/250x250-000000-80-0-0.jpg,https://www.deezer.com/album/96604752
56094992,Omah lay,93136832,Do Not Disturb,2019-04-09,0,https://cdn-images.dzcdn.net/images/cover/1b2bca57a7cfd3a6b2435783d6e810f1/250x250-000000-80-0-0.jpg,https://www.deezer.com/album/93136832
8114447,H.E.R.,237729492,Back of My Mind,2021-06-18,0,https://cdn-images.dzcdn.net/images/cover/fcf744b07812c23371ba8b9f24a4eaea/250x250-000000-80-0-0.jpg,https://www.deezer.com/album/237729492
8114447,H.E.R.,108612682,I Used To Know Her,2019-08-30,0,https://cdn-images.dzcdn.net/images/cover/b0b84cef7af7bfa2499cda1c3fff0028/250x250-000000-80-0-0.jpg,https://www.deezer.com/album/108612682
8114447,H.E.R.,49911462,H.E.R.,2017-10-20,0,https://cdn-images.dzcdn.net/images/cover/4dff56488d13d0b5e96d93d895c9624b/250x250-000000-80-0-0.jpg,https://www.deezer.com/album/49911462
8114447,H.E.R.,510947151,Lonely At The Top EP,2023-11-17,0,https://cdn-images.dzcdn.net/images/cover/97eb0aab44d059e2cfac9297d2d6733b/250x250-000000-80-0-0.jpg,https://www.deezer.com/album/510947151
8114447,H.E.R.,42932851,H.E.R. Volume 2,2017-06-16,0,https://cdn-images.dzcdn.net/images/cover/1118bbcb8ca405b3ac29d4ac575502e4/250x250-000000-80-0-0.jpg,https://www.deezer.com/album/42932851
8114447,H.E.R.,14002578,H.E.R. Volume 1,2016-09-09,0,https://cdn-images.dzcdn.net/images/cover/45e91577ecec5702af026eb5cecf1c5a/250x250-000000-80-0-0.jpg,https://www.deezer.com/album/14002578
8114447,H.E.R.,819898021,Move feat. H.E.R.,2025-09-25,0,https://cdn-images.dzcdn.net/images/cover/90ffa7808e1fdb9c8727a956d5034832/250x250-000000-80-0-0.jpg,https://www.deezer.com/album/819898021
8114447,H.E.R.,664477711,"Hold On (with John Mayer & Kenny Wilson) (Live at Crypto.com Arena, Los Angeles, CA, 9/24/2023)",2024-11-15,0,https://cdn-images.dzcdn.net/images/cover/7ea0d7a3f8cb2b160772a983ddac6b0d/250x250-000000-80-0-0.jpg,https://www.deezer.com/album/664477711
8114447,H.E.R.,581657112,He Loves Us Both (feat. H.E.R.),2024-05-16,0,https://cdn-images.dzcdn.net/images/cover/65a0c2ab0470d07e4c37e545281f123f/250x250-000000-80-0-0.jpg,https://www.deezer.com/album/581657112
8114447,H.E.R.,510863561,The Glass,2025-01-09,0,https://cdn-images.dzcdn.net/images/cover/3fb18a4fa5a068078546814fb5f19049/250x250-000000-80-0-0.jpg,https://www.deezer.com/album/510863561
8114447,H.E.R.,512603881,Lonely At The Top (Remix),2023-11-15,0,https://cdn-images.dzcdn.net/images/cover/7d37f8ea2f5cb25e4b001fd4268de197/250x250-000000-80-0-0.jpg,https://www.deezer.com/album/512603881
8114447,H.E.R.,438167877,The Journey,2025-01-09,0,https://cdn-images.dzcdn.net/images/cover/1e955276f3f42801b9c36f14121ad324/250x250-000000-80-0-0.jpg,https://www.deezer.com/album/438167877
8114447,H.E.R.,328127097,Dance To The Music (From 'Minions: The Rise of Gru' Soundtrack),2022-06-24,0,https://cdn-images.dzcdn.net/images/cover/49665fe8c9a47d62e493636bce5bb982/250x250-000000-80-0-0.jpg,https://www.deezer.com/album/328127097
8114447,H.E.R.,272522252,"Automatic Woman (from the ""Bruised"" Soundtrack)",2021-11-19,0,https://cdn-images.dzcdn.net/images/cover/3e75f81bbdccd1c92825a4e061c03a95/250x250-000000-80-0-0.jpg,https://www.deezer.com/album/272522252
8114447,H.E.R.,260683712,Blessed & Free,2021-09-30,0,https://cdn-images.dzcdn.net/images/cover/dce142856d5abb9fcfd6b1ab4858567d/250x250-000000-80-0-0.jpg,https://www.deezer.com/album/260683712
8114447,H.E.R.,258870962,Find A Way (feat. Lil Baby & Lil Durk),2021-09-17,0,https://cdn-images.dzcdn.net/images/cover/566ce2687f723e6714432ffe7cd8ba7b/250x250-000000-80-0-0.jpg,https://www.deezer.com/album/258870962
8114447,H.E.R.,237672942,My Own,2021-06-17,0,https://cdn-images.dzcdn.net/images/cover/529f6f75066f15dc71364b327f9794d8/250x250-000000-80-0-0.jpg,https://www.deezer.com/album/237672942
8114447,H.E.R.,235679112,We Made It,2021-06-11,0,https://cdn-images.dzcdn.net/images/cover/f83e49a7a5a16fa02a84a9c94bc38945/250x250-000000-80-0-0.jpg,https://www.deezer.com/album/235679112
8114447,H.E.R.,232729732,"Change (from the Netflix Series ""We The People"")",2021-06-04,0,https://cdn-images.dzcdn.net/images/cover/8c8d388b932f1675929f1c9f790de5c0/250x250-000000-80-0-0.jpg,https://www.deezer.com/album/232729732
8114447,H.E.R.,224016692,Come Through (feat. Chris Brown),2021-04-23,0,https://cdn-images.dzcdn.net/images/cover/cc60592b212ae12bf0d6164a0dc628de/250x250-000000-80-0-0.jpg,https://www.deezer.com/album/224016692
8114447,H.E.R.,214436702,Hold Us Together (Hope Mix),2021-03-19,0,https://cdn-images.dzcdn.net/images/cover/bf6927cd4941c78e36c2e532f8d8be1f/250x250-000000-80-0-0.jpg,https://www.deezer.com/album/214436702
8114447,H.E.R.,203523502,"Fight For You (From the Original Motion Picture ""Judas and the Black Messiah"")",2021-02-04,0,https://cdn-images.dzcdn.net/images/cover/af0412e9effb99305c6cb86093aacc6f/250x250-000000-80-0-0.jpg,https://www.deezer.com/album/203523502
8114447,H.E.R.,208177752,Damage (Joel Corry Remix),2021-02-03,0,https://cdn-images.dzcdn.net/images/cover/52e9ff2482aadea3088ee74c2c0ba80a/250x250-000000-80-0-0.jpg,https://www.deezer.com/album/208177752
8114447,H.E.R.,209628382,Damage (Justin Credible Remix),2021-02-02,0,https://cdn-images.dzcdn.net/images/cover/d3283600f205164e1a394b4e9aa5ad8d/250x250-000000-80-0-0.jpg,https://www.deezer.com/album/209628382
8114447,H.E.R.,197259932,Girl Like Me (feat. H.E.R.),2021-01-06,0,https://cdn-images.dzcdn.net/images/cover/7a22241de4f0195dfe38a855433a6aad/250x250-000000-80-0-0.jpg,https://www.deezer.com/album/197259932
8114447,H.E.R.,190994912,"Hold Us Together (From the Disney+ Original Motion Picture ""Safety"")",2020-12-11,0,https://cdn-images.dzcdn.net/images/cover/58a9f75fc2bd75039d2da58b376085ac/250x250-000000-80-0-0.jpg,https://www.deezer.com/album/190994912
8114447,H.E.R.,181679762,Hold On,2020-10-24,0,https://cdn-images.dzcdn.net/images/cover/bce55120f2c2208c123ec4b1d205a092/250x250-000000-80-0-0.jpg,https://www.deezer.com/album/181679762
8114447,H.E.R.,179342242,Damage,2020-10-21,0,https://cdn-images.dzcdn.net/images/cover/f6d96dc3bca082d459b1d7c80ac36cd5/250x250-000000-80-0-0.jpg,https://www.deezer.com/album/179342242
8114447,H.E.R.,158996272,Do To Me,2020-07-08,0,https://cdn-images.dzcdn.net/images/cover/74cf9a92965f88d4ddd5333cbed476c9/250x250-000000-80-0-0.jpg,https://www.deezer.com/album/158996272
8114447,H.E.R.,155305522,I Can't Breathe,2020-06-19,0,https://cdn-images.dzcdn.net/images/cover/7ecf4b234e60b97f97dff5b3bdab1d93/250x250-000000-80-0-0.jpg,https://www.deezer.com/album/155305522
8114447,H.E.R.,143225522,Wrong Places (from Songland),2020-04-26,0,https://cdn-images.dzcdn.net/images/cover/79ac9329cfc21cbcd41b1d009f7c8313/250x250-000000-80-0-0.jpg,https://www.deezer.com/album/143225522
8114447,H.E.R.,138656982,Slide (Live At VEVO),2020-04-03,0,https://cdn-images.dzcdn.net/images/cover/761a5c160a91e12941fecb2cf4541003/250x250-000000-80-0-0.jpg,https://www.deezer.com/album/138656982
8114447,H.E.R.,129680262,Comfortable,2020-02-05,0,https://cdn-images.dzcdn.net/images/cover/0cae3c28ccb69ee77caf3ae716dfb7a2/250x250-000000-80-0-0.jpg,https://www.deezer.com/album/129680262
8114447,H.E.R.,128479992,Sometimes,2020-01-26,0,https://cdn-images.dzcdn.net/images/cover/2aa79cc4fc66a9e580626465fe789952/250x250-000000-80-0-0.jpg,https://www.deezer.com/album/128479992
8114447,H.E.R.,126339832,"Slide (Remix) (feat. Pop Smoke, A Boogie Wit da Hoodie & Chris Brown) (feat. Pop Smoke)",2020-01-17,0,https://cdn-images.dzcdn.net/images/cover/9861b5e3db3518a2483191c6d2e61d0a/250x250-000000-80-0-0.jpg,https://www.deezer.com/album/126339832
8114447,H.E.R.,126485132,Slow Down (Acoustic),2020-01-17,0,https://cdn-images.dzcdn.net/images/cover/aabb017e127f93edd1f4c8f18810bf20/250x250-000000-80-0-0.jpg,https://www.deezer.com/album/126485132
8114447,H.E.R.,509991311,Christmas Time Is Here,2025-01-09,0,https://cdn-images.dzcdn.net/images/cover/c0fe19185753eef63f5385d8eb069bf4/250x250-000000-80-0-0.jpg,https://www.deezer.com/album/509991311
8114447,H.E.R.,112308412,Slide,2025-01-11,0,https://cdn-images.dzcdn.net/images/cover/25018e190a02ff2c6fd4a54ea4d668f6/250x250-000000-80-0-0.jpg,https://www.deezer.com/album/112308412
8114447,H.E.R.,108604762,Make It Rain - Live at Austin City Limits,2019-08-29,0,https://cdn-images.dzcdn.net/images/cover/8f37b8d19a80e4ba1f59c475453b6509/250x250-000000-80-0-0.jpg,https://www.deezer.com/album/108604762
8114447,H.E.R.,105093232,21,2019-07-26,0,https://cdn-images.dzcdn.net/images/cover/6ca68e83f89bd4125aae8c3240a9b4d9/250x250-000000-80-0-0.jpg,https://www.deezer.com/album/105093232
8114447,H.E.R.,99969122,Racks (feat. YBN Cordae),2019-06-25,0,https://cdn-images.dzcdn.net/images/cover/e5ce66778dca9918fc04d437272db4d3/250x250-000000-80-0-0.jpg,https://www.deezer.com/album/99969122
8114447,H.E.R.,88332482,Hard Place (Single Version),2019-02-25,0,https://cdn-images.dzcdn.net/images/cover/90d3c7be18a2f8b9cf701d165a0a5394/250x250-000000-80-0-0.jpg,https://www.deezer.com/album/88332482
8114447,H.E.R.,85564722,Could've Been (Remix) (feat. Tone Stith),2019-02-01,0,https://cdn-images.dzcdn.net/images/cover/1c5040587a4637757676852aa9f2337e/250x250-000000-80-0-0.jpg,https://www.deezer.com/album/85564722
8114447,H.E.R.,86237682,"Think (From the Motion Picture ""What Men Want"")",2019-01-31,0,https://cdn-images.dzcdn.net/images/cover/b4c875dbac3c58871e1be3dc5d7c6b9b/250x250-000000-80-0-0.jpg,https://www.deezer.com/album/86237682
8114447,H.E.R.,109789382,Hard Place,2018-11-02,0,https://cdn-images.dzcdn.net/images/cover/90d3c7be18a2f8b9cf701d165a0a5394/250x250-000000-80-0-0.jpg,https://www.deezer.com/album/109789382
8114447,H.E.R.,62760842,Focus (feat. Chris Brown) (DJ Envy Remix),2018-05-04,0,https://cdn-images.dzcdn.net/images/cover/faa17ba2d0b9abbb75161f4504a8b6d1/250x250-000000-80-0-0.jpg,https://www.deezer.com/album/62760842
8114447,H.E.R.,54293742,My Song,2018-01-02,0,https://cdn-images.dzcdn.net/images/cover/8eba68542635659f0d5284bbd2227298/250x250-000000-80-0-0.jpg,https://www.deezer.com/album/54293742
8114447,H.E.R.,49533202,2,2017-10-13,0,https://cdn-images.dzcdn.net/images/cover/4dff56488d13d0b5e96d93d895c9624b/250x250-000000-80-0-0.jpg,https://www.deezer.com/album/49533202
8114447,H.E.R.,14904591,Pigment,2016-12-23,0,https://cdn-images.dzcdn.net/images/cover/23f511b72b083ec1d26a8e79c484d4b9/250x250-000000-80-0-0.jpg,https://www.deezer.com/album/14904591
2395,Wyclef Jean,814711951,Carnival III: The Fall and Rise of a Refugee,2017-09-15,0,https://cdn-images.dzcdn.net/images/cover/6c2a49c09a0be2745cbecf549ca8e8f4/250x250-000000-80-0-0.jpg,https://www.deezer.com/album/814711951
2395,Wyclef Jean,15057279,J'ouvert (Deluxe Edition),2017-02-03,0,https://cdn-images.dzcdn.net/images/cover/97fe374b1742e0ce1e4bcb8861b7bf55/250x250-000000-80-0-0.jpg,https://www.deezer.com/album/15057279
2395,Wyclef Jean,13303987,My Girl (Remixes),2016-06-10,0,https://cdn-images.dzcdn.net/images/cover/1c9c8d7584911a71341ad31a04ba836b/250x250-000000-80-0-0.jpg,https://www.deezer.com/album/13303987
2395,Wyclef Jean,7688847,April Showers,2014-04-21,0,https://cdn-images.dzcdn.net/images/cover/c51fcf8d9c899f15d700015ea4e6b7c3/250x250-000000-80-0-0.jpg,https://www.deezer.com/album/7688847
2395,Wyclef Jean,338572597,"From the Hut, to the Projects to the Mansion (DJ Drama Presents Wyclef Jean a.k.a. Toussaint St. Jean)",2009-11-10,0,https://cdn-images.dzcdn.net/images/cover/01942e84e51708401f364ca628a30bd8/250x250-000000-80-0-0.jpg,https://www.deezer.com/album/338572597
2395,Wyclef Jean,780403561,"Wyclef Goes Back to School, Vol. 1",2019-03-08,0,https://cdn-images.dzcdn.net/images/cover/e415bf548f3daf87d574998e922e8d40/250x250-000000-80-0-0.jpg,https://www.deezer.com/album/780403561
2395,Wyclef Jean,1206246,CARNIVAL VOL. II Memoirs of an Immigrant,2007-11-19,0,https://cdn-images.dzcdn.net/images/cover/b986b2f1d3fa50a5a8a9402cd273af0d/250x250-000000-80-0-0.jpg,https://www.deezer.com/album/1206246
2395,Wyclef Jean,1454577,The Preacher's Son,2003-10-15,0,https://cdn-images.dzcdn.net/images/cover/0e349c0111d0221b94e47c498c3abaac/250x250-000000-80-0-0.jpg,https://www.deezer.com/album/1454577
2395,Wyclef Jean,6946812,Masquerade,2002-05-21,0,https://cdn-images.dzcdn.net/images/cover/a6f59387e7ed96e2e7ea947f569822ab/250x250-000000-80-0-0.jpg,https://www.deezer.com/album/6946812
2395,Wyclef Jean,98609,The Ecleftic -2 Sides II A Book,2000-05-01,0,https://cdn-images.dzcdn.net/images/cover/a87c6cf419f435e65403d8cfc7d71801/250x250-000000-80-0-0.jpg,https://www.deezer.com/album/98609
2395,Wyclef Jean,111839,Wyclef Jean presents The Carnival featuring Refugee Allstars (feat. Refugee All Stars),1997-04-22,0,https://cdn-images.dzcdn.net/images/cover/5d4c52d80296da699aaefbd44d43e400/250x250-000000-80-0-0.jpg,https://www.deezer.com/album/111839
2395,Wyclef Jean,61516732,The Carnival Extras - EP,2018-06-08,0,https://cdn-images.dzcdn.net/images/cover/c08b0892ac6e7265b674d47822b35f96/250x250-000000-80-0-0.jpg,https://www.deezer.com/album/61516732
2395,Wyclef Jean,62641392,Cheated (To All the Girls) - EP,2018-06-15,0,https://cdn-images.dzcdn.net/images/cover/59af9ca19563a80ee4d41931f90b01c5/250x250-000000-80-0-0.jpg,https://www.deezer.com/album/62641392
2395,Wyclef Jean,62647712,Guantanamera - EP,2018-06-22,0,https://cdn-images.dzcdn.net/images/cover/4de0f41f732c87b6bcb578ac243f2d56/250x250-000000-80-0-0.jpg,https://www.deezer.com/album/62647712
2395,Wyclef Jean,1440991,CARNIVAL VOL. II...Memoirs of an Immigrant - EP,2007-09-25,0,https://cdn-images.dzcdn.net/images/cover/e0efc771dd8a914dbd90e5aa139e39e3/250x250-000000-80-0-0.jpg,https://www.deezer.com/album/1440991
2395,Wyclef Jean,1465915,911,2000-11-10,0,https://cdn-images.dzcdn.net/images/cover/286a42d8a8a65551989a42607cfe18b5/250x250-000000-80-0-0.jpg,https://www.deezer.com/album/1465915
2395,Wyclef Jean,322586,Love Me Now,2000-04-24,0,https://cdn-images.dzcdn.net/images/cover/a5bc2bc3205dc028befc9b62bf17cf2d/250x250-000000-80-0-0.jpg,https://www.deezer.com/album/322586
2395,Wyclef Jean,1455774,It Doesn't Matter,2000-07-11,0,https://cdn-images.dzcdn.net/images/cover/09d245ef842fe0fa1b0c2ab98ff73750/250x250-000000-80-0-0.jpg,https://www.deezer.com/album/1455774
2395,Wyclef Jean,56613112,Gone Till November - EP,2018-02-07,0,https://cdn-images.dzcdn.net/images/cover/0201c9aacef4cddf4ce89c23edc5a288/250x250-000000-80-0-0.jpg,https://www.deezer.com/album/56613112
2395,Wyclef Jean,61516722,We Trying to Stay Alive - EP,2018-06-01,0,https://cdn-images.dzcdn.net/images/cover/920fec722c34871ac0ec13eb44fbb2ef/250x250-000000-80-0-0.jpg,https://www.deezer.com/album/61516722
2395,Wyclef Jean,805848311,Back From Abu Dhabi (feat. French Montana & Rick Ross),2025-09-19,0,https://cdn-images.dzcdn.net/images/cover/cfcb4585ecbb058dc481425eb6f46cf5/250x250-000000-80-0-0.jpg,https://www.deezer.com/album/805848311
2395,Wyclef Jean,780427171,Voye Dlo,2025-06-13,0,https://cdn-images.dzcdn.net/images/cover/f4efcaa7105b41758225e999c197e948/250x250-000000-80-0-0.jpg,https://www.deezer.com/album/780427171
2395,Wyclef Jean,780434891,Immortal,2025-06-13,0,https://cdn-images.dzcdn.net/images/cover/4771f3b4f210c63a9007c7570af477d3/250x250-000000-80-0-0.jpg,https://www.deezer.com/album/780434891
2395,Wyclef Jean,780435891,Justice,2025-06-13,0,https://cdn-images.dzcdn.net/images/cover/0d2a6ee28bbd79b58009827cb7fcdabd/250x250-000000-80-0-0.jpg,https://www.deezer.com/album/780435891
2395,Wyclef Jean,780473701,Baba,2025-06-13,0,https://cdn-images.dzcdn.net/images/cover/de844840d40abbff6805736b2aa73977/250x250-000000-80-0-0.jpg,https://www.deezer.com/album/780473701
2395,Wyclef Jean,780435861,Distance,2025-06-12,0,https://cdn-images.dzcdn.net/images/cover/7c227fec58407d46bb9dac48ef0b627f/250x250-000000-80-0-0.jpg,https://www.deezer.com/album/780435861
2395,Wyclef Jean,276220382,Vanilla Sky (Queens Mix),2021-12-06,0,https://cdn-images.dzcdn.net/images/cover/f8df25a04fea90013d619e4dd9fd4158/250x250-000000-80-0-0.jpg,https://www.deezer.com/album/276220382
2395,Wyclef Jean,827890271,"Refugee Sound Presents Wyclef Jean and King Bubba Fm ""Dog Bite""",2021-12-03,0,https://cdn-images.dzcdn.net/images/cover/4c2ed11748a303d004a3c1613bf45a61/250x250-000000-80-0-0.jpg,https://www.deezer.com/album/827890271
2395,Wyclef Jean,830633251,Is This Love (Amazon Original),2021-02-05,0,https://cdn-images.dzcdn.net/images/cover/e699ba10c5092ea7621b4d6d9b5cc427/250x250-000000-80-0-0.jpg,https://www.deezer.com/album/830633251
2395,Wyclef Jean,780323511,Black Owned Friday,2020-11-22,0,https://cdn-images.dzcdn.net/images/cover/a288f6b9604f36460299f3ee98d94921/250x250-000000-80-0-0.jpg,https://www.deezer.com/album/780323511
2395,Wyclef Jean,781884501,Vibez (A #BlackOwnedFriday Jingle),2020-11-22,0,https://cdn-images.dzcdn.net/images/cover/7f4cc468bab0566d4133d8a9600d82c2/250x250-000000-80-0-0.jpg,https://www.deezer.com/album/781884501
2395,Wyclef Jean,780575701,JuJu,2020-11-17,0,https://cdn-images.dzcdn.net/images/cover/ce6f1c2d196b911678923e3c4baa575c/250x250-000000-80-0-0.jpg,https://www.deezer.com/album/780575701
2395,Wyclef Jean,829520511,Sweat Rip Drip,2020-10-22,0,https://cdn-images.dzcdn.net/images/cover/f8aa1a71a9f5f3154e0563a062055f55/250x250-000000-80-0-0.jpg,https://www.deezer.com/album/829520511
2395,Wyclef Jean,171152612,Love Theory (Remix),2020-09-10,0,https://cdn-images.dzcdn.net/images/cover/6a60c7a50fb39a36c61b940cf74f4785/250x250-000000-80-0-0.jpg,https://www.deezer.com/album/171152612
2395,Wyclef Jean,373749697,"Jam in the Van - Wyclef Jean (Live Session, Austin, TX, 2019)",2019-04-12,0,https://cdn-images.dzcdn.net/images/cover/a6597d1fea2d2efa39e0fb3f31cd98d0/250x250-000000-80-0-0.jpg,https://www.deezer.com/album/373749697
2395,Wyclef Jean,781884431,Baba,2019-02-22,0,https://cdn-images.dzcdn.net/images/cover/ea7093c4d0758636a97104e344a8b0a9/250x250-000000-80-0-0.jpg,https://www.deezer.com/album/781884431
2395,Wyclef Jean,780434811,Demons Enjoy,2019-02-15,0,https://cdn-images.dzcdn.net/images/cover/b0b8a1a598c415c60ccfdd6e02dd2087/250x250-000000-80-0-0.jpg,https://www.deezer.com/album/780434811
2395,Wyclef Jean,61232722,All Or Nothing,2018-04-18,0,https://cdn-images.dzcdn.net/images/cover/fa620c16a3254195a36a8b5280d5efba/250x250-000000-80-0-0.jpg,https://www.deezer.com/album/61232722
2395,Wyclef Jean,58757972,I Pray,2018-04-13,0,https://cdn-images.dzcdn.net/images/cover/e16344bce49edf183c5085967ed76fb3/250x250-000000-80-0-0.jpg,https://www.deezer.com/album/58757972
2395,Wyclef Jean,58000382,Sak Kap Fet (feat. Kofi Black & Moira Mack),2018-03-01,0,https://cdn-images.dzcdn.net/images/cover/4c1dd8fa4bf332761a65729bae952c0a/250x250-000000-80-0-0.jpg,https://www.deezer.com/album/58000382
2395,Wyclef Jean,15175479,The Ring,2017-01-27,0,https://cdn-images.dzcdn.net/images/cover/6e27f93d53afb8490ae572489be5bb3e/250x250-000000-80-0-0.jpg,https://www.deezer.com/album/15175479
2395,Wyclef Jean,15150301,Ne Me Quitte Pas,2017-01-23,0,https://cdn-images.dzcdn.net/images/cover/dd9be87bf180373b70faf92abcb3c2fc/250x250-000000-80-0-0.jpg,https://www.deezer.com/album/15150301
2395,Wyclef Jean,15038993,I Swear (Acoutstic),2017-01-20,0,https://cdn-images.dzcdn.net/images/cover/3e9315174ed4e4b4fd3b90c4838e1a57/250x250-000000-80-0-0.jpg,https://www.deezer.com/album/15038993
2395,Wyclef Jean,15038995,Life Matters,2017-01-13,0,https://cdn-images.dzcdn.net/images/cover/e61c68d8bc4230f5afd531f8147f90cb/250x250-000000-80-0-0.jpg,https://www.deezer.com/album/15038995
2395,Wyclef Jean,15040777,Hendrix,2017-01-06,0,https://cdn-images.dzcdn.net/images/cover/fefa9e7b7b0ff34247fd0f79dd8b9672/250x250-000000-80-0-0.jpg,https://www.deezer.com/album/15040777
2395,Wyclef Jean,14359956,I Swear (feat. Young Thug),2016-11-01,0,https://cdn-images.dzcdn.net/images/cover/f3d0148e4128874f89f00a5a87f2ac22/250x250-000000-80-0-0.jpg,https://www.deezer.com/album/14359956
2395,Wyclef Jean,14269934,If I Was President 2016,2016-10-14,0,https://cdn-images.dzcdn.net/images/cover/602b3198a4c31ffd0e25121ff33a0047/250x250-000000-80-0-0.jpg,https://www.deezer.com/album/14269934
2395,Wyclef Jean,13619835,"Hendrix (Spanglish Remix) [feat. Farina, Bryant Myers & Anonimus] - Single",2016-08-01,0,https://cdn-images.dzcdn.net/images/cover/b03906a34323c71ca91989b64a8372d5/250x250-000000-80-0-0.jpg,https://www.deezer.com/album/13619835
2395,Wyclef Jean,13359043,My Girl (Dancehall Queen Remix) [feat. Nutron],2016-06-10,0,https://cdn-images.dzcdn.net/images/cover/fc0ea3e281f9c4edc3d5773232c602fd/250x250-000000-80-0-0.jpg,https://www.deezer.com/album/13359043
2395,Wyclef Jean,12869982,My Girl (feat. Sasha Mari) - Single,2016-04-14,0,https://cdn-images.dzcdn.net/images/cover/2b57d48d54fd5e029cc0a201183d3062/250x250-000000-80-0-0.jpg,https://www.deezer.com/album/12869982
2395,Wyclef Jean,343986697,Divine Sorrow (Klingande Remix),2015-02-03,0,https://cdn-images.dzcdn.net/images/cover/4db67c0fdb13fad16bfdc80e9d24915f/250x250-000000-80-0-0.jpg,https://www.deezer.com/album/343986697
2395,Wyclef Jean,344000327,Divine Sorrow,2014-11-24,0,https://cdn-images.dzcdn.net/images/cover/cf09b9e289ea34aa6cfd73434de80051/250x250-000000-80-0-0.jpg,https://www.deezer.com/album/344000327
2395,Wyclef Jean,6273177,Hip Hop,2013-01-18,0,https://cdn-images.dzcdn.net/images/cover/e03a17c1d94ea50d82bcacc8825bff03/250x250-000000-80-0-0.jpg,https://www.deezer.com/album/6273177
2395,Wyclef Jean,65778482,Election Time,2010-11-05,0,https://cdn-images.dzcdn.net/images/cover/5bb2dd66dd5f7d51623b8e713cb61e95/250x250-000000-80-0-0.jpg,https://www.deezer.com/album/65778482
2395,Wyclef Jean,491346,Hold On (Single Version featuring Mavado),2010-02-01,0,https://cdn-images.dzcdn.net/images/cover/99ee4789d8eaccb29ccea12cb1f7dcf2/250x250-000000-80-0-0.jpg,https://www.deezer.com/album/491346
2395,Wyclef Jean,5954540,Let Me Touch Your Button (feat. will.i.am & Melissa Jimenez) (Radio Edit),2008-09-16,0,https://cdn-images.dzcdn.net/images/cover/cb803b6d6aa2fb049be880320c3c00c9/250x250-000000-80-0-0.jpg,https://www.deezer.com/album/5954540
2395,Wyclef Jean,1223800,I'm Ready,2008-09-02,0,https://cdn-images.dzcdn.net/images/cover/dc591bfd4ca08483e1117b3b959087a2/250x250-000000-80-0-0.jpg,https://www.deezer.com/album/1223800
2395,Wyclef Jean,1223582,If I Was President,2008-07-15,0,https://cdn-images.dzcdn.net/images/cover/21c554f04c20bf23de7fc83675209ec6/250x250-000000-80-0-0.jpg,https://www.deezer.com/album/1223582
2395,Wyclef Jean,1453245,Fast Car,2008-05-05,0,https://cdn-images.dzcdn.net/images/cover/b5ecc3c8ba40b74e3d30cad4213cc133/250x250-000000-80-0-0.jpg,https://www.deezer.com/album/1453245
2395,Wyclef Jean,1388012,Sweetest Girl (Dollar Bill),2007-09-07,0,https://cdn-images.dzcdn.net/images/cover/0ef22108873a8a93991a8f5dff5e8c11/250x250-000000-80-0-0.jpg,https://www.deezer.com/album/1388012
2395,Wyclef Jean,71314,"Sweetest Girl (Dollar Bill) (feat. Akon, Lil' Wayne & Niia)",2007-08-14,0,https://cdn-images.dzcdn.net/images/cover/2a0fe3540c7fbb9f779c9e6cd12742c3/250x250-000000-80-0-0.jpg,https://www.deezer.com/album/71314
2395,Wyclef Jean,162850332,Party to Demascus - Remix (feat. Missy Elliott),2003-11-21,0,https://cdn-images.dzcdn.net/images/cover/8e8495791bcfd39c5498ee563056ddb9/250x250-000000-80-0-0.jpg,https://www.deezer.com/album/162850332
2395,Wyclef Jean,1211048,Party To Damascus,2003-08-19,0,https://cdn-images.dzcdn.net/images/cover/4be51a921638b15dca3f2b4a20d66fdc/250x250-000000-80-0-0.jpg,https://www.deezer.com/album/1211048
2395,Wyclef Jean,1464884,Pussycat,2002-11-04,0,https://cdn-images.dzcdn.net/images/cover/182e942d565249287bd64b5302f0bd36/250x250-000000-80-0-0.jpg,https://www.deezer.com/album/1464884
2395,Wyclef Jean,97769,Two Wrongs (feat. Claudette Ortiz),2002-07-16,0,https://cdn-images.dzcdn.net/images/cover/61be85786353212a75b8be4116a9e83f/250x250-000000-80-0-0.jpg,https://www.deezer.com/album/97769
2395,Wyclef Jean,1460831,Wish You Were Here,2001-12-03,0,https://cdn-images.dzcdn.net/images/cover/7808a95ad2b75a14dc7af6c8f1d32471/250x250-000000-80-0-0.jpg,https://www.deezer.com/album/1460831
2395,Wyclef Jean,1464863,Perfect Gentleman,2024-12-27,0,https://cdn-images.dzcdn.net/images/cover/c9e877be0e40e1a44032069864c9ff5f/250x250-000000-80-0-0.jpg,https://www.deezer.com/album/1464863
2395,Wyclef Jean,154807102,New Day,1999-10-04,0,https://cdn-images.dzcdn.net/images/cover/5f56ca72c7378af88e1f2767742e40c5/250x250-000000-80-0-0.jpg,https://www.deezer.com/album/154807102
